source_record_id,route_id,edition_heading,edition_panel_label,source_prefix_basis,catalogue_caption_label,catalogue_caption_scope,edition_parent_unit,edition_counting_unit,caption_dimensions,dimension_scope,classification,current_museum_accession_verified,physical_object_identity_certified,reading_adjudicated,source_license,source_attribution,locator_status,gorila_volume,gorila_printed_page,gorila_viewer_page,page_url,image_sha256
GO Wc 1a,v2-viewer-64,GO Wc 1,a,GO Wc 1 heading printed on this page,HM 83,Shared parent caption below panel a; page also presents panel b,GO Wc 1,LABELLED_PANEL_OF_ONE_EDITION_ENTRY,"3,50 × 3,50 × 1,00 cm",Parent caption below panel a; not a separate measurement of each panel,PRIMARY_EDITION_REPORTED,False,False,False,CC BY-NC-SA 4.0,"Ester Salgarella and Simon Castellan, SigLA, via Ryan Pavlicek/pyaegean; catalogue captions: Godart and Olivier, GORILA II",TARGET_HEADING_VISUALLY_CONFIRMED,2,2,64,https://cefael.efa.gr/detail.php?site_id=1&actionID=page&serie_id=EtCret&volume_number=21&issue_number=2&sp=64,78b5093aac10f8c280711369fcd588f6b7b78e192aca26ff6f73584eca6583f2
GO Wc 1b,v2-viewer-64,GO Wc 1,b,GO Wc 1 heading printed on this page,HM 83,Shared parent caption below panel a; page also presents panel b,GO Wc 1,LABELLED_PANEL_OF_ONE_EDITION_ENTRY,"3,50 × 3,50 × 1,00 cm",Parent caption below panel a; not a separate measurement of each panel,PRIMARY_EDITION_REPORTED,False,False,False,CC BY-NC-SA 4.0,"Ester Salgarella and Simon Castellan, SigLA, via Ryan Pavlicek/pyaegean; catalogue captions: Godart and Olivier, GORILA II",TARGET_HEADING_VISUALLY_CONFIRMED,2,2,64,https://cefael.efa.gr/detail.php?site_id=1&actionID=page&serie_id=EtCret&volume_number=21&issue_number=2&sp=64,78b5093aac10f8c280711369fcd588f6b7b78e192aca26ff6f73584eca6583f2
HT Wa 1001,v2-viewer-66,Wa 1001,,"HT inherited from Haghia Triada section; heading explicitly printed on consulted p. 5, source entry link preserves full HT identifier",HM 442.60,Caption beneath the individually labelled tracing,HT Wa 1001,INDIVIDUALLY_NUMBERED_EDITION_ENTRY,,NO_DIMENSION_CAPTION_IN_THIS_TARGET_PRESENTATION,PRIMARY_EDITION_REPORTED,False,False,False,CC BY-NC-SA 4.0,"Ester Salgarella and Simon Castellan, SigLA, via Ryan Pavlicek/pyaegean; catalogue captions: Godart and Olivier, GORILA II",TARGET_HEADING_VISUALLY_CONFIRMED,2,4,66,https://cefael.efa.gr/detail.php?site_id=1&actionID=page&serie_id=EtCret&volume_number=21&issue_number=2&sp=66,3a5fe35799805a1898df5ab5a72f3565bcd668d03b79a150715df548ffaf7319
HT Wa 1002,v2-viewer-66,Wa 1002,,"HT inherited from Haghia Triada section; heading explicitly printed on consulted p. 5, source entry link preserves full HT identifier",HM 445.1,Caption beneath the individually labelled tracing,HT Wa 1002,INDIVIDUALLY_NUMBERED_EDITION_ENTRY,,NO_DIMENSION_CAPTION_IN_THIS_TARGET_PRESENTATION,PRIMARY_EDITION_REPORTED,False,False,False,CC BY-NC-SA 4.0,"Ester Salgarella and Simon Castellan, SigLA, via Ryan Pavlicek/pyaegean; catalogue captions: Godart and Olivier, GORILA II",TARGET_HEADING_VISUALLY_CONFIRMED,2,4,66,https://cefael.efa.gr/detail.php?site_id=1&actionID=page&serie_id=EtCret&volume_number=21&issue_number=2&sp=66,3a5fe35799805a1898df5ab5a72f3565bcd668d03b79a150715df548ffaf7319
HT Wa 1003,v2-viewer-66,Wa 1003,,"HT inherited from Haghia Triada section; heading explicitly printed on consulted p. 5, source entry link preserves full HT identifier",HM 445.2,Caption beneath the individually labelled tracing,HT Wa 1003,INDIVIDUALLY_NUMBERED_EDITION_ENTRY,,NO_DIMENSION_CAPTION_IN_THIS_TARGET_PRESENTATION,PRIMARY_EDITION_REPORTED,False,False,False,CC BY-NC-SA 4.0,"Ester Salgarella and Simon Castellan, SigLA, via Ryan Pavlicek/pyaegean; catalogue captions: Godart and Olivier, GORILA II",TARGET_HEADING_VISUALLY_CONFIRMED,2,4,66,https://cefael.efa.gr/detail.php?site_id=1&actionID=page&serie_id=EtCret&volume_number=21&issue_number=2&sp=66,3a5fe35799805a1898df5ab5a72f3565bcd668d03b79a150715df548ffaf7319
HT Wa 1004,v2-viewer-66,Wa 1004,,"HT inherited from Haghia Triada section; heading explicitly printed on consulted p. 5, source entry link preserves full HT identifier",HM 445.3,Caption beneath the individually labelled tracing,HT Wa 1004,INDIVIDUALLY_NUMBERED_EDITION_ENTRY,,NO_DIMENSION_CAPTION_IN_THIS_TARGET_PRESENTATION,PRIMARY_EDITION_REPORTED,False,False,False,CC BY-NC-SA 4.0,"Ester Salgarella and Simon Castellan, SigLA, via Ryan Pavlicek/pyaegean; catalogue captions: Godart and Olivier, GORILA II",TARGET_HEADING_VISUALLY_CONFIRMED,2,4,66,https://cefael.efa.gr/detail.php?site_id=1&actionID=page&serie_id=EtCret&volume_number=21&issue_number=2&sp=66,3a5fe35799805a1898df5ab5a72f3565bcd668d03b79a150715df548ffaf7319
HT Wa 1005,v2-viewer-66,Wa 1005,,"HT inherited from Haghia Triada section; heading explicitly printed on consulted p. 5, source entry link preserves full HT identifier",HM 445.4,Caption beneath the individually labelled tracing,HT Wa 1005,INDIVIDUALLY_NUMBERED_EDITION_ENTRY,,NO_DIMENSION_CAPTION_IN_THIS_TARGET_PRESENTATION,PRIMARY_EDITION_REPORTED,False,False,False,CC BY-NC-SA 4.0,"Ester Salgarella and Simon Castellan, SigLA, via Ryan Pavlicek/pyaegean; catalogue captions: Godart and Olivier, GORILA II",TARGET_HEADING_VISUALLY_CONFIRMED,2,4,66,https://cefael.efa.gr/detail.php?site_id=1&actionID=page&serie_id=EtCret&volume_number=21&issue_number=2&sp=66,3a5fe35799805a1898df5ab5a72f3565bcd668d03b79a150715df548ffaf7319
HT Wa 1006,v2-viewer-67,Wa 1006,,"HT inherited from Haghia Triada section; heading explicitly printed on consulted p. 5, source entry link preserves full HT identifier",HM 444.1,Caption beneath the individually labelled tracing,HT Wa 1006,INDIVIDUALLY_NUMBERED_EDITION_ENTRY,,NO_DIMENSION_CAPTION_IN_THIS_TARGET_PRESENTATION,PRIMARY_EDITION_REPORTED,False,False,False,CC BY-NC-SA 4.0,"Ester Salgarella and Simon Castellan, SigLA, via Ryan Pavlicek/pyaegean; catalogue captions: Godart and Olivier, GORILA II",TARGET_HEADING_VISUALLY_CONFIRMED,2,5,67,https://cefael.efa.gr/detail.php?site_id=1&actionID=page&serie_id=EtCret&volume_number=21&issue_number=2&sp=67,50b7d56538819a601927e8bf4d953b50435f358309541a28295afa5e1e7102cf
HT Wa 1007,v2-viewer-67,Wa 1007,,"HT inherited from Haghia Triada section; heading explicitly printed on consulted p. 5, source entry link preserves full HT identifier",HM 444.2,Caption beneath the individually labelled tracing,HT Wa 1007,INDIVIDUALLY_NUMBERED_EDITION_ENTRY,,NO_DIMENSION_CAPTION_IN_THIS_TARGET_PRESENTATION,PRIMARY_EDITION_REPORTED,False,False,False,CC BY-NC-SA 4.0,"Ester Salgarella and Simon Castellan, SigLA, via Ryan Pavlicek/pyaegean; catalogue captions: Godart and Olivier, GORILA II",TARGET_HEADING_VISUALLY_CONFIRMED,2,5,67,https://cefael.efa.gr/detail.php?site_id=1&actionID=page&serie_id=EtCret&volume_number=21&issue_number=2&sp=67,50b7d56538819a601927e8bf4d953b50435f358309541a28295afa5e1e7102cf
HT Wa 1008,v2-viewer-67,Wa 1008,,"HT inherited from Haghia Triada section; heading explicitly printed on consulted p. 5, source entry link preserves full HT identifier",HM 444.3,Caption beneath the individually labelled tracing,HT Wa 1008,INDIVIDUALLY_NUMBERED_EDITION_ENTRY,,NO_DIMENSION_CAPTION_IN_THIS_TARGET_PRESENTATION,PRIMARY_EDITION_REPORTED,False,False,False,CC BY-NC-SA 4.0,"Ester Salgarella and Simon Castellan, SigLA, via Ryan Pavlicek/pyaegean; catalogue captions: Godart and Olivier, GORILA II",TARGET_HEADING_VISUALLY_CONFIRMED,2,5,67,https://cefael.efa.gr/detail.php?site_id=1&actionID=page&serie_id=EtCret&volume_number=21&issue_number=2&sp=67,50b7d56538819a601927e8bf4d953b50435f358309541a28295afa5e1e7102cf
HT Wa 1009,v2-viewer-67,Wa 1009,,"HT inherited from Haghia Triada section; heading explicitly printed on consulted p. 5, source entry link preserves full HT identifier",HM 444.4,Caption beneath the individually labelled tracing,HT Wa 1009,INDIVIDUALLY_NUMBERED_EDITION_ENTRY,,NO_DIMENSION_CAPTION_IN_THIS_TARGET_PRESENTATION,PRIMARY_EDITION_REPORTED,False,False,False,CC BY-NC-SA 4.0,"Ester Salgarella and Simon Castellan, SigLA, via Ryan Pavlicek/pyaegean; catalogue captions: Godart and Olivier, GORILA II",TARGET_HEADING_VISUALLY_CONFIRMED,2,5,67,https://cefael.efa.gr/detail.php?site_id=1&actionID=page&serie_id=EtCret&volume_number=21&issue_number=2&sp=67,50b7d56538819a601927e8bf4d953b50435f358309541a28295afa5e1e7102cf
HT Wa 1010,v2-viewer-67,Wa 1010,,"HT inherited from Haghia Triada section; heading explicitly printed on consulted p. 5, source entry link preserves full HT identifier",HM 444.5,Caption beneath the individually labelled tracing,HT Wa 1010,INDIVIDUALLY_NUMBERED_EDITION_ENTRY,,NO_DIMENSION_CAPTION_IN_THIS_TARGET_PRESENTATION,PRIMARY_EDITION_REPORTED,False,False,False,CC BY-NC-SA 4.0,"Ester Salgarella and Simon Castellan, SigLA, via Ryan Pavlicek/pyaegean; catalogue captions: Godart and Olivier, GORILA II",TARGET_HEADING_VISUALLY_CONFIRMED,2,5,67,https://cefael.efa.gr/detail.php?site_id=1&actionID=page&serie_id=EtCret&volume_number=21&issue_number=2&sp=67,50b7d56538819a601927e8bf4d953b50435f358309541a28295afa5e1e7102cf
HT Wa 1011,v2-viewer-67,Wa 1011,,"HT inherited from Haghia Triada section; heading explicitly printed on consulted p. 5, source entry link preserves full HT identifier",HM 444.6,Caption beneath the individually labelled tracing,HT Wa 1011,INDIVIDUALLY_NUMBERED_EDITION_ENTRY,,NO_DIMENSION_CAPTION_IN_THIS_TARGET_PRESENTATION,PRIMARY_EDITION_REPORTED,False,False,False,CC BY-NC-SA 4.0,"Ester Salgarella and Simon Castellan, SigLA, via Ryan Pavlicek/pyaegean; catalogue captions: Godart and Olivier, GORILA II",TARGET_HEADING_VISUALLY_CONFIRMED,2,5,67,https://cefael.efa.gr/detail.php?site_id=1&actionID=page&serie_id=EtCret&volume_number=21&issue_number=2&sp=67,50b7d56538819a601927e8bf4d953b50435f358309541a28295afa5e1e7102cf
HT Wa 1012,v2-viewer-67,Wa 1012,,"HT inherited from Haghia Triada section; heading explicitly printed on consulted p. 5, source entry link preserves full HT identifier",HM 444.7,Caption beneath the individually labelled tracing,HT Wa 1012,INDIVIDUALLY_NUMBERED_EDITION_ENTRY,,NO_DIMENSION_CAPTION_IN_THIS_TARGET_PRESENTATION,PRIMARY_EDITION_REPORTED,False,False,False,CC BY-NC-SA 4.0,"Ester Salgarella and Simon Castellan, SigLA, via Ryan Pavlicek/pyaegean; catalogue captions: Godart and Olivier, GORILA II",TARGET_HEADING_VISUALLY_CONFIRMED,2,5,67,https://cefael.efa.gr/detail.php?site_id=1&actionID=page&serie_id=EtCret&volume_number=21&issue_number=2&sp=67,50b7d56538819a601927e8bf4d953b50435f358309541a28295afa5e1e7102cf
HT Wa 1013,v2-viewer-67,Wa 1013,,"HT inherited from Haghia Triada section; heading explicitly printed on consulted p. 5, source entry link preserves full HT identifier",HM 486.3,Caption beneath the individually labelled tracing,HT Wa 1013,INDIVIDUALLY_NUMBERED_EDITION_ENTRY,,NO_DIMENSION_CAPTION_IN_THIS_TARGET_PRESENTATION,PRIMARY_EDITION_REPORTED,False,False,False,CC BY-NC-SA 4.0,"Ester Salgarella and Simon Castellan, SigLA, via Ryan Pavlicek/pyaegean; catalogue captions: Godart and Olivier, GORILA II",TARGET_HEADING_VISUALLY_CONFIRMED,2,5,67,https://cefael.efa.gr/detail.php?site_id=1&actionID=page&serie_id=EtCret&volume_number=21&issue_number=2&sp=67,50b7d56538819a601927e8bf4d953b50435f358309541a28295afa5e1e7102cf
HT Wa 1014,v2-viewer-68,Wa 1014,,"HT inherited from Haghia Triada section; heading explicitly printed on consulted p. 5, source entry link preserves full HT identifier",Pigorini 5,Caption beneath the individually labelled tracing,HT Wa 1014,INDIVIDUALLY_NUMBERED_EDITION_ENTRY,,NO_DIMENSION_CAPTION_IN_THIS_TARGET_PRESENTATION,PRIMARY_EDITION_REPORTED,False,False,False,CC BY-NC-SA 4.0,"Ester Salgarella and Simon Castellan, SigLA, via Ryan Pavlicek/pyaegean; catalogue captions: Godart and Olivier, GORILA II",TARGET_HEADING_VISUALLY_CONFIRMED,2,6,68,https://cefael.efa.gr/detail.php?site_id=1&actionID=page&serie_id=EtCret&volume_number=21&issue_number=2&sp=68,215ae0b723daacc8b4cc2870080f272159e2657e9f7b5cea5ae5eba69d5b5dff
HT Wa 1015,v2-viewer-68,Wa 1015,,"HT inherited from Haghia Triada section; heading explicitly printed on consulted p. 5, source entry link preserves full HT identifier",HM 446.1,Caption beneath the individually labelled tracing,HT Wa 1015,INDIVIDUALLY_NUMBERED_EDITION_ENTRY,,NO_DIMENSION_CAPTION_IN_THIS_TARGET_PRESENTATION,PRIMARY_EDITION_REPORTED,False,False,False,CC BY-NC-SA 4.0,"Ester Salgarella and Simon Castellan, SigLA, via Ryan Pavlicek/pyaegean; catalogue captions: Godart and Olivier, GORILA II",TARGET_HEADING_VISUALLY_CONFIRMED,2,6,68,https://cefael.efa.gr/detail.php?site_id=1&actionID=page&serie_id=EtCret&volume_number=21&issue_number=2&sp=68,215ae0b723daacc8b4cc2870080f272159e2657e9f7b5cea5ae5eba69d5b5dff
HT Wa 1016,v2-viewer-68,Wa 1016,,"HT inherited from Haghia Triada section; heading explicitly printed on consulted p. 5, source entry link preserves full HT identifier",HM 446.2,Caption beneath the individually labelled tracing,HT Wa 1016,INDIVIDUALLY_NUMBERED_EDITION_ENTRY,,NO_DIMENSION_CAPTION_IN_THIS_TARGET_PRESENTATION,PRIMARY_EDITION_REPORTED,False,False,False,CC BY-NC-SA 4.0,"Ester Salgarella and Simon Castellan, SigLA, via Ryan Pavlicek/pyaegean; catalogue captions: Godart and Olivier, GORILA II",TARGET_HEADING_VISUALLY_CONFIRMED,2,6,68,https://cefael.efa.gr/detail.php?site_id=1&actionID=page&serie_id=EtCret&volume_number=21&issue_number=2&sp=68,215ae0b723daacc8b4cc2870080f272159e2657e9f7b5cea5ae5eba69d5b5dff
HT Wa 1017,v2-viewer-68,Wa 1017,,"HT inherited from Haghia Triada section; heading explicitly printed on consulted p. 5, source entry link preserves full HT identifier",HM 446.3,Caption beneath the individually labelled tracing,HT Wa 1017,INDIVIDUALLY_NUMBERED_EDITION_ENTRY,,NO_DIMENSION_CAPTION_IN_THIS_TARGET_PRESENTATION,PRIMARY_EDITION_REPORTED,False,False,False,CC BY-NC-SA 4.0,"Ester Salgarella and Simon Castellan, SigLA, via Ryan Pavlicek/pyaegean; catalogue captions: Godart and Olivier, GORILA II",TARGET_HEADING_VISUALLY_CONFIRMED,2,6,68,https://cefael.efa.gr/detail.php?site_id=1&actionID=page&serie_id=EtCret&volume_number=21&issue_number=2&sp=68,215ae0b723daacc8b4cc2870080f272159e2657e9f7b5cea5ae5eba69d5b5dff
HT Wa 1018,v2-viewer-68,Wa 1018,,"HT inherited from Haghia Triada section; heading explicitly printed on consulted p. 5, source entry link preserves full HT identifier",HM 557.1,Caption beneath the individually labelled tracing,HT Wa 1018,INDIVIDUALLY_NUMBERED_EDITION_ENTRY,,NO_DIMENSION_CAPTION_IN_THIS_TARGET_PRESENTATION,PRIMARY_EDITION_REPORTED,False,False,False,CC BY-NC-SA 4.0,"Ester Salgarella and Simon Castellan, SigLA, via Ryan Pavlicek/pyaegean; catalogue captions: Godart and Olivier, GORILA II",TARGET_HEADING_VISUALLY_CONFIRMED,2,6,68,https://cefael.efa.gr/detail.php?site_id=1&actionID=page&serie_id=EtCret&volume_number=21&issue_number=2&sp=68,215ae0b723daacc8b4cc2870080f272159e2657e9f7b5cea5ae5eba69d5b5dff
ARKH 1a,v3-viewer-26,ARKH 1 a,a,Full ARKH/HS heading explicitly printed on target page,,NO_SINGLE_TARGET_INVENTORY_CAPTION_ON_THIS_PAGE,ARKH 1,LABELLED_FACE_OF_EDITION_PARENT,,NO_SINGLE_TARGET_DIMENSION_CAPTION_ON_THIS_PAGE,PRIMARY_EDITION_REPORTED,False,False,False,CC BY-NC-SA 4.0,"Ester Salgarella and Simon Castellan, SigLA, via Ryan Pavlicek/pyaegean; catalogue captions: Godart and Olivier, GORILA",TARGET_HEADING_VISUALLY_CONFIRMED,3,2,26,https://cefael.efa.gr/detail.php?site_id=1&actionID=page&serie_id=EtCret&volume_number=21&issue_number=3&sp=26,9b9076b801a970436dfb88a73f1077c16430e80d44be37094a3ed0384368cee0
ARKH 1b,v3-viewer-28,ARKH 1 b,b,Full ARKH/HS heading explicitly printed on target page,,NO_SINGLE_TARGET_INVENTORY_CAPTION_ON_THIS_PAGE,ARKH 1,LABELLED_FACE_OF_EDITION_PARENT,,NO_SINGLE_TARGET_DIMENSION_CAPTION_ON_THIS_PAGE,PRIMARY_EDITION_REPORTED,False,False,False,CC BY-NC-SA 4.0,"Ester Salgarella and Simon Castellan, SigLA, via Ryan Pavlicek/pyaegean; catalogue captions: Godart and Olivier, GORILA",TARGET_HEADING_VISUALLY_CONFIRMED,3,4,28,https://cefael.efa.gr/detail.php?site_id=1&actionID=page&serie_id=EtCret&volume_number=21&issue_number=3&sp=28,4b9d1fe2b2dcbafcd121c927b2f992fb99722d23ec4e52d98e033aea90058c91
ARKH 2,v3-viewer-30,ARKH 2,,Full ARKH/HS heading explicitly printed on target page,HM 1673,Target caption on this page,ARKH 2,INDIVIDUALLY_NUMBERED_EDITION_ENTRY,"4,90 × 7,50 × 0,70 cm",Target caption with brackets preserved,PRIMARY_EDITION_REPORTED,False,False,False,CC BY-NC-SA 4.0,"Ester Salgarella and Simon Castellan, SigLA, via Ryan Pavlicek/pyaegean; catalogue captions: Godart and Olivier, GORILA",TARGET_HEADING_VISUALLY_CONFIRMED,3,6,30,https://cefael.efa.gr/detail.php?site_id=1&actionID=page&serie_id=EtCret&volume_number=21&issue_number=3&sp=30,bb175cfa28ecba595f59f495b89264d35d41801e4b00f37bb00c3d258c8333aa
ARKH 3a,v3-viewer-32,ARKH 3 a,a,Full ARKH/HS heading explicitly printed on target page,HM 1675,Target caption on this page,ARKH 3,LABELLED_FACE_OF_EDITION_PARENT,"[5,50] × 10,10 × 1,25 cm",Target caption with brackets preserved,PRIMARY_EDITION_REPORTED,False,False,False,CC BY-NC-SA 4.0,"Ester Salgarella and Simon Castellan, SigLA, via Ryan Pavlicek/pyaegean; catalogue captions: Godart and Olivier, GORILA",TARGET_HEADING_VISUALLY_CONFIRMED,3,8,32,https://cefael.efa.gr/detail.php?site_id=1&actionID=page&serie_id=EtCret&volume_number=21&issue_number=3&sp=32,4503d5ff6ddf14c20b680eb6143c1e85348d66e42b88193b1e4b33d0d2cc8b1b
ARKH 3b,v3-viewer-34,ARKH 3 b,b,Full ARKH/HS heading explicitly printed on target page,,NO_SINGLE_TARGET_INVENTORY_CAPTION_ON_THIS_PAGE,ARKH 3,LABELLED_FACE_OF_EDITION_PARENT,,NO_SINGLE_TARGET_DIMENSION_CAPTION_ON_THIS_PAGE,PRIMARY_EDITION_REPORTED,False,False,False,CC BY-NC-SA 4.0,"Ester Salgarella and Simon Castellan, SigLA, via Ryan Pavlicek/pyaegean; catalogue captions: Godart and Olivier, GORILA",TARGET_HEADING_VISUALLY_CONFIRMED,3,10,34,https://cefael.efa.gr/detail.php?site_id=1&actionID=page&serie_id=EtCret&volume_number=21&issue_number=3&sp=34,18fd228aa0caa0d9d36a5426485e02130fa3e946ed764c2d0591f8ad09abceae
ARKH 4a,v3-viewer-36,ARKH 4 a,a,Full ARKH/HS heading explicitly printed on target page,HM 1670,Target caption on this page,ARKH 4,LABELLED_FACE_OF_EDITION_PARENT,"7,65 × [7,50] × 1,20 cm",Target caption with brackets preserved,PRIMARY_EDITION_REPORTED,False,False,False,CC BY-NC-SA 4.0,"Ester Salgarella and Simon Castellan, SigLA, via Ryan Pavlicek/pyaegean; catalogue captions: Godart and Olivier, GORILA",TARGET_HEADING_VISUALLY_CONFIRMED,3,12,36,https://cefael.efa.gr/detail.php?site_id=1&actionID=page&serie_id=EtCret&volume_number=21&issue_number=3&sp=36,eee66164abe7f88dfecef595aded35cad8c339f0218f9c7290464fa1859a4c1a
ARKH 4b,v3-viewer-38,ARKH 4 b,b,Full ARKH/HS heading explicitly printed on target page,,NO_SINGLE_TARGET_INVENTORY_CAPTION_ON_THIS_PAGE,ARKH 4,LABELLED_FACE_OF_EDITION_PARENT,,NO_SINGLE_TARGET_DIMENSION_CAPTION_ON_THIS_PAGE,PRIMARY_EDITION_REPORTED,False,False,False,CC BY-NC-SA 4.0,"Ester Salgarella and Simon Castellan, SigLA, via Ryan Pavlicek/pyaegean; catalogue captions: Godart and Olivier, GORILA",TARGET_HEADING_VISUALLY_CONFIRMED,3,14,38,https://cefael.efa.gr/detail.php?site_id=1&actionID=page&serie_id=EtCret&volume_number=21&issue_number=3&sp=38,47999d3179c4f91ac843e582c3bb68dfeddeb2e01f659eb1207a1b0159a4c297
ARKH 5,v3-viewer-40,ARKH 5,,Full ARKH/HS heading explicitly printed on target page,HM 1674,Target caption on this page,ARKH 5,INDIVIDUALLY_NUMBERED_EDITION_ENTRY,"7,80 × [5,70] × 1,20 cm",Target caption with brackets preserved,PRIMARY_EDITION_REPORTED,False,False,False,CC BY-NC-SA 4.0,"Ester Salgarella and Simon Castellan, SigLA, via Ryan Pavlicek/pyaegean; catalogue captions: Godart and Olivier, GORILA",TARGET_HEADING_VISUALLY_CONFIRMED,3,16,40,https://cefael.efa.gr/detail.php?site_id=1&actionID=page&serie_id=EtCret&volume_number=21&issue_number=3&sp=40,72e15886cc889214ba991583cebbe3ab3b53190203259444db0e35e4b816b65b
ARKH 6,v3-viewer-42,ARKH 6,,Full ARKH/HS heading explicitly printed on target page,HM 1671,Target caption on this page,ARKH 6,INDIVIDUALLY_NUMBERED_EDITION_ENTRY,"4,90 × [2,60] × 0,70 cm",Target caption with brackets preserved,PRIMARY_EDITION_REPORTED,False,False,False,CC BY-NC-SA 4.0,"Ester Salgarella and Simon Castellan, SigLA, via Ryan Pavlicek/pyaegean; catalogue captions: Godart and Olivier, GORILA",TARGET_HEADING_VISUALLY_CONFIRMED,3,18,42,https://cefael.efa.gr/detail.php?site_id=1&actionID=page&serie_id=EtCret&volume_number=21&issue_number=3&sp=42,ee7dcb5695c34d35512c0d45a54f93d6908a74823cc4581f0f4ed90a72328343
ARKH 7,v3-viewer-42,ARKH 7,,Full ARKH/HS heading explicitly printed on target page,HM 1672,Target caption on this page,ARKH 7,INDIVIDUALLY_NUMBERED_EDITION_ENTRY,"[2,20] × [4,30] × 0,70 cm",Target caption with brackets preserved,PRIMARY_EDITION_REPORTED,False,False,False,CC BY-NC-SA 4.0,"Ester Salgarella and Simon Castellan, SigLA, via Ryan Pavlicek/pyaegean; catalogue captions: Godart and Olivier, GORILA",TARGET_HEADING_VISUALLY_CONFIRMED,3,18,42,https://cefael.efa.gr/detail.php?site_id=1&actionID=page&serie_id=EtCret&volume_number=21&issue_number=3&sp=42,ee7dcb5695c34d35512c0d45a54f93d6908a74823cc4581f0f4ed90a72328343
HS Zg 1,v5-viewer-68,HS Zg 1,,Full ARKH/HS heading explicitly printed on target page,Sparte M. —,Target caption on this page,HS Zg 1,INDIVIDUALLY_NUMBERED_EDITION_ENTRY,,NO_SINGLE_TARGET_DIMENSION_CAPTION_ON_THIS_PAGE,PRIMARY_EDITION_REPORTED,False,False,False,CC BY-NC-SA 4.0,"Ester Salgarella and Simon Castellan, SigLA, via Ryan Pavlicek/pyaegean; catalogue captions: Godart and Olivier, GORILA",TARGET_HEADING_VISUALLY_CONFIRMED,5,16,68,https://cefael.efa.gr/detail.php?site_id=1&actionID=page&serie_id=EtCret&volume_number=21&issue_number=5&sp=68,a36d97a93b6e30ccde8992904499e8e55c95a0a11d51a461c41846583f4b544d
HT 1,v1-viewer-38,HT 1,,Full HT heading printed on target panel,HM 3,Target caption below drawing,HT 1,INDIVIDUALLY_NUMBERED_EDITION_ENTRY,"6,60 × 7,00 × 0,90 cm",Target caption; unknown component and brackets preserved,PRIMARY_EDITION_REPORTED,False,False,False,CC BY-NC-SA 4.0,"Ester Salgarella and Simon Castellan, SigLA, via Ryan Pavlicek/pyaegean; edition: Godart and Olivier, GORILA I",TARGET_HEADING_VISUALLY_CONFIRMED,1,2,38,https://cefael.efa.gr/detail.php?site_id=1&actionID=page&serie_id=EtCret&volume_number=21&issue_number=1&sp=38,d7bc53de35656024b01d8303b168a6d0f3e49cc5844646a703dafcdce69fe710
HT 100,v1-viewer-200,HT 100,,Full HT heading printed on target panel,HM 1306,Target caption below drawing,HT 100,INDIVIDUALLY_NUMBERED_EDITION_ENTRY,"7,50 × 10,00 × 0,90 cm",Target caption; unknown component and brackets preserved,PRIMARY_EDITION_REPORTED,False,False,False,CC BY-NC-SA 4.0,"Ester Salgarella and Simon Castellan, SigLA, via Ryan Pavlicek/pyaegean; edition: Godart and Olivier, GORILA I",TARGET_HEADING_VISUALLY_CONFIRMED,1,164,200,https://cefael.efa.gr/detail.php?site_id=1&actionID=page&serie_id=EtCret&volume_number=21&issue_number=1&sp=200,ab95d0c5c2ee144584e5d2247ed7f88f2f92f4d6d3f88a49f3a691dd997c7a9f
HT 101,v1-viewer-202,HT 101,,Full HT heading printed on target panel,HM 1308,Target caption below drawing,HT 101,INDIVIDUALLY_NUMBERED_EDITION_ENTRY,"4,90 × 7,40 × 1,00 cm",Target caption; unknown component and brackets preserved,PRIMARY_EDITION_REPORTED,False,False,False,CC BY-NC-SA 4.0,"Ester Salgarella and Simon Castellan, SigLA, via Ryan Pavlicek/pyaegean; edition: Godart and Olivier, GORILA I",TARGET_HEADING_VISUALLY_CONFIRMED,1,166,202,https://cefael.efa.gr/detail.php?site_id=1&actionID=page&serie_id=EtCret&volume_number=21&issue_number=1&sp=202,704c1e47b1a25e755129d8594d9a95c43b9f49b647d96795a19ee6093f77cc23
HT 102,v1-viewer-204,HT 102,,Full HT heading printed on target panel,HM 1310,Target caption below drawing,HT 102,INDIVIDUALLY_NUMBERED_EDITION_ENTRY,"6,10 × 7,00 × 1,00 cm",Target caption; unknown component and brackets preserved,PRIMARY_EDITION_REPORTED,False,False,False,CC BY-NC-SA 4.0,"Ester Salgarella and Simon Castellan, SigLA, via Ryan Pavlicek/pyaegean; edition: Godart and Olivier, GORILA I",TARGET_HEADING_VISUALLY_CONFIRMED,1,168,204,https://cefael.efa.gr/detail.php?site_id=1&actionID=page&serie_id=EtCret&volume_number=21&issue_number=1&sp=204,88b4d827509a896afb41daf2fc84442359c02057e4d4a661ca61e174d09739f6
HT 103,v1-viewer-206,HT 103,,Full HT heading printed on target panel,HM 1315,Target caption below drawing,HT 103,INDIVIDUALLY_NUMBERED_EDITION_ENTRY,"5,40 × 7,30 × 1,00 cm",Target caption; unknown component and brackets preserved,PRIMARY_EDITION_REPORTED,False,False,False,CC BY-NC-SA 4.0,"Ester Salgarella and Simon Castellan, SigLA, via Ryan Pavlicek/pyaegean; edition: Godart and Olivier, GORILA I",TARGET_HEADING_VISUALLY_CONFIRMED,1,170,206,https://cefael.efa.gr/detail.php?site_id=1&actionID=page&serie_id=EtCret&volume_number=21&issue_number=1&sp=206,5a21a0c6a1861647523d64126d4d3e7a1c3675ecfc0aec400d050945aeb2efa0
HT 104,v1-viewer-206,HT 104,,Full HT heading printed on target panel,HM 1317,Target caption below drawing,HT 104,INDIVIDUALLY_NUMBERED_EDITION_ENTRY,"4,30 × 7,60 × 0,80 cm",Target caption; unknown component and brackets preserved,PRIMARY_EDITION_REPORTED,False,False,False,CC BY-NC-SA 4.0,"Ester Salgarella and Simon Castellan, SigLA, via Ryan Pavlicek/pyaegean; edition: Godart and Olivier, GORILA I",TARGET_HEADING_VISUALLY_CONFIRMED,1,170,206,https://cefael.efa.gr/detail.php?site_id=1&actionID=page&serie_id=EtCret&volume_number=21&issue_number=1&sp=206,5a21a0c6a1861647523d64126d4d3e7a1c3675ecfc0aec400d050945aeb2efa0
HT 107,v1-viewer-210,HT 107,,Full HT heading printed on target panel,HM 1325,Target caption below drawing,HT 107,INDIVIDUALLY_NUMBERED_EDITION_ENTRY,"5,30 × [4,50] × [0,80] cm",Target caption; unknown component and brackets preserved,PRIMARY_EDITION_REPORTED,False,False,False,CC BY-NC-SA 4.0,"Ester Salgarella and Simon Castellan, SigLA, via Ryan Pavlicek/pyaegean; edition: Godart and Olivier, GORILA I",TARGET_HEADING_VISUALLY_CONFIRMED,1,174,210,https://cefael.efa.gr/detail.php?site_id=1&actionID=page&serie_id=EtCret&volume_number=21&issue_number=1&sp=210,01ed660f5f9748d119d1f91151d0deed1b33618ddd38dcba895b46d094793e4d
HT 108,v1-viewer-210,HT 108,,Full HT heading printed on target panel,HM 1326,Target caption below drawing,HT 108,INDIVIDUALLY_NUMBERED_EDITION_ENTRY,"4,90 × [5,70] × 0,90 cm",Target caption; unknown component and brackets preserved,PRIMARY_EDITION_REPORTED,False,False,False,CC BY-NC-SA 4.0,"Ester Salgarella and Simon Castellan, SigLA, via Ryan Pavlicek/pyaegean; edition: Godart and Olivier, GORILA I",TARGET_HEADING_VISUALLY_CONFIRMED,1,174,210,https://cefael.efa.gr/detail.php?site_id=1&actionID=page&serie_id=EtCret&volume_number=21&issue_number=1&sp=210,01ed660f5f9748d119d1f91151d0deed1b33618ddd38dcba895b46d094793e4d
HT 109,v1-viewer-212,HT 109,,Full HT heading printed on target panel,HM 1333,Target caption below drawing,HT 109,INDIVIDUALLY_NUMBERED_EDITION_ENTRY,"[6,90] × [7,30] × 1,20 cm",Target caption; unknown component and brackets preserved,PRIMARY_EDITION_REPORTED,False,False,False,CC BY-NC-SA 4.0,"Ester Salgarella and Simon Castellan, SigLA, via Ryan Pavlicek/pyaegean; edition: Godart and Olivier, GORILA I",TARGET_HEADING_VISUALLY_CONFIRMED,1,176,212,https://cefael.efa.gr/detail.php?site_id=1&actionID=page&serie_id=EtCret&volume_number=21&issue_number=1&sp=212,bc368cf6fd0a8d7c111f66ae35cc52a48b90bb3bfcb0ffbb2168632ad21af788
HT 10a,v1-viewer-56,HT 10 a,a,Full HT heading printed on target panel,HM 17,Target caption below drawing,HT 10,LABELLED_FACE_OF_EDITION_PARENT,"6,10 × 5,70 × 1,10 cm",Target caption; unknown component and brackets preserved,PRIMARY_EDITION_REPORTED,False,False,False,CC BY-NC-SA 4.0,"Ester Salgarella and Simon Castellan, SigLA, via Ryan Pavlicek/pyaegean; edition: Godart and Olivier, GORILA I",TARGET_HEADING_VISUALLY_CONFIRMED,1,20,56,https://cefael.efa.gr/detail.php?site_id=1&actionID=page&serie_id=EtCret&volume_number=21&issue_number=1&sp=56,6dbb0003871c04dbd6c3043c752404c678b70a8e97d301e8a78f822b44ba62da
HT 10b,v1-viewer-56,HT 10 b,b,Full HT heading printed on target panel,,NO_UNAMBIGUOUS_TARGET_CAPTION_ASSIGNED_ON_THIS_PANEL,HT 10,LABELLED_FACE_OF_EDITION_PARENT,,DIMENSION_CAPTION_NOT_TRANSCRIBED_FOR_THIS_PANEL,PRIMARY_EDITION_REPORTED,False,False,False,CC BY-NC-SA 4.0,"Ester Salgarella and Simon Castellan, SigLA, via Ryan Pavlicek/pyaegean; edition: Godart and Olivier, GORILA I",TARGET_HEADING_VISUALLY_CONFIRMED,1,20,56,https://cefael.efa.gr/detail.php?site_id=1&actionID=page&serie_id=EtCret&volume_number=21&issue_number=1&sp=56,6dbb0003871c04dbd6c3043c752404c678b70a8e97d301e8a78f822b44ba62da
HT 110a,v1-viewer-214,HT 110 a,a,Full HT heading printed on target panel,HM 1319,Target caption below drawing,HT 110,LABELLED_FACE_OF_EDITION_PARENT,"6,10 × 8,50 × 0,70 cm",Target caption; unknown component and brackets preserved,PRIMARY_EDITION_REPORTED,False,False,False,CC BY-NC-SA 4.0,"Ester Salgarella and Simon Castellan, SigLA, via Ryan Pavlicek/pyaegean; edition: Godart and Olivier, GORILA I",TARGET_HEADING_VISUALLY_CONFIRMED,1,178,214,https://cefael.efa.gr/detail.php?site_id=1&actionID=page&serie_id=EtCret&volume_number=21&issue_number=1&sp=214,df068d3b8e79dc118cca5320049dcfed62a3089bf8b58dad4acd9c4744468480
HT 110b,v1-viewer-214,HT 110 b,b,Full HT heading printed on target panel,,NO_UNAMBIGUOUS_TARGET_CAPTION_ASSIGNED_ON_THIS_PANEL,HT 110,LABELLED_FACE_OF_EDITION_PARENT,,DIMENSION_CAPTION_NOT_TRANSCRIBED_FOR_THIS_PANEL,PRIMARY_EDITION_REPORTED,False,False,False,CC BY-NC-SA 4.0,"Ester Salgarella and Simon Castellan, SigLA, via Ryan Pavlicek/pyaegean; edition: Godart and Olivier, GORILA I",TARGET_HEADING_VISUALLY_CONFIRMED,1,178,214,https://cefael.efa.gr/detail.php?site_id=1&actionID=page&serie_id=EtCret&volume_number=21&issue_number=1&sp=214,df068d3b8e79dc118cca5320049dcfed62a3089bf8b58dad4acd9c4744468480
HT 112a,v1-viewer-218,HT 112 a,a,Full HT heading printed on target panel,HM 1346,Target caption below drawing,HT 112,LABELLED_FACE_OF_EDITION_PARENT,"[2,30] × [3,80] × 0,60 cm",Target caption; unknown component and brackets preserved,PRIMARY_EDITION_REPORTED,False,False,False,CC BY-NC-SA 4.0,"Ester Salgarella and Simon Castellan, SigLA, via Ryan Pavlicek/pyaegean; edition: Godart and Olivier, GORILA I",TARGET_HEADING_VISUALLY_CONFIRMED,1,182,218,https://cefael.efa.gr/detail.php?site_id=1&actionID=page&serie_id=EtCret&volume_number=21&issue_number=1&sp=218,ece6d146c02882ae685a6a7cd2351f81c83cc22821656b7337b477e4a92be879
HT 112b,v1-viewer-218,HT 112 b,b,Full HT heading printed on target panel,,NO_UNAMBIGUOUS_TARGET_CAPTION_ASSIGNED_ON_THIS_PANEL,HT 112,LABELLED_FACE_OF_EDITION_PARENT,,DIMENSION_CAPTION_NOT_TRANSCRIBED_FOR_THIS_PANEL,PRIMARY_EDITION_REPORTED,False,False,False,CC BY-NC-SA 4.0,"Ester Salgarella and Simon Castellan, SigLA, via Ryan Pavlicek/pyaegean; edition: Godart and Olivier, GORILA I",TARGET_HEADING_VISUALLY_CONFIRMED,1,182,218,https://cefael.efa.gr/detail.php?site_id=1&actionID=page&serie_id=EtCret&volume_number=21&issue_number=1&sp=218,ece6d146c02882ae685a6a7cd2351f81c83cc22821656b7337b477e4a92be879
HT 113,v1-viewer-220,HT 113,,Full HT heading printed on target panel,HM 1339,Target caption below drawing,HT 113,INDIVIDUALLY_NUMBERED_EDITION_ENTRY,"5,50 × 6,20 × 0,90 cm",Target caption; unknown component and brackets preserved,PRIMARY_EDITION_REPORTED,False,False,False,CC BY-NC-SA 4.0,"Ester Salgarella and Simon Castellan, SigLA, via Ryan Pavlicek/pyaegean; edition: Godart and Olivier, GORILA I",TARGET_HEADING_VISUALLY_CONFIRMED,1,184,220,https://cefael.efa.gr/detail.php?site_id=1&actionID=page&serie_id=EtCret&volume_number=21&issue_number=1&sp=220,be01d3edba2bcc07109f608996c104aba74d77b4177d1a4de511f252930d89da
HT 114a,v1-viewer-222,HT 114 a,a,Full HT heading printed on target panel,Pigorini 83735,Printed edition-caption label rechecked in enlarged crop; no modern accession certification,HT 114,LABELLED_FACE_OF_EDITION_PARENT,"3,80 × 5,60 × 0,80 cm",Target caption; unknown component and brackets preserved,PRIMARY_EDITION_REPORTED,False,False,False,CC BY-NC-SA 4.0,"Ester Salgarella and Simon Castellan, SigLA, via Ryan Pavlicek/pyaegean; edition: Godart and Olivier, GORILA I",TARGET_HEADING_VISUALLY_CONFIRMED,1,186,222,https://cefael.efa.gr/detail.php?site_id=1&actionID=page&serie_id=EtCret&volume_number=21&issue_number=1&sp=222,1f89dd1d659577b6b8898060b31651ce4988c62673793853bf4b2b2dc44d2543
HT 114b,v1-viewer-222,HT 114 b,b,Full HT heading printed on target panel,,NO_UNAMBIGUOUS_TARGET_CAPTION_ASSIGNED_ON_THIS_PANEL,HT 114,LABELLED_FACE_OF_EDITION_PARENT,,DIMENSION_CAPTION_NOT_TRANSCRIBED_FOR_THIS_PANEL,PRIMARY_EDITION_REPORTED,False,False,False,CC BY-NC-SA 4.0,"Ester Salgarella and Simon Castellan, SigLA, via Ryan Pavlicek/pyaegean; edition: Godart and Olivier, GORILA I",TARGET_HEADING_VISUALLY_CONFIRMED,1,186,222,https://cefael.efa.gr/detail.php?site_id=1&actionID=page&serie_id=EtCret&volume_number=21&issue_number=1&sp=222,1f89dd1d659577b6b8898060b31651ce4988c62673793853bf4b2b2dc44d2543
HT 115a,v1-viewer-224,HT 115 a,a,Full HT heading printed on target panel,HM 1360,Target caption below drawing,HT 115,LABELLED_FACE_OF_EDITION_PARENT,"6,10 × 8,30 × 1,20 cm",Edition caption visually rechecked in crop of saved original pixels at 4× display scale; brackets/operators retained; no summed or normalized size,PRIMARY_EDITION_REPORTED,False,False,False,CC BY-NC-SA 4.0,"Ester Salgarella and Simon Castellan, SigLA, via Ryan Pavlicek/pyaegean; edition: Godart and Olivier, GORILA I",TARGET_HEADING_VISUALLY_CONFIRMED,1,188,224,https://cefael.efa.gr/detail.php?site_id=1&actionID=page&serie_id=EtCret&volume_number=21&issue_number=1&sp=224,36642817fcb4f7aaa883230dfa023a3ad8f82d0a65e453bca664f068eeb4d4b4
HT 115b,v1-viewer-226,HT 115 b,b,Full HT heading printed on target panel,,NO_UNAMBIGUOUS_TARGET_CAPTION_ASSIGNED_ON_THIS_PANEL,HT 115,LABELLED_FACE_OF_EDITION_PARENT,,DIMENSION_CAPTION_NOT_TRANSCRIBED_FOR_THIS_PANEL,PRIMARY_EDITION_REPORTED,False,False,False,CC BY-NC-SA 4.0,"Ester Salgarella and Simon Castellan, SigLA, via Ryan Pavlicek/pyaegean; edition: Godart and Olivier, GORILA I",TARGET_HEADING_VISUALLY_CONFIRMED,1,190,226,https://cefael.efa.gr/detail.php?site_id=1&actionID=page&serie_id=EtCret&volume_number=21&issue_number=1&sp=226,855e71d7b25613887d981292fab3ef01c534e65eaf7ede1c3619c5bb59513a23
HT 116a,v1-viewer-228,HT 116 a,a,Full HT heading printed on target panel,HM 1361,Target caption below drawing,HT 116,LABELLED_FACE_OF_EDITION_PARENT,"5,20 × 7,60 × 0,60 cm",Target caption; unknown component and brackets preserved,PRIMARY_EDITION_REPORTED,False,False,False,CC BY-NC-SA 4.0,"Ester Salgarella and Simon Castellan, SigLA, via Ryan Pavlicek/pyaegean; edition: Godart and Olivier, GORILA I",TARGET_HEADING_VISUALLY_CONFIRMED,1,192,228,https://cefael.efa.gr/detail.php?site_id=1&actionID=page&serie_id=EtCret&volume_number=21&issue_number=1&sp=228,d77de06dc8bf596563a05a73a841ee4bfda8695fa66437cd4ad48d50fa73e6ed
HT 116b,v1-viewer-230,HT 116 b,b,Full HT heading printed on target panel,,NO_UNAMBIGUOUS_TARGET_CAPTION_ASSIGNED_ON_THIS_PANEL,HT 116,LABELLED_FACE_OF_EDITION_PARENT,,DIMENSION_CAPTION_NOT_TRANSCRIBED_FOR_THIS_PANEL,PRIMARY_EDITION_REPORTED,False,False,False,CC BY-NC-SA 4.0,"Ester Salgarella and Simon Castellan, SigLA, via Ryan Pavlicek/pyaegean; edition: Godart and Olivier, GORILA I",TARGET_HEADING_VISUALLY_CONFIRMED,1,194,230,https://cefael.efa.gr/detail.php?site_id=1&actionID=page&serie_id=EtCret&volume_number=21&issue_number=1&sp=230,e9b87bcc06039a150e3ff4afcd66282eff4cfad27a34572ed3cbc7f1aecc3fde
HT 117a,v1-viewer-232,HT 117 a,a,Full HT heading printed on target panel,HM 1364,Target caption below drawing,HT 117,LABELLED_FACE_OF_EDITION_PARENT,"6,70 × 10,90 × 0,80 cm",Target caption; unknown component and brackets preserved,PRIMARY_EDITION_REPORTED,False,False,False,CC BY-NC-SA 4.0,"Ester Salgarella and Simon Castellan, SigLA, via Ryan Pavlicek/pyaegean; edition: Godart and Olivier, GORILA I",TARGET_HEADING_VISUALLY_CONFIRMED,1,196,232,https://cefael.efa.gr/detail.php?site_id=1&actionID=page&serie_id=EtCret&volume_number=21&issue_number=1&sp=232,1d20b7db4a8367b495df584bd5e55dc0f5ea8e0a5efbadd429cbb42348becfe8
HT 117b,v1-viewer-234,HT 117 b,b,Full HT heading printed on target panel,,NO_UNAMBIGUOUS_TARGET_CAPTION_ASSIGNED_ON_THIS_PANEL,HT 117,LABELLED_FACE_OF_EDITION_PARENT,,DIMENSION_CAPTION_NOT_TRANSCRIBED_FOR_THIS_PANEL,PRIMARY_EDITION_REPORTED,False,False,False,CC BY-NC-SA 4.0,"Ester Salgarella and Simon Castellan, SigLA, via Ryan Pavlicek/pyaegean; edition: Godart and Olivier, GORILA I",TARGET_HEADING_VISUALLY_CONFIRMED,1,198,234,https://cefael.efa.gr/detail.php?site_id=1&actionID=page&serie_id=EtCret&volume_number=21&issue_number=1&sp=234,987e6e000bd4cb0a5ce6a5bc36fb4920b40e3598f3e217eacd098d25aa8c3f90
HT 118,v1-viewer-236,HT 118,,Full HT heading printed on target panel,Pigorini 83734,Target caption below drawing,HT 118,INDIVIDUALLY_NUMBERED_EDITION_ENTRY,"5,30 × 7,50 × 0,80 cm",Target caption; unknown component and brackets preserved,PRIMARY_EDITION_REPORTED,False,False,False,CC BY-NC-SA 4.0,"Ester Salgarella and Simon Castellan, SigLA, via Ryan Pavlicek/pyaegean; edition: Godart and Olivier, GORILA I",TARGET_HEADING_VISUALLY_CONFIRMED,1,200,236,https://cefael.efa.gr/detail.php?site_id=1&actionID=page&serie_id=EtCret&volume_number=21&issue_number=1&sp=236,66a2f918a3c887ae54f0b64af9d0c61a2a97b75d3ec3de480f15bfefb120a4e1
HT 119,v1-viewer-238,HT 119,,Full HT heading printed on target panel,HM 1362,Target caption below drawing,HT 119,INDIVIDUALLY_NUMBERED_EDITION_ENTRY,"6,30 × 7,60 × 0,80 cm",Target caption; unknown component and brackets preserved,PRIMARY_EDITION_REPORTED,False,False,False,CC BY-NC-SA 4.0,"Ester Salgarella and Simon Castellan, SigLA, via Ryan Pavlicek/pyaegean; edition: Godart and Olivier, GORILA I",TARGET_HEADING_VISUALLY_CONFIRMED,1,202,238,https://cefael.efa.gr/detail.php?site_id=1&actionID=page&serie_id=EtCret&volume_number=21&issue_number=1&sp=238,ceeb549e8349fc6deecbebecad7241776c6706a53425017a7eb9fbf65390cd5a
HT 11a,v1-viewer-58,HT 11 a,a,Full HT heading printed on target panel,HM 29,Target caption below drawing,HT 11,LABELLED_FACE_OF_EDITION_PARENT,"4,40 × 5,80 × 0,70 cm",Target caption; unknown component and brackets preserved,PRIMARY_EDITION_REPORTED,False,False,False,CC BY-NC-SA 4.0,"Ester Salgarella and Simon Castellan, SigLA, via Ryan Pavlicek/pyaegean; edition: Godart and Olivier, GORILA I",TARGET_HEADING_VISUALLY_CONFIRMED,1,22,58,https://cefael.efa.gr/detail.php?site_id=1&actionID=page&serie_id=EtCret&volume_number=21&issue_number=1&sp=58,8b006321403a323d1c5ea0d79b8ebc21800aa2a09c1857aabf09102fb5774bd2
HT 11b,v1-viewer-58,HT 11 b,b,Full HT heading printed on target panel,,NO_UNAMBIGUOUS_TARGET_CAPTION_ASSIGNED_ON_THIS_PANEL,HT 11,LABELLED_FACE_OF_EDITION_PARENT,,DIMENSION_CAPTION_NOT_TRANSCRIBED_FOR_THIS_PANEL,PRIMARY_EDITION_REPORTED,False,False,False,CC BY-NC-SA 4.0,"Ester Salgarella and Simon Castellan, SigLA, via Ryan Pavlicek/pyaegean; edition: Godart and Olivier, GORILA I",TARGET_HEADING_VISUALLY_CONFIRMED,1,22,58,https://cefael.efa.gr/detail.php?site_id=1&actionID=page&serie_id=EtCret&volume_number=21&issue_number=1&sp=58,8b006321403a323d1c5ea0d79b8ebc21800aa2a09c1857aabf09102fb5774bd2
HT 12,v1-viewer-60,HT 12,,Full HT heading printed on target panel,HM 2 (moulage),Target caption below drawing,HT 12,INDIVIDUALLY_NUMBERED_EDITION_ENTRY,"5,80 × 9,20 × ? cm",Target caption; unknown component and brackets preserved,PRIMARY_EDITION_REPORTED,False,False,False,CC BY-NC-SA 4.0,"Ester Salgarella and Simon Castellan, SigLA, via Ryan Pavlicek/pyaegean; edition: Godart and Olivier, GORILA I",TARGET_HEADING_VISUALLY_CONFIRMED,1,24,60,https://cefael.efa.gr/detail.php?site_id=1&actionID=page&serie_id=EtCret&volume_number=21&issue_number=1&sp=60,2c52cde05fedbeb306a881c595ad20b715d221d00ec6d89f2a1c0c269b120f6c
HT 120,v1-viewer-240,HT 120,,Full HT heading printed on target panel,HM 1363,Target caption below drawing,HT 120,INDIVIDUALLY_NUMBERED_EDITION_ENTRY,"5,30 × 8,30 × 0,90 cm",Target caption; unknown component and brackets preserved,PRIMARY_EDITION_REPORTED,False,False,False,CC BY-NC-SA 4.0,"Ester Salgarella and Simon Castellan, SigLA, via Ryan Pavlicek/pyaegean; edition: Godart and Olivier, GORILA I",TARGET_HEADING_VISUALLY_CONFIRMED,1,204,240,https://cefael.efa.gr/detail.php?site_id=1&actionID=page&serie_id=EtCret&volume_number=21&issue_number=1&sp=240,a72986779e9a2cc31009c528784602d5269604730e05fb4bffa64497d403903a
HT 121,v1-viewer-240,HT 121,,Full HT heading printed on target panel,HM 1365,Target caption below drawing,HT 121,INDIVIDUALLY_NUMBERED_EDITION_ENTRY,"4,10 × 6,00 × 1,00 cm",Target caption; unknown component and brackets preserved,PRIMARY_EDITION_REPORTED,False,False,False,CC BY-NC-SA 4.0,"Ester Salgarella and Simon Castellan, SigLA, via Ryan Pavlicek/pyaegean; edition: Godart and Olivier, GORILA I",TARGET_HEADING_VISUALLY_CONFIRMED,1,204,240,https://cefael.efa.gr/detail.php?site_id=1&actionID=page&serie_id=EtCret&volume_number=21&issue_number=1&sp=240,a72986779e9a2cc31009c528784602d5269604730e05fb4bffa64497d403903a
HT 122a,v1-viewer-242,HT 122 a,a,Full HT heading printed on target panel,HM 1366,Target caption below drawing,HT 122,LABELLED_FACE_OF_EDITION_PARENT,"5,80 × 8,70 × 0,80 cm",Target caption; unknown component and brackets preserved,PRIMARY_EDITION_REPORTED,False,False,False,CC BY-NC-SA 4.0,"Ester Salgarella and Simon Castellan, SigLA, via Ryan Pavlicek/pyaegean; edition: Godart and Olivier, GORILA I",TARGET_HEADING_VISUALLY_CONFIRMED,1,206,242,https://cefael.efa.gr/detail.php?site_id=1&actionID=page&serie_id=EtCret&volume_number=21&issue_number=1&sp=242,2a70a64451ec1620759c5ee58e428aa085a971ba3b9882773474e9387c4419f5
HT 122b,v1-viewer-244,HT 122 b,b,Full HT heading printed on target panel,,NO_UNAMBIGUOUS_TARGET_CAPTION_ASSIGNED_ON_THIS_PANEL,HT 122,LABELLED_FACE_OF_EDITION_PARENT,,DIMENSION_CAPTION_NOT_TRANSCRIBED_FOR_THIS_PANEL,PRIMARY_EDITION_REPORTED,False,False,False,CC BY-NC-SA 4.0,"Ester Salgarella and Simon Castellan, SigLA, via Ryan Pavlicek/pyaegean; edition: Godart and Olivier, GORILA I",TARGET_HEADING_VISUALLY_CONFIRMED,1,208,244,https://cefael.efa.gr/detail.php?site_id=1&actionID=page&serie_id=EtCret&volume_number=21&issue_number=1&sp=244,681c0e2b83e35cdc7ac12b8441a188f12591bce3a2aff58600cfe910e7d6258d
HT 123a,v1-viewer-246,HT 123 a,a,Full HT heading printed on target panel,HM 1367 + 1371,Target caption below drawing,HT 123,LABELLED_FACE_OF_EDITION_PARENT,"5,50 × 10,10 × 0,80 cm",Target caption; unknown component and brackets preserved,PRIMARY_EDITION_REPORTED,False,False,False,CC BY-NC-SA 4.0,"Ester Salgarella and Simon Castellan, SigLA, via Ryan Pavlicek/pyaegean; edition: Godart and Olivier, GORILA I",TARGET_HEADING_VISUALLY_CONFIRMED,1,210,246,https://cefael.efa.gr/detail.php?site_id=1&actionID=page&serie_id=EtCret&volume_number=21&issue_number=1&sp=246,bcfd10868d9744ac9583fffeca4e9f2ecd349a190e9f3ce11a1a2ca339340e43
HT 123b,v1-viewer-248,HT 123 b,b,Full HT heading printed on target panel,,NO_UNAMBIGUOUS_TARGET_CAPTION_ASSIGNED_ON_THIS_PANEL,HT 123,LABELLED_FACE_OF_EDITION_PARENT,,DIMENSION_CAPTION_NOT_TRANSCRIBED_FOR_THIS_PANEL,PRIMARY_EDITION_REPORTED,False,False,False,CC BY-NC-SA 4.0,"Ester Salgarella and Simon Castellan, SigLA, via Ryan Pavlicek/pyaegean; edition: Godart and Olivier, GORILA I",TARGET_HEADING_VISUALLY_CONFIRMED,1,212,248,https://cefael.efa.gr/detail.php?site_id=1&actionID=page&serie_id=EtCret&volume_number=21&issue_number=1&sp=248,4530ea97083a25771ec969260c1d596a23492c0a363f69d1f6b50273a65c206b
HT 126a,v1-viewer-252,HT 126 a,a,Full HT heading printed on target panel,HM —,Target caption below drawing,HT 126,LABELLED_FACE_OF_EDITION_PARENT,"[4,10] × [5,90] × 1,00 cm",Target caption; unknown component and brackets preserved,PRIMARY_EDITION_REPORTED,False,False,False,CC BY-NC-SA 4.0,"Ester Salgarella and Simon Castellan, SigLA, via Ryan Pavlicek/pyaegean; edition: Godart and Olivier, GORILA I",TARGET_HEADING_VISUALLY_CONFIRMED,1,216,252,https://cefael.efa.gr/detail.php?site_id=1&actionID=page&serie_id=EtCret&volume_number=21&issue_number=1&sp=252,6159465b0a3ccc17c4200a32c83aaa8ef0bbbfa85891b410874bb530e2e63251
HT 126b,v1-viewer-252,HT 126 b,b,Full HT heading printed on target panel,,NO_UNAMBIGUOUS_TARGET_CAPTION_ASSIGNED_ON_THIS_PANEL,HT 126,LABELLED_FACE_OF_EDITION_PARENT,,DIMENSION_CAPTION_NOT_TRANSCRIBED_FOR_THIS_PANEL,PRIMARY_EDITION_REPORTED,False,False,False,CC BY-NC-SA 4.0,"Ester Salgarella and Simon Castellan, SigLA, via Ryan Pavlicek/pyaegean; edition: Godart and Olivier, GORILA I",TARGET_HEADING_VISUALLY_CONFIRMED,1,216,252,https://cefael.efa.gr/detail.php?site_id=1&actionID=page&serie_id=EtCret&volume_number=21&issue_number=1&sp=252,6159465b0a3ccc17c4200a32c83aaa8ef0bbbfa85891b410874bb530e2e63251
HT 127a,v1-viewer-254,HT 127 a,a,Full HT heading printed on target panel,HM —,Target caption below drawing,HT 127,LABELLED_FACE_OF_EDITION_PARENT,"6,40 × [7,80] × 0,80 cm",Target caption; unknown component and brackets preserved,PRIMARY_EDITION_REPORTED,False,False,False,CC BY-NC-SA 4.0,"Ester Salgarella and Simon Castellan, SigLA, via Ryan Pavlicek/pyaegean; edition: Godart and Olivier, GORILA I",TARGET_HEADING_VISUALLY_CONFIRMED,1,218,254,https://cefael.efa.gr/detail.php?site_id=1&actionID=page&serie_id=EtCret&volume_number=21&issue_number=1&sp=254,e0a4cd1a3be04f043365cbe8b7822a22847ca0f142f3e6914d826ee81ea8b760
HT 127b,v1-viewer-254,HT 127 b,b,Full HT heading printed on target panel,,NO_UNAMBIGUOUS_TARGET_CAPTION_ASSIGNED_ON_THIS_PANEL,HT 127,LABELLED_FACE_OF_EDITION_PARENT,,DIMENSION_CAPTION_NOT_TRANSCRIBED_FOR_THIS_PANEL,PRIMARY_EDITION_REPORTED,False,False,False,CC BY-NC-SA 4.0,"Ester Salgarella and Simon Castellan, SigLA, via Ryan Pavlicek/pyaegean; edition: Godart and Olivier, GORILA I",TARGET_HEADING_VISUALLY_CONFIRMED,1,218,254,https://cefael.efa.gr/detail.php?site_id=1&actionID=page&serie_id=EtCret&volume_number=21&issue_number=1&sp=254,e0a4cd1a3be04f043365cbe8b7822a22847ca0f142f3e6914d826ee81ea8b760
HT 128a,v1-viewer-256,HT 128 a,a,Heading visually inspected on acquired target page; source spacing normalized only,HM —,"Target historical caption visually collated; dash is unassigned, not an accession",HT 128,LABELLED_FACE_OF_EDITION_PARENT,"5,70 × [5,70] × 0,90 cm",Caption source order and all brackets/fragment operators retained; no axis assignment or arithmetic normalization,PRIMARY_EDITION_REPORTED,False,False,False,CC BY-NC-SA 4.0,"Ester Salgarella and Simon Castellan, SigLA, via Ryan Pavlicek/pyaegean; edition headings: Godart and Olivier, GORILA I",TARGET_HEADING_VISUALLY_CONFIRMED,1,220,256,https://cefael.efa.gr/detail.php?site_id=1&actionID=page&serie_id=EtCret&volume_number=21&issue_number=1&sp=256,b365664b1272e2c7b6e54cd5624b662685d5b0224b0673afe72059996970d410
HT 128b,v1-viewer-256,HT 128 b,b,Heading visually inspected on acquired target page; source spacing normalized only,,No separate face-b caption; parent caption presented beneath face a,HT 128,LABELLED_FACE_OF_EDITION_PARENT,,No separately reported face-b dimensions,PRIMARY_EDITION_REPORTED,False,False,False,CC BY-NC-SA 4.0,"Ester Salgarella and Simon Castellan, SigLA, via Ryan Pavlicek/pyaegean; edition headings: Godart and Olivier, GORILA I",TARGET_HEADING_VISUALLY_CONFIRMED,1,220,256,https://cefael.efa.gr/detail.php?site_id=1&actionID=page&serie_id=EtCret&volume_number=21&issue_number=1&sp=256,b365664b1272e2c7b6e54cd5624b662685d5b0224b0673afe72059996970d410
HT 129,v1-viewer-258,HT 129,,Heading visually inspected on acquired target page; source spacing normalized only,HM 1368,"Target historical caption visually collated; dash is unassigned, not an accession",HT 129,INDIVIDUALLY_NUMBERED_EDITION_ENTRY,"5,50 × [5,30] × 0,90 cm",Caption source order and all brackets/fragment operators retained; no axis assignment or arithmetic normalization,PRIMARY_EDITION_REPORTED,False,False,False,CC BY-NC-SA 4.0,"Ester Salgarella and Simon Castellan, SigLA, via Ryan Pavlicek/pyaegean; edition headings: Godart and Olivier, GORILA I",TARGET_HEADING_VISUALLY_CONFIRMED,1,222,258,https://cefael.efa.gr/detail.php?site_id=1&actionID=page&serie_id=EtCret&volume_number=21&issue_number=1&sp=258,4d46c64f1a194be499b6b50447b27bd583a5c58ac6d838c3a271f37d377f79ca
HT 13,v1-viewer-62,HT 13,,Heading visually inspected on acquired target page; source spacing normalized only,HM 7,"Target historical caption visually collated; dash is unassigned, not an accession",HT 13,INDIVIDUALLY_NUMBERED_EDITION_ENTRY,"6,10 × 10,50 × 0,80 cm",Caption source order and all brackets/fragment operators retained; no axis assignment or arithmetic normalization,PRIMARY_EDITION_REPORTED,False,False,False,CC BY-NC-SA 4.0,"Ester Salgarella and Simon Castellan, SigLA, via Ryan Pavlicek/pyaegean; edition headings: Godart and Olivier, GORILA I",TARGET_HEADING_VISUALLY_CONFIRMED,1,26,62,https://cefael.efa.gr/detail.php?site_id=1&actionID=page&serie_id=EtCret&volume_number=21&issue_number=1&sp=62,d046293aadfe70f07dacbfef0300c6e083a442c0aadd94ddd54fccde237bedad
HT 130,v1-viewer-260,HT 130,,Heading visually inspected on acquired target page; source spacing normalized only,HM 1369,"Target historical caption visually collated; dash is unassigned, not an accession",HT 130,INDIVIDUALLY_NUMBERED_EDITION_ENTRY,"5,90 × 10,00 × 0,80 cm",Caption source order and all brackets/fragment operators retained; no axis assignment or arithmetic normalization,PRIMARY_EDITION_REPORTED,False,False,False,CC BY-NC-SA 4.0,"Ester Salgarella and Simon Castellan, SigLA, via Ryan Pavlicek/pyaegean; edition headings: Godart and Olivier, GORILA I",TARGET_HEADING_VISUALLY_CONFIRMED,1,224,260,https://cefael.efa.gr/detail.php?site_id=1&actionID=page&serie_id=EtCret&volume_number=21&issue_number=1&sp=260,d5c96050e2ebf106fe95139752511e5f278baac6e67db06d9c1ecd8f6e22f77d
HT 131a,v1-viewer-262,HT 131 a,a,Heading visually inspected on acquired target page; source spacing normalized only,HM 1372,"Target historical caption visually collated; dash is unassigned, not an accession",HT 131,LABELLED_FACE_OF_EDITION_PARENT,"4,50 × [5,00] × 0,90 cm",Caption source order and all brackets/fragment operators retained; no axis assignment or arithmetic normalization,PRIMARY_EDITION_REPORTED,False,False,False,CC BY-NC-SA 4.0,"Ester Salgarella and Simon Castellan, SigLA, via Ryan Pavlicek/pyaegean; edition headings: Godart and Olivier, GORILA I",TARGET_HEADING_VISUALLY_CONFIRMED,1,226,262,https://cefael.efa.gr/detail.php?site_id=1&actionID=page&serie_id=EtCret&volume_number=21&issue_number=1&sp=262,c1f9cc1d40d570fe3966625755f16adba57a54400969b535dc6ab22e03aca181
HT 131b,v1-viewer-262,HT 131 b,b,Heading visually inspected on acquired target page; source spacing normalized only,,No separate face-b caption; parent caption presented beneath face a,HT 131,LABELLED_FACE_OF_EDITION_PARENT,,No separately reported face-b dimensions,PRIMARY_EDITION_REPORTED,False,False,False,CC BY-NC-SA 4.0,"Ester Salgarella and Simon Castellan, SigLA, via Ryan Pavlicek/pyaegean; edition headings: Godart and Olivier, GORILA I",TARGET_HEADING_VISUALLY_CONFIRMED,1,226,262,https://cefael.efa.gr/detail.php?site_id=1&actionID=page&serie_id=EtCret&volume_number=21&issue_number=1&sp=262,c1f9cc1d40d570fe3966625755f16adba57a54400969b535dc6ab22e03aca181
HT 132,v1-viewer-264,HT 132,,Heading visually inspected on acquired target page; source spacing normalized only,HM —,"Target historical caption visually collated; dash is unassigned, not an accession",HT 132,INDIVIDUALLY_NUMBERED_EDITION_ENTRY,"5,50 × [2,70] × 0,80 cm",Caption source order and all brackets/fragment operators retained; no axis assignment or arithmetic normalization,PRIMARY_EDITION_REPORTED,False,False,False,CC BY-NC-SA 4.0,"Ester Salgarella and Simon Castellan, SigLA, via Ryan Pavlicek/pyaegean; edition headings: Godart and Olivier, GORILA I",TARGET_HEADING_VISUALLY_CONFIRMED,1,228,264,https://cefael.efa.gr/detail.php?site_id=1&actionID=page&serie_id=EtCret&volume_number=21&issue_number=1&sp=264,91c8ea78cf0a791e31f6ba6bb4d7ecb555feba3c4503b98933e60a8c470f16e3
HT 133,v1-viewer-264,HT 133,,Heading visually inspected on acquired target page; source spacing normalized only,HM —,"Target historical caption visually collated; dash is unassigned, not an accession",HT 133,INDIVIDUALLY_NUMBERED_EDITION_ENTRY,"3,70 × 3,80 × 0,60 cm",Caption source order and all brackets/fragment operators retained; no axis assignment or arithmetic normalization,PRIMARY_EDITION_REPORTED,False,False,False,CC BY-NC-SA 4.0,"Ester Salgarella and Simon Castellan, SigLA, via Ryan Pavlicek/pyaegean; edition headings: Godart and Olivier, GORILA I",TARGET_HEADING_VISUALLY_CONFIRMED,1,228,264,https://cefael.efa.gr/detail.php?site_id=1&actionID=page&serie_id=EtCret&volume_number=21&issue_number=1&sp=264,91c8ea78cf0a791e31f6ba6bb4d7ecb555feba3c4503b98933e60a8c470f16e3
HT 135a,v1-viewer-266,HT 135 a,a,Heading visually inspected on acquired target page; source spacing normalized only,HM —,"Target historical caption visually collated; dash is unassigned, not an accession",HT 135,LABELLED_FACE_OF_EDITION_PARENT,"[5,00] × [5,60] × 0,70 cm",Caption source order and all brackets/fragment operators retained; no axis assignment or arithmetic normalization,PRIMARY_EDITION_REPORTED,False,False,False,CC BY-NC-SA 4.0,"Ester Salgarella and Simon Castellan, SigLA, via Ryan Pavlicek/pyaegean; edition headings: Godart and Olivier, GORILA I",TARGET_HEADING_VISUALLY_CONFIRMED,1,230,266,https://cefael.efa.gr/detail.php?site_id=1&actionID=page&serie_id=EtCret&volume_number=21&issue_number=1&sp=266,f6eec5df2ed4af166b984926405d46f5114d6cde5661d1ae54c44ee94e75c8f7
HT 135b,v1-viewer-266,HT 135 b,b,Heading visually inspected on acquired target page; source spacing normalized only,,No separate face-b caption; parent caption presented beneath face a,HT 135,LABELLED_FACE_OF_EDITION_PARENT,,No separately reported face-b dimensions,PRIMARY_EDITION_REPORTED,False,False,False,CC BY-NC-SA 4.0,"Ester Salgarella and Simon Castellan, SigLA, via Ryan Pavlicek/pyaegean; edition headings: Godart and Olivier, GORILA I",TARGET_HEADING_VISUALLY_CONFIRMED,1,230,266,https://cefael.efa.gr/detail.php?site_id=1&actionID=page&serie_id=EtCret&volume_number=21&issue_number=1&sp=266,f6eec5df2ed4af166b984926405d46f5114d6cde5661d1ae54c44ee94e75c8f7
HT 136a,v1-viewer-268,HT 136 a,a,Heading visually inspected on acquired target page; source spacing normalized only,HM —,"Target historical caption visually collated; dash is unassigned, not an accession",HT 136,LABELLED_FACE_OF_EDITION_PARENT,"[2,40] × [5,40] × 0,80 cm",Caption source order and all brackets/fragment operators retained; no axis assignment or arithmetic normalization,PRIMARY_EDITION_REPORTED,False,False,False,CC BY-NC-SA 4.0,"Ester Salgarella and Simon Castellan, SigLA, via Ryan Pavlicek/pyaegean; edition headings: Godart and Olivier, GORILA I",TARGET_HEADING_VISUALLY_CONFIRMED,1,232,268,https://cefael.efa.gr/detail.php?site_id=1&actionID=page&serie_id=EtCret&volume_number=21&issue_number=1&sp=268,e6dfdea65af0f47df04bebff808ae82dc6b253c1c2057a39d3a85993e396346d
HT 136b,v1-viewer-268,HT 136 b,b,Heading visually inspected on acquired target page; source spacing normalized only,,No separate face-b caption; parent caption presented beneath face a,HT 136,LABELLED_FACE_OF_EDITION_PARENT,,No separately reported face-b dimensions,PRIMARY_EDITION_REPORTED,False,False,False,CC BY-NC-SA 4.0,"Ester Salgarella and Simon Castellan, SigLA, via Ryan Pavlicek/pyaegean; edition headings: Godart and Olivier, GORILA I",TARGET_HEADING_VISUALLY_CONFIRMED,1,232,268,https://cefael.efa.gr/detail.php?site_id=1&actionID=page&serie_id=EtCret&volume_number=21&issue_number=1&sp=268,e6dfdea65af0f47df04bebff808ae82dc6b253c1c2057a39d3a85993e396346d
HT 137,v1-viewer-270,HT 137,,Heading visually inspected on acquired target page; source spacing normalized only,HM —,"Target historical caption visually collated; dash is unassigned, not an accession",HT 137,INDIVIDUALLY_NUMBERED_EDITION_ENTRY,"4,30 × [4,50] × 0,50 cm",Caption source order and all brackets/fragment operators retained; no axis assignment or arithmetic normalization,PRIMARY_EDITION_REPORTED,False,False,False,CC BY-NC-SA 4.0,"Ester Salgarella and Simon Castellan, SigLA, via Ryan Pavlicek/pyaegean; edition headings: Godart and Olivier, GORILA I",TARGET_HEADING_VISUALLY_CONFIRMED,1,234,270,https://cefael.efa.gr/detail.php?site_id=1&actionID=page&serie_id=EtCret&volume_number=21&issue_number=1&sp=270,e41c1590061d2fc204ead19eff70e085be4dfdbebb839f055afa013451cb8ad0
HT 139,v1-viewer-270,HT 139,,Heading visually inspected on acquired target page; source spacing normalized only,HM —,"Target historical caption visually collated; dash is unassigned, not an accession",HT 139,INDIVIDUALLY_NUMBERED_EDITION_ENTRY,"[3,30] × [3,40] × 0,90 cm",Caption source order and all brackets/fragment operators retained; no axis assignment or arithmetic normalization,PRIMARY_EDITION_REPORTED,False,False,False,CC BY-NC-SA 4.0,"Ester Salgarella and Simon Castellan, SigLA, via Ryan Pavlicek/pyaegean; edition headings: Godart and Olivier, GORILA I",TARGET_HEADING_VISUALLY_CONFIRMED,1,234,270,https://cefael.efa.gr/detail.php?site_id=1&actionID=page&serie_id=EtCret&volume_number=21&issue_number=1&sp=270,e41c1590061d2fc204ead19eff70e085be4dfdbebb839f055afa013451cb8ad0
HT 14,v1-viewer-64,HT 14,,Heading visually inspected on acquired target page; source spacing normalized only,HM 15,"Target historical caption visually collated; dash is unassigned, not an accession",HT 14,INDIVIDUALLY_NUMBERED_EDITION_ENTRY,"6,20 × 9,90 × 0,90 cm",Caption source order and all brackets/fragment operators retained; no axis assignment or arithmetic normalization,PRIMARY_EDITION_REPORTED,False,False,False,CC BY-NC-SA 4.0,"Ester Salgarella and Simon Castellan, SigLA, via Ryan Pavlicek/pyaegean; edition headings: Godart and Olivier, GORILA I",TARGET_HEADING_VISUALLY_CONFIRMED,1,28,64,https://cefael.efa.gr/detail.php?site_id=1&actionID=page&serie_id=EtCret&volume_number=21&issue_number=1&sp=64,1ef6fe7508beaae3a3bd5c00c5d17a8ee1e8e121c0b8668f6c1602997661db9b
HT 140,v1-viewer-272,HT 140,,Heading visually inspected on acquired target page; source spacing normalized only,HM —,"Target historical caption visually collated; dash is unassigned, not an accession",HT 140,INDIVIDUALLY_NUMBERED_EDITION_ENTRY,"6,60 × 9,40 × 0,70 cm",Caption source order and all brackets/fragment operators retained; no axis assignment or arithmetic normalization,PRIMARY_EDITION_REPORTED,False,False,False,CC BY-NC-SA 4.0,"Ester Salgarella and Simon Castellan, SigLA, via Ryan Pavlicek/pyaegean; edition headings: Godart and Olivier, GORILA I",TARGET_HEADING_VISUALLY_CONFIRMED,1,236,272,https://cefael.efa.gr/detail.php?site_id=1&actionID=page&serie_id=EtCret&volume_number=21&issue_number=1&sp=272,98468a106f86089244d07415a0ef96551b894478a0a7fb194510470851d15f4d
HT 141,v1-viewer-274,HT 141,,Heading visually inspected on acquired target page; source spacing normalized only,HM —,"Target historical caption visually collated; dash is unassigned, not an accession",HT 141,INDIVIDUALLY_NUMBERED_EDITION_ENTRY,"[2,30] × [2,50] × [0,60] cm",Caption source order and all brackets/fragment operators retained; no axis assignment or arithmetic normalization,PRIMARY_EDITION_REPORTED,False,False,False,CC BY-NC-SA 4.0,"Ester Salgarella and Simon Castellan, SigLA, via Ryan Pavlicek/pyaegean; edition headings: Godart and Olivier, GORILA I",TARGET_HEADING_VISUALLY_CONFIRMED,1,238,274,https://cefael.efa.gr/detail.php?site_id=1&actionID=page&serie_id=EtCret&volume_number=21&issue_number=1&sp=274,f747479f981c8d7b8d8f99427acc8d2defc7dc70d814ec5a28c6df7577ec9714
HT 142,v1-viewer-274,HT 142,,Heading visually inspected on acquired target page; source spacing normalized only,HM —,"Target historical caption visually collated; dash is unassigned, not an accession",HT 142,INDIVIDUALLY_NUMBERED_EDITION_ENTRY,"[1,70] × [1,80] × 0,60 cm",Caption source order and all brackets/fragment operators retained; no axis assignment or arithmetic normalization,PRIMARY_EDITION_REPORTED,False,False,False,CC BY-NC-SA 4.0,"Ester Salgarella and Simon Castellan, SigLA, via Ryan Pavlicek/pyaegean; edition headings: Godart and Olivier, GORILA I",TARGET_HEADING_VISUALLY_CONFIRMED,1,238,274,https://cefael.efa.gr/detail.php?site_id=1&actionID=page&serie_id=EtCret&volume_number=21&issue_number=1&sp=274,f747479f981c8d7b8d8f99427acc8d2defc7dc70d814ec5a28c6df7577ec9714
HT 144,v1-viewer-274,HT 144,,Heading visually inspected on acquired target page; source spacing normalized only,HM —,"Target historical caption visually collated; dash is unassigned, not an accession",HT 144,INDIVIDUALLY_NUMBERED_EDITION_ENTRY,"[3,10] × [5,20] × 0,80 cm",Caption source order and all brackets/fragment operators retained; no axis assignment or arithmetic normalization,PRIMARY_EDITION_REPORTED,False,False,False,CC BY-NC-SA 4.0,"Ester Salgarella and Simon Castellan, SigLA, via Ryan Pavlicek/pyaegean; edition headings: Godart and Olivier, GORILA I",TARGET_HEADING_VISUALLY_CONFIRMED,1,238,274,https://cefael.efa.gr/detail.php?site_id=1&actionID=page&serie_id=EtCret&volume_number=21&issue_number=1&sp=274,f747479f981c8d7b8d8f99427acc8d2defc7dc70d814ec5a28c6df7577ec9714
HT 146,v1-viewer-276,HT 146,,Heading visually inspected on acquired target page; source spacing normalized only,HM —,"Target historical caption visually collated; dash is unassigned, not an accession",HT 146,INDIVIDUALLY_NUMBERED_EDITION_ENTRY,"5,00 × [4,70] × 0,90 cm",Caption source order and all brackets/fragment operators retained; no axis assignment or arithmetic normalization,PRIMARY_EDITION_REPORTED,False,False,False,CC BY-NC-SA 4.0,"Ester Salgarella and Simon Castellan, SigLA, via Ryan Pavlicek/pyaegean; edition headings: Godart and Olivier, GORILA I",TARGET_HEADING_VISUALLY_CONFIRMED,1,240,276,https://cefael.efa.gr/detail.php?site_id=1&actionID=page&serie_id=EtCret&volume_number=21&issue_number=1&sp=276,7a1fec501964eb950d442270e47196c6e452a3b12b326e0e1ff6c2ca5c6bfb89
HT 147,v1-viewer-276,HT 147,,Heading visually inspected on acquired target page; source spacing normalized only,HM —,"Target historical caption visually collated; dash is unassigned, not an accession",HT 147,INDIVIDUALLY_NUMBERED_EDITION_ENTRY,"[1,90] × [4,00] × 0,70 cm",Caption source order and all brackets/fragment operators retained; no axis assignment or arithmetic normalization,PRIMARY_EDITION_REPORTED,False,False,False,CC BY-NC-SA 4.0,"Ester Salgarella and Simon Castellan, SigLA, via Ryan Pavlicek/pyaegean; edition headings: Godart and Olivier, GORILA I",TARGET_HEADING_VISUALLY_CONFIRMED,1,240,276,https://cefael.efa.gr/detail.php?site_id=1&actionID=page&serie_id=EtCret&volume_number=21&issue_number=1&sp=276,7a1fec501964eb950d442270e47196c6e452a3b12b326e0e1ff6c2ca5c6bfb89
HT 15,v1-viewer-66,HT 15,,Heading visually inspected on acquired target page; source spacing normalized only,HM 16,"Target historical caption visually collated; dash is unassigned, not an accession",HT 15,INDIVIDUALLY_NUMBERED_EDITION_ENTRY,"5,10 × 6,90 × 0,90 cm",Caption source order and all brackets/fragment operators retained; no axis assignment or arithmetic normalization,PRIMARY_EDITION_REPORTED,False,False,False,CC BY-NC-SA 4.0,"Ester Salgarella and Simon Castellan, SigLA, via Ryan Pavlicek/pyaegean; edition headings: Godart and Olivier, GORILA I",TARGET_HEADING_VISUALLY_CONFIRMED,1,30,66,https://cefael.efa.gr/detail.php?site_id=1&actionID=page&serie_id=EtCret&volume_number=21&issue_number=1&sp=66,cf221f2a3fcbafbec88201e83958d94846c8547703b2d8836e33795e34d3b00a
HT 154,v1-viewer-278,HT 154,,Heading visually inspected on acquired target page; source spacing normalized only,HM 1370,"Target historical caption visually collated; dash is unassigned, not an accession",HT 154,INDIVIDUALLY_NUMBERED_EDITION_ENTRY,"4,70 × 6,10 × 0,90 cm",Caption source order and all brackets/fragment operators retained; no axis assignment or arithmetic normalization,PRIMARY_EDITION_REPORTED,False,False,False,CC BY-NC-SA 4.0,"Ester Salgarella and Simon Castellan, SigLA, via Ryan Pavlicek/pyaegean; edition headings: Godart and Olivier, GORILA I",TARGET_HEADING_VISUALLY_CONFIRMED,1,242,278,https://cefael.efa.gr/detail.php?site_id=1&actionID=page&serie_id=EtCret&volume_number=21&issue_number=1&sp=278,12b10ce570f8b62da3116bf36b187840e1ae0575fda2265bac561c65d8885224
HT 154A,v1-viewer-278,HT 154 A,,Heading visually inspected on acquired target page; source spacing normalized only,HM 1322,"Target historical caption visually collated; dash is unassigned, not an accession",HT 154A,INDIVIDUALLY_NUMBERED_EDITION_ENTRY,"4,20 × 7,20 × 0,90 cm",Caption source order and all brackets/fragment operators retained; no axis assignment or arithmetic normalization,PRIMARY_EDITION_REPORTED,False,False,False,CC BY-NC-SA 4.0,"Ester Salgarella and Simon Castellan, SigLA, via Ryan Pavlicek/pyaegean; edition headings: Godart and Olivier, GORILA I",TARGET_HEADING_VISUALLY_CONFIRMED,1,242,278,https://cefael.efa.gr/detail.php?site_id=1&actionID=page&serie_id=EtCret&volume_number=21&issue_number=1&sp=278,12b10ce570f8b62da3116bf36b187840e1ae0575fda2265bac561c65d8885224
HT 154B,v1-viewer-280,HT 154 B,,Heading visually inspected on acquired target page; source spacing normalized only,HM —,"Target historical caption visually collated; dash is unassigned, not an accession",HT 154B,INDIVIDUALLY_NUMBERED_EDITION_ENTRY,"[3,20] × 4,10 × 0,80 cm",Caption source order and all brackets/fragment operators retained; no axis assignment or arithmetic normalization,PRIMARY_EDITION_REPORTED,False,False,False,CC BY-NC-SA 4.0,"Ester Salgarella and Simon Castellan, SigLA, via Ryan Pavlicek/pyaegean; edition headings: Godart and Olivier, GORILA I",TARGET_HEADING_VISUALLY_CONFIRMED,1,244,280,https://cefael.efa.gr/detail.php?site_id=1&actionID=page&serie_id=EtCret&volume_number=21&issue_number=1&sp=280,ce9893e72f1f26a43c76c573949ebabb50afb6c97b97b209d90410ba31280cae
HT 154C,v1-viewer-280,HT 154 C,,Heading visually inspected on acquired target page; source spacing normalized only,HM —,"Target historical caption visually collated; dash is unassigned, not an accession",HT 154C,INDIVIDUALLY_NUMBERED_EDITION_ENTRY,"[1,60] × [2,00] × [0,60] cm",Caption source order and all brackets/fragment operators retained; no axis assignment or arithmetic normalization,PRIMARY_EDITION_REPORTED,False,False,False,CC BY-NC-SA 4.0,"Ester Salgarella and Simon Castellan, SigLA, via Ryan Pavlicek/pyaegean; edition headings: Godart and Olivier, GORILA I",TARGET_HEADING_VISUALLY_CONFIRMED,1,244,280,https://cefael.efa.gr/detail.php?site_id=1&actionID=page&serie_id=EtCret&volume_number=21&issue_number=1&sp=280,ce9893e72f1f26a43c76c573949ebabb50afb6c97b97b209d90410ba31280cae
HT 154E,v1-viewer-280,HT 154 E,,Heading visually inspected on acquired target page; source spacing normalized only,HM —,"Target historical caption visually collated; dash is unassigned, not an accession",HT 154E,INDIVIDUALLY_NUMBERED_EDITION_ENTRY,"3,70 × [3,80] × 0,70 cm",Caption source order and all brackets/fragment operators retained; no axis assignment or arithmetic normalization,PRIMARY_EDITION_REPORTED,False,False,False,CC BY-NC-SA 4.0,"Ester Salgarella and Simon Castellan, SigLA, via Ryan Pavlicek/pyaegean; edition headings: Godart and Olivier, GORILA I",TARGET_HEADING_VISUALLY_CONFIRMED,1,244,280,https://cefael.efa.gr/detail.php?site_id=1&actionID=page&serie_id=EtCret&volume_number=21&issue_number=1&sp=280,ce9893e72f1f26a43c76c573949ebabb50afb6c97b97b209d90410ba31280cae
HT 154G,v1-viewer-282,HT 154 G,,Heading visually inspected on acquired target page; source spacing normalized only,HM —,"Target historical caption visually collated; dash is unassigned, not an accession",HT 154G,INDIVIDUALLY_NUMBERED_EDITION_ENTRY,"[2,80] × [2,40] × 0,50 cm",Caption source order and all brackets/fragment operators retained; no axis assignment or arithmetic normalization,PRIMARY_EDITION_REPORTED,False,False,False,CC BY-NC-SA 4.0,"Ester Salgarella and Simon Castellan, SigLA, via Ryan Pavlicek/pyaegean; edition headings: Godart and Olivier, GORILA I",TARGET_HEADING_VISUALLY_CONFIRMED,1,246,282,https://cefael.efa.gr/detail.php?site_id=1&actionID=page&serie_id=EtCret&volume_number=21&issue_number=1&sp=282,e47791965263d647593261f47b2ecfe501046a1edfa5adabbc9f034f3977e018
HT 154Ja,v1-viewer-282,HT 154J a,a,Heading visually inspected on acquired target page; source spacing normalized only,HM —,"Target historical caption visually collated; dash is unassigned, not an accession",HT 154J,LABELLED_FACE_OF_EDITION_PARENT,"[3,50] × [3,30] × 1,00 cm",Caption source order and all brackets/fragment operators retained; no axis assignment or arithmetic normalization,PRIMARY_EDITION_REPORTED,False,False,False,CC BY-NC-SA 4.0,"Ester Salgarella and Simon Castellan, SigLA, via Ryan Pavlicek/pyaegean; edition headings: Godart and Olivier, GORILA I",TARGET_HEADING_VISUALLY_CONFIRMED,1,246,282,https://cefael.efa.gr/detail.php?site_id=1&actionID=page&serie_id=EtCret&volume_number=21&issue_number=1&sp=282,e47791965263d647593261f47b2ecfe501046a1edfa5adabbc9f034f3977e018
HT 154Jb,v1-viewer-282,HT 154J b,b,Heading visually inspected on acquired target page; source spacing normalized only,,No separate face-b caption; parent caption presented beneath face a,HT 154J,LABELLED_FACE_OF_EDITION_PARENT,,No separately reported face-b dimensions,PRIMARY_EDITION_REPORTED,False,False,False,CC BY-NC-SA 4.0,"Ester Salgarella and Simon Castellan, SigLA, via Ryan Pavlicek/pyaegean; edition headings: Godart and Olivier, GORILA I",TARGET_HEADING_VISUALLY_CONFIRMED,1,246,282,https://cefael.efa.gr/detail.php?site_id=1&actionID=page&serie_id=EtCret&volume_number=21&issue_number=1&sp=282,e47791965263d647593261f47b2ecfe501046a1edfa5adabbc9f034f3977e018
HT 154K,v1-viewer-284,HT 154 K,,Heading visually inspected on acquired target page; source spacing normalized only,HM —,"Target historical caption visually collated; dash is unassigned, not an accession",HT 154K,INDIVIDUALLY_NUMBERED_EDITION_ENTRY,"[1,60] × [2,80] × [0,40] cm",Caption source order and all brackets/fragment operators retained; no axis assignment or arithmetic normalization,PRIMARY_EDITION_REPORTED,False,False,False,CC BY-NC-SA 4.0,"Ester Salgarella and Simon Castellan, SigLA, via Ryan Pavlicek/pyaegean; edition headings: Godart and Olivier, GORILA I",TARGET_HEADING_VISUALLY_CONFIRMED,1,248,284,https://cefael.efa.gr/detail.php?site_id=1&actionID=page&serie_id=EtCret&volume_number=21&issue_number=1&sp=284,ba1e000d7b88bf667bbd7bae2c5433c69e56a7ec27ef9a01d881a92938d9079d
HT 154L,v1-viewer-284,HT 154 L,,Heading visually inspected on acquired target page; source spacing normalized only,HM —,"Target historical caption visually collated; dash is unassigned, not an accession",HT 154L,INDIVIDUALLY_NUMBERED_EDITION_ENTRY,"[2,80] × [2,80] × 0,80 cm",Caption source order and all brackets/fragment operators retained; no axis assignment or arithmetic normalization,PRIMARY_EDITION_REPORTED,False,False,False,CC BY-NC-SA 4.0,"Ester Salgarella and Simon Castellan, SigLA, via Ryan Pavlicek/pyaegean; edition headings: Godart and Olivier, GORILA I",TARGET_HEADING_VISUALLY_CONFIRMED,1,248,284,https://cefael.efa.gr/detail.php?site_id=1&actionID=page&serie_id=EtCret&volume_number=21&issue_number=1&sp=284,ba1e000d7b88bf667bbd7bae2c5433c69e56a7ec27ef9a01d881a92938d9079d
HT 154M,v1-viewer-286,HT 154 M,,Heading visually inspected on acquired target page; source spacing normalized only,HM —,"Target historical caption visually collated; dash is unassigned, not an accession",HT 154M,INDIVIDUALLY_NUMBERED_EDITION_ENTRY,"[3,10] × [3,50] × 0,80 cm",Caption source order and all brackets/fragment operators retained; no axis assignment or arithmetic normalization,PRIMARY_EDITION_REPORTED,False,False,False,CC BY-NC-SA 4.0,"Ester Salgarella and Simon Castellan, SigLA, via Ryan Pavlicek/pyaegean; edition headings: Godart and Olivier, GORILA I",TARGET_HEADING_VISUALLY_CONFIRMED,1,250,286,https://cefael.efa.gr/detail.php?site_id=1&actionID=page&serie_id=EtCret&volume_number=21&issue_number=1&sp=286,6e15624cd15805eaa2b272a8bd4d209abed931e04a4adb89b2e77f2066f2756a
HT 154N,v1-viewer-286,HT 154 N,,Heading visually inspected on acquired target page; source spacing normalized only,HM —,"Target historical caption visually collated; dash is unassigned, not an accession",HT 154N,INDIVIDUALLY_NUMBERED_EDITION_ENTRY,"[2,80] × [4,00] × 0,90 cm",Caption source order and all brackets/fragment operators retained; no axis assignment or arithmetic normalization,PRIMARY_EDITION_REPORTED,False,False,False,CC BY-NC-SA 4.0,"Ester Salgarella and Simon Castellan, SigLA, via Ryan Pavlicek/pyaegean; edition headings: Godart and Olivier, GORILA I",TARGET_HEADING_VISUALLY_CONFIRMED,1,250,286,https://cefael.efa.gr/detail.php?site_id=1&actionID=page&serie_id=EtCret&volume_number=21&issue_number=1&sp=286,6e15624cd15805eaa2b272a8bd4d209abed931e04a4adb89b2e77f2066f2756a
HT 16,v1-viewer-68,HT 16,,Heading visually inspected on acquired target page; source spacing normalized only,HM 18,"Target historical caption visually collated; dash is unassigned, not an accession",HT 16,INDIVIDUALLY_NUMBERED_EDITION_ENTRY,"4,60 × 6,80 × 1,00 cm",Caption source order and all brackets/fragment operators retained; no axis assignment or arithmetic normalization,PRIMARY_EDITION_REPORTED,False,False,False,CC BY-NC-SA 4.0,"Ester Salgarella and Simon Castellan, SigLA, via Ryan Pavlicek/pyaegean; edition headings: Godart and Olivier, GORILA I",TARGET_HEADING_VISUALLY_CONFIRMED,1,32,68,https://cefael.efa.gr/detail.php?site_id=1&actionID=page&serie_id=EtCret&volume_number=21&issue_number=1&sp=68,c2d30855dd26ee21cbd4cbf5972bec57e2ff7c8075242dcce69508ce36b86ba2
HT 17,v1-viewer-70,HT 17,,Heading visually inspected on acquired target page; source spacing normalized only,HM 23,"Target historical caption visually collated; dash is unassigned, not an accession",HT 17,INDIVIDUALLY_NUMBERED_EDITION_ENTRY,"4,60 × 5,60 × 0,70 cm",Caption source order and all brackets/fragment operators retained; no axis assignment or arithmetic normalization,PRIMARY_EDITION_REPORTED,False,False,False,CC BY-NC-SA 4.0,"Ester Salgarella and Simon Castellan, SigLA, via Ryan Pavlicek/pyaegean; edition headings: Godart and Olivier, GORILA I",TARGET_HEADING_VISUALLY_CONFIRMED,1,34,70,https://cefael.efa.gr/detail.php?site_id=1&actionID=page&serie_id=EtCret&volume_number=21&issue_number=1&sp=70,7df3fb2ccbae0a78c931954ae9bde742112d9262030a055365478ad2bfc579a2
HT 18,v1-viewer-70,HT 18,,Heading visually inspected on acquired target page; source spacing normalized only,HM 25,"Target historical caption visually collated; dash is unassigned, not an accession",HT 18,INDIVIDUALLY_NUMBERED_EDITION_ENTRY,"4,00 × 5,70 × 0,80 cm",Caption source order and all brackets/fragment operators retained; no axis assignment or arithmetic normalization,PRIMARY_EDITION_REPORTED,False,False,False,CC BY-NC-SA 4.0,"Ester Salgarella and Simon Castellan, SigLA, via Ryan Pavlicek/pyaegean; edition headings: Godart and Olivier, GORILA I",TARGET_HEADING_VISUALLY_CONFIRMED,1,34,70,https://cefael.efa.gr/detail.php?site_id=1&actionID=page&serie_id=EtCret&volume_number=21&issue_number=1&sp=70,7df3fb2ccbae0a78c931954ae9bde742112d9262030a055365478ad2bfc579a2
HT 19,v1-viewer-72,HT 19,,Heading visually inspected on acquired target page; source spacing normalized only,HM 26,"Target historical caption visually collated; dash is unassigned, not an accession",HT 19,INDIVIDUALLY_NUMBERED_EDITION_ENTRY,"3,50 × 5,90 × 0,80 cm",Caption source order and all brackets/fragment operators retained; no axis assignment or arithmetic normalization,PRIMARY_EDITION_REPORTED,False,False,False,CC BY-NC-SA 4.0,"Ester Salgarella and Simon Castellan, SigLA, via Ryan Pavlicek/pyaegean; edition headings: Godart and Olivier, GORILA I",TARGET_HEADING_VISUALLY_CONFIRMED,1,36,72,https://cefael.efa.gr/detail.php?site_id=1&actionID=page&serie_id=EtCret&volume_number=21&issue_number=1&sp=72,063575603fdefa5150a713dec3c223758a0a94b8a390e54989dd492d7051274d
HT 20,v1-viewer-72,HT 20,,Heading visually inspected on acquired target page; source spacing normalized only,HM 27,"Target historical caption visually collated; dash is unassigned, not an accession",HT 20,INDIVIDUALLY_NUMBERED_EDITION_ENTRY,"3,90 × 6,20 × 0,80 cm",Caption source order and all brackets/fragment operators retained; no axis assignment or arithmetic normalization,PRIMARY_EDITION_REPORTED,False,False,False,CC BY-NC-SA 4.0,"Ester Salgarella and Simon Castellan, SigLA, via Ryan Pavlicek/pyaegean; edition headings: Godart and Olivier, GORILA I",TARGET_HEADING_VISUALLY_CONFIRMED,1,36,72,https://cefael.efa.gr/detail.php?site_id=1&actionID=page&serie_id=EtCret&volume_number=21&issue_number=1&sp=72,063575603fdefa5150a713dec3c223758a0a94b8a390e54989dd492d7051274d
HT 2,v1-viewer-40,HT 2,,Heading visually inspected on acquired target page; source spacing normalized only,HM 4,"Target historical caption visually collated; dash is unassigned, not an accession",HT 2,INDIVIDUALLY_NUMBERED_EDITION_ENTRY,"4,80 × 6,90 × 0,90 cm",Caption source order and all brackets/fragment operators retained; no axis assignment or arithmetic normalization,PRIMARY_EDITION_REPORTED,False,False,False,CC BY-NC-SA 4.0,"Ester Salgarella and Simon Castellan, SigLA, via Ryan Pavlicek/pyaegean; edition headings: Godart and Olivier, GORILA I",TARGET_HEADING_VISUALLY_CONFIRMED,1,4,40,https://cefael.efa.gr/detail.php?site_id=1&actionID=page&serie_id=EtCret&volume_number=21&issue_number=1&sp=40,85cc2923d248c1ea8819043c5683eb9a07bee0b687bc0a2557bcdbc31df09726
HT 21,v1-viewer-74,HT 21,,Heading visually inspected on acquired target page; source spacing normalized only,HM 28,"Target historical caption visually collated; dash is unassigned, not an accession",HT 21,INDIVIDUALLY_NUMBERED_EDITION_ENTRY,"4,50 × 6,70 × 0,90 cm",Caption source order and all brackets/fragment operators retained; no axis assignment or arithmetic normalization,PRIMARY_EDITION_REPORTED,False,False,False,CC BY-NC-SA 4.0,"Ester Salgarella and Simon Castellan, SigLA, via Ryan Pavlicek/pyaegean; edition headings: Godart and Olivier, GORILA I",TARGET_HEADING_VISUALLY_CONFIRMED,1,38,74,https://cefael.efa.gr/detail.php?site_id=1&actionID=page&serie_id=EtCret&volume_number=21&issue_number=1&sp=74,b6aef5b57c49f164571f6f562ec7db28ff377ae80908c73c2d1c5f403eec1251
HT 22,v1-viewer-74,HT 22,,Heading visually inspected on acquired target page; source spacing normalized only,HM 45,"Target historical caption visually collated; dash is unassigned, not an accession",HT 22,INDIVIDUALLY_NUMBERED_EDITION_ENTRY,"3,40 × [3,00] × 0,60 cm",Edition caption visually rechecked in crop of saved original pixels at 4× display scale; brackets/operators retained; no summed or normalized size,PRIMARY_EDITION_REPORTED,False,False,False,CC BY-NC-SA 4.0,"Ester Salgarella and Simon Castellan, SigLA, via Ryan Pavlicek/pyaegean; edition headings: Godart and Olivier, GORILA I",TARGET_HEADING_VISUALLY_CONFIRMED,1,38,74,https://cefael.efa.gr/detail.php?site_id=1&actionID=page&serie_id=EtCret&volume_number=21&issue_number=1&sp=74,b6aef5b57c49f164571f6f562ec7db28ff377ae80908c73c2d1c5f403eec1251
HT 23a,v1-viewer-76,HT 23 a,a,Heading visually inspected on acquired target page; source spacing normalized only,HM 12,"Target historical caption visually collated; dash is unassigned, not an accession",HT 23,LABELLED_FACE_OF_EDITION_PARENT,"5,60 × 6,90 × 0,80 cm",Caption source order and all brackets/fragment operators retained; no axis assignment or arithmetic normalization,PRIMARY_EDITION_REPORTED,False,False,False,CC BY-NC-SA 4.0,"Ester Salgarella and Simon Castellan, SigLA, via Ryan Pavlicek/pyaegean; edition headings: Godart and Olivier, GORILA I",TARGET_HEADING_VISUALLY_CONFIRMED,1,40,76,https://cefael.efa.gr/detail.php?site_id=1&actionID=page&serie_id=EtCret&volume_number=21&issue_number=1&sp=76,4af352889c93990a8e6a63bf7d8c60411b0c66d056f86b060eba2a931962a0f5
HT 23b,v1-viewer-76,HT 23 b,b,Heading visually inspected on acquired target page; source spacing normalized only,,No separate face-b caption; parent caption presented beneath face a,HT 23,LABELLED_FACE_OF_EDITION_PARENT,,No separately reported face-b dimensions,PRIMARY_EDITION_REPORTED,False,False,False,CC BY-NC-SA 4.0,"Ester Salgarella and Simon Castellan, SigLA, via Ryan Pavlicek/pyaegean; edition headings: Godart and Olivier, GORILA I",TARGET_HEADING_VISUALLY_CONFIRMED,1,40,76,https://cefael.efa.gr/detail.php?site_id=1&actionID=page&serie_id=EtCret&volume_number=21&issue_number=1&sp=76,4af352889c93990a8e6a63bf7d8c60411b0c66d056f86b060eba2a931962a0f5
HT 24a,v1-viewer-78,HT 24 a,a,Heading visually inspected on acquired target page; source spacing normalized only,HM 33,"Target historical caption visually collated; dash is unassigned, not an accession",HT 24,LABELLED_FACE_OF_EDITION_PARENT,"5,90 × 7,90 × 0,90 cm",Caption source order and all brackets/fragment operators retained; no axis assignment or arithmetic normalization,PRIMARY_EDITION_REPORTED,False,False,False,CC BY-NC-SA 4.0,"Ester Salgarella and Simon Castellan, SigLA, via Ryan Pavlicek/pyaegean; edition headings: Godart and Olivier, GORILA I",TARGET_HEADING_VISUALLY_CONFIRMED,1,42,78,https://cefael.efa.gr/detail.php?site_id=1&actionID=page&serie_id=EtCret&volume_number=21&issue_number=1&sp=78,e127acf9550e771de0fb7749fa2e16014bde99ef43cea448b7871ff2877aae46
HT 24b,v1-viewer-78,HT 24 b,b,Heading visually inspected on acquired target page; source spacing normalized only,,No separate face-b caption; parent caption presented beneath face a,HT 24,LABELLED_FACE_OF_EDITION_PARENT,,No separately reported face-b dimensions,PRIMARY_EDITION_REPORTED,False,False,False,CC BY-NC-SA 4.0,"Ester Salgarella and Simon Castellan, SigLA, via Ryan Pavlicek/pyaegean; edition headings: Godart and Olivier, GORILA I",TARGET_HEADING_VISUALLY_CONFIRMED,1,42,78,https://cefael.efa.gr/detail.php?site_id=1&actionID=page&serie_id=EtCret&volume_number=21&issue_number=1&sp=78,e127acf9550e771de0fb7749fa2e16014bde99ef43cea448b7871ff2877aae46
HT 25a,v1-viewer-80,HT 25 a,a,Heading visually inspected on acquired target page; source spacing normalized only,HM 34,"Target historical caption visually collated; dash is unassigned, not an accession",HT 25,LABELLED_FACE_OF_EDITION_PARENT,"7,00 × [6,50] × 1,00 cm",Caption source order and all brackets/fragment operators retained; no axis assignment or arithmetic normalization,PRIMARY_EDITION_REPORTED,False,False,False,CC BY-NC-SA 4.0,"Ester Salgarella and Simon Castellan, SigLA, via Ryan Pavlicek/pyaegean; edition headings: Godart and Olivier, GORILA I",TARGET_HEADING_VISUALLY_CONFIRMED,1,44,80,https://cefael.efa.gr/detail.php?site_id=1&actionID=page&serie_id=EtCret&volume_number=21&issue_number=1&sp=80,bb94289840e47ab53ed56faf8ff3635223233938da18151ff692ad9dac42e3a7
HT 25b,v1-viewer-80,HT 25 b,b,Heading visually inspected on acquired target page; source spacing normalized only,,No separate face-b caption; parent caption presented beneath face a,HT 25,LABELLED_FACE_OF_EDITION_PARENT,,No separately reported face-b dimensions,PRIMARY_EDITION_REPORTED,False,False,False,CC BY-NC-SA 4.0,"Ester Salgarella and Simon Castellan, SigLA, via Ryan Pavlicek/pyaegean; edition headings: Godart and Olivier, GORILA I",TARGET_HEADING_VISUALLY_CONFIRMED,1,44,80,https://cefael.efa.gr/detail.php?site_id=1&actionID=page&serie_id=EtCret&volume_number=21&issue_number=1&sp=80,bb94289840e47ab53ed56faf8ff3635223233938da18151ff692ad9dac42e3a7
HT 26a,v1-viewer-82,HT 26 a,a,Heading visually inspected on acquired target page; source spacing normalized only,HM 35,"Target historical caption visually collated; dash is unassigned, not an accession",HT 26,LABELLED_FACE_OF_EDITION_PARENT,"4,50 × [5,20] × 0,90 cm",Caption source order and all brackets/fragment operators retained; no axis assignment or arithmetic normalization,PRIMARY_EDITION_REPORTED,False,False,False,CC BY-NC-SA 4.0,"Ester Salgarella and Simon Castellan, SigLA, via Ryan Pavlicek/pyaegean; edition headings: Godart and Olivier, GORILA I",TARGET_HEADING_VISUALLY_CONFIRMED,1,46,82,https://cefael.efa.gr/detail.php?site_id=1&actionID=page&serie_id=EtCret&volume_number=21&issue_number=1&sp=82,fa7c9ccbf390281bfc05af63b1b38d1c8e567f2a3da3797715c7bed032473eb9
HT 26b,v1-viewer-82,HT 26 b,b,Heading visually inspected on acquired target page; source spacing normalized only,,No separate face-b caption; parent caption presented beneath face a,HT 26,LABELLED_FACE_OF_EDITION_PARENT,,No separately reported face-b dimensions,PRIMARY_EDITION_REPORTED,False,False,False,CC BY-NC-SA 4.0,"Ester Salgarella and Simon Castellan, SigLA, via Ryan Pavlicek/pyaegean; edition headings: Godart and Olivier, GORILA I",TARGET_HEADING_VISUALLY_CONFIRMED,1,46,82,https://cefael.efa.gr/detail.php?site_id=1&actionID=page&serie_id=EtCret&volume_number=21&issue_number=1&sp=82,fa7c9ccbf390281bfc05af63b1b38d1c8e567f2a3da3797715c7bed032473eb9
HT 27a,v1-viewer-84,HT 27 a,a,Heading visually inspected on acquired target page; source spacing normalized only,HM 36 + 53,"Target historical caption visually collated; dash is unassigned, not an accession",HT 27,LABELLED_FACE_OF_EDITION_PARENT,"6,70 × 9,30 × 1,00 cm",Caption source order and all brackets/fragment operators retained; no axis assignment or arithmetic normalization,PRIMARY_EDITION_REPORTED,False,False,False,CC BY-NC-SA 4.0,"Ester Salgarella and Simon Castellan, SigLA, via Ryan Pavlicek/pyaegean; edition headings: Godart and Olivier, GORILA I",TARGET_HEADING_VISUALLY_CONFIRMED,1,48,84,https://cefael.efa.gr/detail.php?site_id=1&actionID=page&serie_id=EtCret&volume_number=21&issue_number=1&sp=84,6bf8250e1c7620c939b80054be1140310ccfbe042ca93aa02b36d76d765452a9
HT 27b,v1-viewer-86,HT 27 b,b,Heading visually inspected on acquired target page; source spacing normalized only,,No separate face-b caption on inspected page; parent caption presented on face-a page,HT 27,LABELLED_FACE_OF_EDITION_PARENT,,No separately reported face-b dimensions,PRIMARY_EDITION_REPORTED,False,False,False,CC BY-NC-SA 4.0,"Ester Salgarella and Simon Castellan, SigLA, via Ryan Pavlicek/pyaegean; edition headings: Godart and Olivier, GORILA I",TARGET_HEADING_VISUALLY_CONFIRMED,1,50,86,https://cefael.efa.gr/detail.php?site_id=1&actionID=page&serie_id=EtCret&volume_number=21&issue_number=1&sp=86,bf0ece3048cea0cd3b75238d2176764fe1ca4982cff65553a619d66041144602
HT 28a,v1-viewer-88,HT 28 a,a,Heading visually inspected on acquired target page; source spacing normalized only,HM 51,"Target historical caption visually collated; dash is unassigned, not an accession",HT 28,LABELLED_FACE_OF_EDITION_PARENT,"5,90 × 8,50 × 0,90 cm",Caption source order and all brackets/fragment operators retained; no axis assignment or arithmetic normalization,PRIMARY_EDITION_REPORTED,False,False,False,CC BY-NC-SA 4.0,"Ester Salgarella and Simon Castellan, SigLA, via Ryan Pavlicek/pyaegean; edition headings: Godart and Olivier, GORILA I",TARGET_HEADING_VISUALLY_CONFIRMED,1,52,88,https://cefael.efa.gr/detail.php?site_id=1&actionID=page&serie_id=EtCret&volume_number=21&issue_number=1&sp=88,9e2c9c607d09de756de9d4ea75df951b82ddb1503330cdb6e6cd196b80be3dc5
HT 28b,v1-viewer-88,HT 28 b,b,Heading visually inspected on acquired target page; source spacing normalized only,,No separate face-b caption; parent caption presented beneath face a,HT 28,LABELLED_FACE_OF_EDITION_PARENT,,No separately reported face-b dimensions,PRIMARY_EDITION_REPORTED,False,False,False,CC BY-NC-SA 4.0,"Ester Salgarella and Simon Castellan, SigLA, via Ryan Pavlicek/pyaegean; edition headings: Godart and Olivier, GORILA I",TARGET_HEADING_VISUALLY_CONFIRMED,1,52,88,https://cefael.efa.gr/detail.php?site_id=1&actionID=page&serie_id=EtCret&volume_number=21&issue_number=1&sp=88,9e2c9c607d09de756de9d4ea75df951b82ddb1503330cdb6e6cd196b80be3dc5
HT 29,v1-viewer-90,HT 29,,Heading visually inspected on acquired target page; source spacing normalized only,Pigorini 81951; HM 9 (moulage),"Target historical caption visually collated; dash is unassigned, not an accession",HT 29,INDIVIDUALLY_NUMBERED_EDITION_ENTRY,"5,70 × 9,50 × 0,80 cm",Caption source order and all brackets/fragment operators retained; no axis assignment or arithmetic normalization,PRIMARY_EDITION_REPORTED,False,False,False,CC BY-NC-SA 4.0,"Ester Salgarella and Simon Castellan, SigLA, via Ryan Pavlicek/pyaegean; edition headings: Godart and Olivier, GORILA I",TARGET_HEADING_VISUALLY_CONFIRMED,1,54,90,https://cefael.efa.gr/detail.php?site_id=1&actionID=page&serie_id=EtCret&volume_number=21&issue_number=1&sp=90,107911a639159f775305dc2a3bcd1d88ff659f0b49cffc70a4df48df8bf7390f
HT 3,v1-viewer-42,HT 3,,Heading visually inspected on acquired target page; source spacing normalized only,HM 5,"Target historical caption visually collated; dash is unassigned, not an accession",HT 3,INDIVIDUALLY_NUMBERED_EDITION_ENTRY,"5,90 × 9,20 × 0,80 cm",Caption source order and all brackets/fragment operators retained; no axis assignment or arithmetic normalization,PRIMARY_EDITION_REPORTED,False,False,False,CC BY-NC-SA 4.0,"Ester Salgarella and Simon Castellan, SigLA, via Ryan Pavlicek/pyaegean; edition headings: Godart and Olivier, GORILA I",TARGET_HEADING_VISUALLY_CONFIRMED,1,6,42,https://cefael.efa.gr/detail.php?site_id=1&actionID=page&serie_id=EtCret&volume_number=21&issue_number=1&sp=42,0f230b22a6352f03a1bb3f245239d65acb2276b35a821592c99f52beb7a10f41
HT 30,v1-viewer-92,HT 30,,Heading visually inspected on acquired target page; source spacing normalized only,HM 14,"Target historical caption visually collated; dash is unassigned, not an accession",HT 30,INDIVIDUALLY_NUMBERED_EDITION_ENTRY,"5,10 × 8,10 × 0,70 cm",Caption source order and all brackets/fragment operators retained; no axis assignment or arithmetic normalization,PRIMARY_EDITION_REPORTED,False,False,False,CC BY-NC-SA 4.0,"Ester Salgarella and Simon Castellan, SigLA, via Ryan Pavlicek/pyaegean; edition headings: Godart and Olivier, GORILA I",TARGET_HEADING_VISUALLY_CONFIRMED,1,56,92,https://cefael.efa.gr/detail.php?site_id=1&actionID=page&serie_id=EtCret&volume_number=21&issue_number=1&sp=92,2956010c5b31fd0bda798e67c493ecde2ec1c19ca5a773b18a27073fe139d285
HT 31,v1-viewer-94,HT 31,,Heading visually inspected on acquired target page; source spacing normalized only,HM 19,"Target historical caption visually collated; dash is unassigned, not an accession",HT 31,INDIVIDUALLY_NUMBERED_EDITION_ENTRY,"5,80 × 8,50 × 0,90 cm",Caption source order and all brackets/fragment operators retained; no axis assignment or arithmetic normalization,PRIMARY_EDITION_REPORTED,False,False,False,CC BY-NC-SA 4.0,"Ester Salgarella and Simon Castellan, SigLA, via Ryan Pavlicek/pyaegean; edition headings: Godart and Olivier, GORILA I",TARGET_HEADING_VISUALLY_CONFIRMED,1,58,94,https://cefael.efa.gr/detail.php?site_id=1&actionID=page&serie_id=EtCret&volume_number=21&issue_number=1&sp=94,28630df42a23873f3628b94d3ff958b235c11f4eda921b4c9033369649004c6d
HT 32,v1-viewer-96,HT 32,,Heading visually inspected on acquired target page; source spacing normalized only,HM 20,"Target historical caption visually collated; dash is unassigned, not an accession",HT 32,INDIVIDUALLY_NUMBERED_EDITION_ENTRY,"5,10 × 7,80 × 0,70 cm",Caption source order and all brackets/fragment operators retained; no axis assignment or arithmetic normalization,PRIMARY_EDITION_REPORTED,False,False,False,CC BY-NC-SA 4.0,"Ester Salgarella and Simon Castellan, SigLA, via Ryan Pavlicek/pyaegean; edition headings: Godart and Olivier, GORILA I",TARGET_HEADING_VISUALLY_CONFIRMED,1,60,96,https://cefael.efa.gr/detail.php?site_id=1&actionID=page&serie_id=EtCret&volume_number=21&issue_number=1&sp=96,fc918560e1fb37209ee8909db62a87e93dc639b4b394876c0c1fa5ff2355df43
HT 33,v1-viewer-98,HT 33,,Heading visually inspected on acquired target page; source spacing normalized only,HM 21,"Target historical caption visually collated; dash is unassigned, not an accession",HT 33,INDIVIDUALLY_NUMBERED_EDITION_ENTRY,"5,80 × 7,80 × 0,60 cm",Caption source order and all brackets/fragment operators retained; no axis assignment or arithmetic normalization,PRIMARY_EDITION_REPORTED,False,False,False,CC BY-NC-SA 4.0,"Ester Salgarella and Simon Castellan, SigLA, via Ryan Pavlicek/pyaegean; edition headings: Godart and Olivier, GORILA I",TARGET_HEADING_VISUALLY_CONFIRMED,1,62,98,https://cefael.efa.gr/detail.php?site_id=1&actionID=page&serie_id=EtCret&volume_number=21&issue_number=1&sp=98,1ef89588b732e6b4b7f092690f8a1dbb2b093112ca7a24f90ef20770e82685ed
HT 34,v1-viewer-100,HT 34,,Heading visually inspected on acquired target page; source spacing normalized only,HM 22,"Target historical caption visually collated; dash is unassigned, not an accession",HT 34,INDIVIDUALLY_NUMBERED_EDITION_ENTRY,"5,00 × 7,60 × 0,90 cm",Caption source order and all brackets/fragment operators retained; no axis assignment or arithmetic normalization,PRIMARY_EDITION_REPORTED,False,False,False,CC BY-NC-SA 4.0,"Ester Salgarella and Simon Castellan, SigLA, via Ryan Pavlicek/pyaegean; edition headings: Godart and Olivier, GORILA I",TARGET_HEADING_VISUALLY_CONFIRMED,1,64,100,https://cefael.efa.gr/detail.php?site_id=1&actionID=page&serie_id=EtCret&volume_number=21&issue_number=1&sp=100,169970936bbf4e6446409d5f211859696d8460478b8e88d85d03010337d9658c
HT 35,v1-viewer-102,HT 35,,Heading visually inspected on acquired target page; source spacing normalized only,HM 24,"Target historical caption visually collated; dash is unassigned, not an accession",HT 35,INDIVIDUALLY_NUMBERED_EDITION_ENTRY,"5,10 × 5,70 × 0,70 cm",Caption source order and all brackets/fragment operators retained; no axis assignment or arithmetic normalization,PRIMARY_EDITION_REPORTED,False,False,False,CC BY-NC-SA 4.0,"Ester Salgarella and Simon Castellan, SigLA, via Ryan Pavlicek/pyaegean; edition headings: Godart and Olivier, GORILA I",TARGET_HEADING_VISUALLY_CONFIRMED,1,66,102,https://cefael.efa.gr/detail.php?site_id=1&actionID=page&serie_id=EtCret&volume_number=21&issue_number=1&sp=102,5d945407f49d1a74a731ce39186eaef07bc1231867c9d66f19777a6def3bc342
HT 36,v1-viewer-104,HT 36,,Heading visually inspected on acquired target page; source spacing normalized only,HM 30,"Target historical caption visually collated; dash is unassigned, not an accession",HT 36,INDIVIDUALLY_NUMBERED_EDITION_ENTRY,"4,60 × 6,10 × 0,90 cm",Caption source order and all brackets/fragment operators retained; no axis assignment or arithmetic normalization,PRIMARY_EDITION_REPORTED,False,False,False,CC BY-NC-SA 4.0,"Ester Salgarella and Simon Castellan, SigLA, via Ryan Pavlicek/pyaegean; edition headings: Godart and Olivier, GORILA I",TARGET_HEADING_VISUALLY_CONFIRMED,1,68,104,https://cefael.efa.gr/detail.php?site_id=1&actionID=page&serie_id=EtCret&volume_number=21&issue_number=1&sp=104,13c153e6c6d93da76f232e94b98213b857e22379ab47ff8b92da69483e2ebe6c
HT 37,v1-viewer-106,HT 37,,Heading visually inspected on acquired target page; source spacing normalized only,HM 31,"Target historical caption visually collated; dash is unassigned, not an accession",HT 37,INDIVIDUALLY_NUMBERED_EDITION_ENTRY,"3,90 × 5,50 × 0,70 cm",Caption source order and all brackets/fragment operators retained; no axis assignment or arithmetic normalization,PRIMARY_EDITION_REPORTED,False,False,False,CC BY-NC-SA 4.0,"Ester Salgarella and Simon Castellan, SigLA, via Ryan Pavlicek/pyaegean; edition headings: Godart and Olivier, GORILA I",TARGET_HEADING_VISUALLY_CONFIRMED,1,70,106,https://cefael.efa.gr/detail.php?site_id=1&actionID=page&serie_id=EtCret&volume_number=21&issue_number=1&sp=106,5950c566d24254a872c11d61150da62ee739d62d4c445441ef8e44b01c19544c
HT 38,v1-viewer-108,HT 38,,Heading visually inspected on acquired target page; source spacing normalized only,HM 32,"Target historical caption visually collated; dash is unassigned, not an accession",HT 38,INDIVIDUALLY_NUMBERED_EDITION_ENTRY,"6,90 × [5,90] × 0,90 cm",Caption source order and all brackets/fragment operators retained; no axis assignment or arithmetic normalization,PRIMARY_EDITION_REPORTED,False,False,False,CC BY-NC-SA 4.0,"Ester Salgarella and Simon Castellan, SigLA, via Ryan Pavlicek/pyaegean; edition headings: Godart and Olivier, GORILA I",TARGET_HEADING_VISUALLY_CONFIRMED,1,72,108,https://cefael.efa.gr/detail.php?site_id=1&actionID=page&serie_id=EtCret&volume_number=21&issue_number=1&sp=108,fc6697570e235a6f7f96420cf2cbf86adecd07d201818c11668f1d504500fe9a
HT 39,v1-viewer-110,HT 39,,Heading visually inspected on acquired target page; source spacing normalized only,HM 39,"Target historical caption visually collated; dash is unassigned, not an accession",HT 39,INDIVIDUALLY_NUMBERED_EDITION_ENTRY,"[4,80] × [7,00] × [0,70] cm",Caption source order and all brackets/fragment operators retained; no axis assignment or arithmetic normalization,PRIMARY_EDITION_REPORTED,False,False,False,CC BY-NC-SA 4.0,"Ester Salgarella and Simon Castellan, SigLA, via Ryan Pavlicek/pyaegean; edition headings: Godart and Olivier, GORILA I",TARGET_HEADING_VISUALLY_CONFIRMED,1,74,110,https://cefael.efa.gr/detail.php?site_id=1&actionID=page&serie_id=EtCret&volume_number=21&issue_number=1&sp=110,66920b1edd1de19845ed4c3b67adffa688b846acdb9c923117c383705e2cc88b
HT 4,v1-viewer-44,HT 4,,Heading visually inspected on acquired target page; source spacing normalized only,HM 6,"Target historical caption visually collated; dash is unassigned, not an accession",HT 4,INDIVIDUALLY_NUMBERED_EDITION_ENTRY,"[4,70] × [3,60] × 0,90 cm",Caption source order and all brackets/fragment operators retained; no axis assignment or arithmetic normalization,PRIMARY_EDITION_REPORTED,False,False,False,CC BY-NC-SA 4.0,"Ester Salgarella and Simon Castellan, SigLA, via Ryan Pavlicek/pyaegean; edition headings: Godart and Olivier, GORILA I",TARGET_HEADING_VISUALLY_CONFIRMED,1,8,44,https://cefael.efa.gr/detail.php?site_id=1&actionID=page&serie_id=EtCret&volume_number=21&issue_number=1&sp=44,3dd2a50b1a4c518ca65172203f18d035ef76bc7bf6ef2343d0baf1c4a7e0102d
HT 40,v1-viewer-112,HT 40,,Heading visually inspected on acquired target page; source spacing normalized only,HM 40,"Target historical caption visually collated; dash is unassigned, not an accession",HT 40,INDIVIDUALLY_NUMBERED_EDITION_ENTRY,"4,80 × [4,40] × 0,80 cm",Caption source order and all brackets/fragment operators retained; no axis assignment or arithmetic normalization,PRIMARY_EDITION_REPORTED,False,False,False,CC BY-NC-SA 4.0,"Ester Salgarella and Simon Castellan, SigLA, via Ryan Pavlicek/pyaegean; edition headings: Godart and Olivier, GORILA I",TARGET_HEADING_VISUALLY_CONFIRMED,1,76,112,https://cefael.efa.gr/detail.php?site_id=1&actionID=page&serie_id=EtCret&volume_number=21&issue_number=1&sp=112,662795e1e8d9c4f29d1f1ef8e10fd1ecc2bbe76f4c525c54618c2cb3bf97aaa3
HT 41a,v1-viewer-114,HT 41 a,a,Heading visually inspected on acquired target page; source spacing normalized only,HM 41,"Target historical caption visually collated; dash is unassigned, not an accession",HT 41,LABELLED_FACE_OF_EDITION_PARENT,"5,10 × [3,30] × 0,80 cm",Caption source order and all brackets/fragment operators retained; no axis assignment or arithmetic normalization,PRIMARY_EDITION_REPORTED,False,False,False,CC BY-NC-SA 4.0,"Ester Salgarella and Simon Castellan, SigLA, via Ryan Pavlicek/pyaegean; edition headings: Godart and Olivier, GORILA I",TARGET_HEADING_VISUALLY_CONFIRMED,1,78,114,https://cefael.efa.gr/detail.php?site_id=1&actionID=page&serie_id=EtCret&volume_number=21&issue_number=1&sp=114,bafb68c843408f7bb60fc42728b99983d3b0943fbe4fdcdcd54db5fbd56b1773
HT 41b,v1-viewer-114,HT 41 b,b,Heading visually inspected on acquired target page; source spacing normalized only,,No separate face-b caption; parent caption presented beneath face a,HT 41,LABELLED_FACE_OF_EDITION_PARENT,,No separately reported face-b dimensions,PRIMARY_EDITION_REPORTED,False,False,False,CC BY-NC-SA 4.0,"Ester Salgarella and Simon Castellan, SigLA, via Ryan Pavlicek/pyaegean; edition headings: Godart and Olivier, GORILA I",TARGET_HEADING_VISUALLY_CONFIRMED,1,78,114,https://cefael.efa.gr/detail.php?site_id=1&actionID=page&serie_id=EtCret&volume_number=21&issue_number=1&sp=114,bafb68c843408f7bb60fc42728b99983d3b0943fbe4fdcdcd54db5fbd56b1773
HT 42+59,v1-viewer-116,HT 42 [+] 59,,Printed heading preserves bracketed [+]; source ID flattens this qualification. No certified physical join.,HM 46 [+] 42,"Target historical caption visually collated; dash is unassigned, not an accession",HT 42+59,INDIVIDUALLY_NUMBERED_EDITION_ENTRY,"6,20 × [4,80]+[5,30] × 0,90 cm",Caption source order and all brackets/fragment operators retained; no axis assignment or arithmetic normalization,PRIMARY_EDITION_REPORTED,False,False,False,CC BY-NC-SA 4.0,"Ester Salgarella and Simon Castellan, SigLA, via Ryan Pavlicek/pyaegean; edition headings: Godart and Olivier, GORILA I",TARGET_HEADING_VISUALLY_CONFIRMED,1,80,116,https://cefael.efa.gr/detail.php?site_id=1&actionID=page&serie_id=EtCret&volume_number=21&issue_number=1&sp=116,b2fb3f9bffccd40d4f9b1e47412d74ea22797b95af1a9569d832453324db0f46
HT 43,v1-viewer-118,HT 43,,Heading visually inspected on acquired target page; source spacing normalized only,HM 49,"Target historical caption visually collated; dash is unassigned, not an accession",HT 43,INDIVIDUALLY_NUMBERED_EDITION_ENTRY,"4,50 × 3,30 × 0,90 cm",Caption source order and all brackets/fragment operators retained; no axis assignment or arithmetic normalization,PRIMARY_EDITION_REPORTED,False,False,False,CC BY-NC-SA 4.0,"Ester Salgarella and Simon Castellan, SigLA, via Ryan Pavlicek/pyaegean; edition headings: Godart and Olivier, GORILA I",TARGET_HEADING_VISUALLY_CONFIRMED,1,82,118,https://cefael.efa.gr/detail.php?site_id=1&actionID=page&serie_id=EtCret&volume_number=21&issue_number=1&sp=118,9ccd5052fe692f4675734be0cb74c5682712c83c3183d5bf36b3fb4eb9d2de8d
HT 44a,v1-viewer-120,HT 44 a,a,Heading visually inspected on acquired target page; source spacing normalized only,HM 38,"Target historical caption visually collated; dash is unassigned, not an accession",HT 44,LABELLED_FACE_OF_EDITION_PARENT,"[4,20] × [8,20] × 1,10 cm",Caption source order and all brackets/fragment operators retained; no axis assignment or arithmetic normalization,PRIMARY_EDITION_REPORTED,False,False,False,CC BY-NC-SA 4.0,"Ester Salgarella and Simon Castellan, SigLA, via Ryan Pavlicek/pyaegean; edition headings: Godart and Olivier, GORILA I",TARGET_HEADING_VISUALLY_CONFIRMED,1,84,120,https://cefael.efa.gr/detail.php?site_id=1&actionID=page&serie_id=EtCret&volume_number=21&issue_number=1&sp=120,c9926caa6e8e21283dd1d3c8d2ad2216239819d418839c4d0789eaa3fd416f55
HT 44b,v1-viewer-120,HT 44 b,b,Heading visually inspected on acquired target page; source spacing normalized only,,No separate face-b caption; parent caption presented beneath face a,HT 44,LABELLED_FACE_OF_EDITION_PARENT,,No separately reported face-b dimensions,PRIMARY_EDITION_REPORTED,False,False,False,CC BY-NC-SA 4.0,"Ester Salgarella and Simon Castellan, SigLA, via Ryan Pavlicek/pyaegean; edition headings: Godart and Olivier, GORILA I",TARGET_HEADING_VISUALLY_CONFIRMED,1,84,120,https://cefael.efa.gr/detail.php?site_id=1&actionID=page&serie_id=EtCret&volume_number=21&issue_number=1&sp=120,c9926caa6e8e21283dd1d3c8d2ad2216239819d418839c4d0789eaa3fd416f55
HT 45a,v1-viewer-122,HT 45 a,a,Heading visually inspected on acquired target page; source spacing normalized only,HM 47,"Target historical caption visually collated; dash is unassigned, not an accession",HT 45,LABELLED_FACE_OF_EDITION_PARENT,"6,00 × [5,10] × 0,80 cm",Caption source order and all brackets/fragment operators retained; no axis assignment or arithmetic normalization,PRIMARY_EDITION_REPORTED,False,False,False,CC BY-NC-SA 4.0,"Ester Salgarella and Simon Castellan, SigLA, via Ryan Pavlicek/pyaegean; edition headings: Godart and Olivier, GORILA I",TARGET_HEADING_VISUALLY_CONFIRMED,1,86,122,https://cefael.efa.gr/detail.php?site_id=1&actionID=page&serie_id=EtCret&volume_number=21&issue_number=1&sp=122,c8be0f3a6686a26ed9bf12b58da63ad96cb5d34e12092118400a5055809d6c26
HT 45b,v1-viewer-122,HT 45 b,b,Heading visually inspected on acquired target page; source spacing normalized only,,No separate face-b caption; parent caption presented beneath face a,HT 45,LABELLED_FACE_OF_EDITION_PARENT,,No separately reported face-b dimensions,PRIMARY_EDITION_REPORTED,False,False,False,CC BY-NC-SA 4.0,"Ester Salgarella and Simon Castellan, SigLA, via Ryan Pavlicek/pyaegean; edition headings: Godart and Olivier, GORILA I",TARGET_HEADING_VISUALLY_CONFIRMED,1,86,122,https://cefael.efa.gr/detail.php?site_id=1&actionID=page&serie_id=EtCret&volume_number=21&issue_number=1&sp=122,c8be0f3a6686a26ed9bf12b58da63ad96cb5d34e12092118400a5055809d6c26
HT 46a,v1-viewer-124,HT 46 a,a,Heading visually inspected on acquired target page; source spacing normalized only,HM 48,"Target historical caption visually collated; dash is unassigned, not an accession",HT 46,LABELLED_FACE_OF_EDITION_PARENT,"[4,10] × [4,20] × 0,80 cm",Caption source order and all brackets/fragment operators retained; no axis assignment or arithmetic normalization,PRIMARY_EDITION_REPORTED,False,False,False,CC BY-NC-SA 4.0,"Ester Salgarella and Simon Castellan, SigLA, via Ryan Pavlicek/pyaegean; edition headings: Godart and Olivier, GORILA I",TARGET_HEADING_VISUALLY_CONFIRMED,1,88,124,https://cefael.efa.gr/detail.php?site_id=1&actionID=page&serie_id=EtCret&volume_number=21&issue_number=1&sp=124,06e2e83188ebc38efb90faef61b66846b4d971264c0011875619d301ec580822
HT 46b,v1-viewer-124,HT 46 b,b,Heading visually inspected on acquired target page; source spacing normalized only,,No separate face-b caption; parent caption presented beneath face a,HT 46,LABELLED_FACE_OF_EDITION_PARENT,,No separately reported face-b dimensions,PRIMARY_EDITION_REPORTED,False,False,False,CC BY-NC-SA 4.0,"Ester Salgarella and Simon Castellan, SigLA, via Ryan Pavlicek/pyaegean; edition headings: Godart and Olivier, GORILA I",TARGET_HEADING_VISUALLY_CONFIRMED,1,88,124,https://cefael.efa.gr/detail.php?site_id=1&actionID=page&serie_id=EtCret&volume_number=21&issue_number=1&sp=124,06e2e83188ebc38efb90faef61b66846b4d971264c0011875619d301ec580822
HT 47a,v1-viewer-126,HT 47 a,a,Heading visually inspected on acquired target page; source spacing normalized only,HM 52,"Target historical caption visually collated; dash is unassigned, not an accession",HT 47,LABELLED_FACE_OF_EDITION_PARENT,"5,80 × 8,50 × 1,30 cm",Caption source order and all brackets/fragment operators retained; no axis assignment or arithmetic normalization,PRIMARY_EDITION_REPORTED,False,False,False,CC BY-NC-SA 4.0,"Ester Salgarella and Simon Castellan, SigLA, via Ryan Pavlicek/pyaegean; edition headings: Godart and Olivier, GORILA I",TARGET_HEADING_VISUALLY_CONFIRMED,1,90,126,https://cefael.efa.gr/detail.php?site_id=1&actionID=page&serie_id=EtCret&volume_number=21&issue_number=1&sp=126,470bbac293decc8c21d726fc51c0bbf6dbee358c28f7d8de11257f7334644363
HT 47b,v1-viewer-126,HT 47 b,b,Heading visually inspected on acquired target page; source spacing normalized only,,No separate face-b caption; parent caption presented beneath face a,HT 47,LABELLED_FACE_OF_EDITION_PARENT,,No separately reported face-b dimensions,PRIMARY_EDITION_REPORTED,False,False,False,CC BY-NC-SA 4.0,"Ester Salgarella and Simon Castellan, SigLA, via Ryan Pavlicek/pyaegean; edition headings: Godart and Olivier, GORILA I",TARGET_HEADING_VISUALLY_CONFIRMED,1,90,126,https://cefael.efa.gr/detail.php?site_id=1&actionID=page&serie_id=EtCret&volume_number=21&issue_number=1&sp=126,470bbac293decc8c21d726fc51c0bbf6dbee358c28f7d8de11257f7334644363
HT 49a,v1-viewer-128,HT 49 a,a,Heading visually inspected on acquired target page; source spacing normalized only,HM 55,"Target historical caption visually collated; dash is unassigned, not an accession",HT 49,LABELLED_FACE_OF_EDITION_PARENT,"5,50 × [3,00]+[6,20] × 0,70 cm",Caption source order and all brackets/fragment operators retained; no axis assignment or arithmetic normalization,PRIMARY_EDITION_REPORTED,False,False,False,CC BY-NC-SA 4.0,"Ester Salgarella and Simon Castellan, SigLA, via Ryan Pavlicek/pyaegean; edition headings: Godart and Olivier, GORILA I",TARGET_HEADING_VISUALLY_CONFIRMED,1,92,128,https://cefael.efa.gr/detail.php?site_id=1&actionID=page&serie_id=EtCret&volume_number=21&issue_number=1&sp=128,48d2a33925dff041087a2524952664f9e1182a2833a4a3aee2e4c1585875c78d
HT 49b,v1-viewer-130,HT 49 b,b,Heading visually inspected on acquired target page; source spacing normalized only,,No separate face-b caption on inspected page; parent caption presented on face-a page,HT 49,LABELLED_FACE_OF_EDITION_PARENT,,No separately reported face-b dimensions,PRIMARY_EDITION_REPORTED,False,False,False,CC BY-NC-SA 4.0,"Ester Salgarella and Simon Castellan, SigLA, via Ryan Pavlicek/pyaegean; edition headings: Godart and Olivier, GORILA I",TARGET_HEADING_VISUALLY_CONFIRMED,1,94,130,https://cefael.efa.gr/detail.php?site_id=1&actionID=page&serie_id=EtCret&volume_number=21&issue_number=1&sp=130,4a0a328894ef57949c71c823edad355a4b23a927e794b6a3f36773efbe1a8b11
HT 5,v1-viewer-46,HT 5,,Heading visually inspected on acquired target page; source spacing normalized only,HM 50,"Target historical caption visually collated; dash is unassigned, not an accession",HT 5,INDIVIDUALLY_NUMBERED_EDITION_ENTRY,"[3,30] × [3,50] × 0,90 cm",Caption source order and all brackets/fragment operators retained; no axis assignment or arithmetic normalization,PRIMARY_EDITION_REPORTED,False,False,False,CC BY-NC-SA 4.0,"Ester Salgarella and Simon Castellan, SigLA, via Ryan Pavlicek/pyaegean; edition headings: Godart and Olivier, GORILA I",TARGET_HEADING_VISUALLY_CONFIRMED,1,10,46,https://cefael.efa.gr/detail.php?site_id=1&actionID=page&serie_id=EtCret&volume_number=21&issue_number=1&sp=46,fd58386b7705526624097abbc9568f469eaf27be56326e57a12890fbd68aecc5
HT 50a,v1-viewer-132,HT 50 a,a,Heading visually inspected on acquired target page; source spacing normalized only,HM 56,"Target historical caption visually collated; dash is unassigned, not an accession",HT 50,LABELLED_FACE_OF_EDITION_PARENT,"4,20 × [5,00] × 1,00 cm",Caption source order and all brackets/fragment operators retained; no axis assignment or arithmetic normalization,PRIMARY_EDITION_REPORTED,False,False,False,CC BY-NC-SA 4.0,"Ester Salgarella and Simon Castellan, SigLA, via Ryan Pavlicek/pyaegean; edition headings: Godart and Olivier, GORILA I",TARGET_HEADING_VISUALLY_CONFIRMED,1,96,132,https://cefael.efa.gr/detail.php?site_id=1&actionID=page&serie_id=EtCret&volume_number=21&issue_number=1&sp=132,d722d0d77cf164e6585944997c82f4c8830bdc5019490b81469fec14da20bf0d
HT 50b,v1-viewer-132,HT 50 b,b,Heading visually inspected on acquired target page; source spacing normalized only,,No separate face-b caption; parent caption presented beneath face a,HT 50,LABELLED_FACE_OF_EDITION_PARENT,,No separately reported face-b dimensions,PRIMARY_EDITION_REPORTED,False,False,False,CC BY-NC-SA 4.0,"Ester Salgarella and Simon Castellan, SigLA, via Ryan Pavlicek/pyaegean; edition headings: Godart and Olivier, GORILA I",TARGET_HEADING_VISUALLY_CONFIRMED,1,96,132,https://cefael.efa.gr/detail.php?site_id=1&actionID=page&serie_id=EtCret&volume_number=21&issue_number=1&sp=132,d722d0d77cf164e6585944997c82f4c8830bdc5019490b81469fec14da20bf0d
HT 51a,v1-viewer-134,HT 51 a,a,Heading visually inspected on acquired target page; source spacing normalized only,HM 1335,"Target historical caption visually collated; dash is unassigned, not an accession",HT 51,LABELLED_FACE_OF_EDITION_PARENT,"[3,60] × [4,70] × 0,70 cm",Caption source order and all brackets/fragment operators retained; no axis assignment or arithmetic normalization,PRIMARY_EDITION_REPORTED,False,False,False,CC BY-NC-SA 4.0,"Ester Salgarella and Simon Castellan, SigLA, via Ryan Pavlicek/pyaegean; edition headings: Godart and Olivier, GORILA I",TARGET_HEADING_VISUALLY_CONFIRMED,1,98,134,https://cefael.efa.gr/detail.php?site_id=1&actionID=page&serie_id=EtCret&volume_number=21&issue_number=1&sp=134,d1663b900593b8085ac06b7131f3bf97f87d2010377997be16c7338616c68f32
HT 51b,v1-viewer-134,HT 51 b,b,Heading visually inspected on acquired target page; source spacing normalized only,,No separate face-b caption; parent caption presented beneath face a,HT 51,LABELLED_FACE_OF_EDITION_PARENT,,No separately reported face-b dimensions,PRIMARY_EDITION_REPORTED,False,False,False,CC BY-NC-SA 4.0,"Ester Salgarella and Simon Castellan, SigLA, via Ryan Pavlicek/pyaegean; edition headings: Godart and Olivier, GORILA I",TARGET_HEADING_VISUALLY_CONFIRMED,1,98,134,https://cefael.efa.gr/detail.php?site_id=1&actionID=page&serie_id=EtCret&volume_number=21&issue_number=1&sp=134,d1663b900593b8085ac06b7131f3bf97f87d2010377997be16c7338616c68f32
HT 52a,v1-viewer-136,HT 52 a,a,Heading visually inspected on acquired target page; source spacing normalized only,HM —,"Target historical caption visually collated; dash is unassigned, not an accession",HT 52,LABELLED_FACE_OF_EDITION_PARENT,"[3,20] × [4,20] × 0,60 cm",Caption source order and all brackets/fragment operators retained; no axis assignment or arithmetic normalization,PRIMARY_EDITION_REPORTED,False,False,False,CC BY-NC-SA 4.0,"Ester Salgarella and Simon Castellan, SigLA, via Ryan Pavlicek/pyaegean; edition headings: Godart and Olivier, GORILA I",TARGET_HEADING_VISUALLY_CONFIRMED,1,100,136,https://cefael.efa.gr/detail.php?site_id=1&actionID=page&serie_id=EtCret&volume_number=21&issue_number=1&sp=136,71a06ed84af8e16db8c373374fe748e6b9bf6fa4a2ffbd017476af8b70240202
HT 52b,v1-viewer-136,HT 52 b,b,Heading visually inspected on acquired target page; source spacing normalized only,,No separate face-b caption; parent caption presented beneath face a,HT 52,LABELLED_FACE_OF_EDITION_PARENT,,No separately reported face-b dimensions,PRIMARY_EDITION_REPORTED,False,False,False,CC BY-NC-SA 4.0,"Ester Salgarella and Simon Castellan, SigLA, via Ryan Pavlicek/pyaegean; edition headings: Godart and Olivier, GORILA I",TARGET_HEADING_VISUALLY_CONFIRMED,1,100,136,https://cefael.efa.gr/detail.php?site_id=1&actionID=page&serie_id=EtCret&volume_number=21&issue_number=1&sp=136,71a06ed84af8e16db8c373374fe748e6b9bf6fa4a2ffbd017476af8b70240202
HT 53a,v1-viewer-136,,,"Acquired target shows HT 52 a/b, not HT 53 a/b. Source link retained without confirming target identity.",,NOT_COLLATED_IN_LOCATOR_ONLY_REVIEW,,UNRESOLVED_SOURCE_ROUTE,,NOT_COLLATED_IN_LOCATOR_ONLY_REVIEW,PRIMARY_EDITION_REPORTED,False,False,False,CC BY-NC-SA 4.0,"Ester Salgarella and Simon Castellan, SigLA, via Ryan Pavlicek/pyaegean; edition headings: Godart and Olivier, GORILA I",SOURCE_ROUTE_TARGET_MISMATCH,1,100,136,https://cefael.efa.gr/detail.php?site_id=1&actionID=page&serie_id=EtCret&volume_number=21&issue_number=1&sp=136,71a06ed84af8e16db8c373374fe748e6b9bf6fa4a2ffbd017476af8b70240202
HT 53b,v1-viewer-136,,,"Acquired target shows HT 52 a/b, not HT 53 a/b. Source link retained without confirming target identity.",,NOT_COLLATED_IN_LOCATOR_ONLY_REVIEW,,UNRESOLVED_SOURCE_ROUTE,,NOT_COLLATED_IN_LOCATOR_ONLY_REVIEW,PRIMARY_EDITION_REPORTED,False,False,False,CC BY-NC-SA 4.0,"Ester Salgarella and Simon Castellan, SigLA, via Ryan Pavlicek/pyaegean; edition headings: Godart and Olivier, GORILA I",SOURCE_ROUTE_TARGET_MISMATCH,1,100,136,https://cefael.efa.gr/detail.php?site_id=1&actionID=page&serie_id=EtCret&volume_number=21&issue_number=1&sp=136,71a06ed84af8e16db8c373374fe748e6b9bf6fa4a2ffbd017476af8b70240202
HT 54a,v1-viewer-140,HT 54 a,a,Heading visually inspected on acquired target page; source spacing normalized only,HM —,"Target historical caption visually collated; dash is unassigned, not an accession",HT 54,LABELLED_FACE_OF_EDITION_PARENT,"[2,60] × [2,40] × 0,70 cm",Caption source order and all brackets/fragment operators retained; no axis assignment or arithmetic normalization,PRIMARY_EDITION_REPORTED,False,False,False,CC BY-NC-SA 4.0,"Ester Salgarella and Simon Castellan, SigLA, via Ryan Pavlicek/pyaegean; edition headings: Godart and Olivier, GORILA I",TARGET_HEADING_VISUALLY_CONFIRMED,1,104,140,https://cefael.efa.gr/detail.php?site_id=1&actionID=page&serie_id=EtCret&volume_number=21&issue_number=1&sp=140,f083718922471fb20e6e1e2ca76c6d46854e3db43321789d1883a9c1a74d3b73
HT 54b,v1-viewer-140,HT 54 b,b,Heading visually inspected on acquired target page; source spacing normalized only,,No separate face-b caption; parent caption presented beneath face a,HT 54,LABELLED_FACE_OF_EDITION_PARENT,,No separately reported face-b dimensions,PRIMARY_EDITION_REPORTED,False,False,False,CC BY-NC-SA 4.0,"Ester Salgarella and Simon Castellan, SigLA, via Ryan Pavlicek/pyaegean; edition headings: Godart and Olivier, GORILA I",TARGET_HEADING_VISUALLY_CONFIRMED,1,104,140,https://cefael.efa.gr/detail.php?site_id=1&actionID=page&serie_id=EtCret&volume_number=21&issue_number=1&sp=140,f083718922471fb20e6e1e2ca76c6d46854e3db43321789d1883a9c1a74d3b73
HT 55a,v1-viewer-142,HT 55 a,a,Heading visually inspected on acquired target page; source spacing normalized only,HM —,"Target historical caption visually collated; dash is unassigned, not an accession",HT 55,LABELLED_FACE_OF_EDITION_PARENT,"[3,60] × [2,00] × 0,90 cm",Caption source order and all brackets/fragment operators retained; no axis assignment or arithmetic normalization,PRIMARY_EDITION_REPORTED,False,False,False,CC BY-NC-SA 4.0,"Ester Salgarella and Simon Castellan, SigLA, via Ryan Pavlicek/pyaegean; edition headings: Godart and Olivier, GORILA I",TARGET_HEADING_VISUALLY_CONFIRMED,1,106,142,https://cefael.efa.gr/detail.php?site_id=1&actionID=page&serie_id=EtCret&volume_number=21&issue_number=1&sp=142,7740b613481ae2efd9d9879246183e5a2e4924fd61e6eecaefea4212a0f65a0d
HT 55b,v1-viewer-142,HT 55 b,b,Heading visually inspected on acquired target page; source spacing normalized only,,No separate face-b caption; parent caption presented beneath face a,HT 55,LABELLED_FACE_OF_EDITION_PARENT,,No separately reported face-b dimensions,PRIMARY_EDITION_REPORTED,False,False,False,CC BY-NC-SA 4.0,"Ester Salgarella and Simon Castellan, SigLA, via Ryan Pavlicek/pyaegean; edition headings: Godart and Olivier, GORILA I",TARGET_HEADING_VISUALLY_CONFIRMED,1,106,142,https://cefael.efa.gr/detail.php?site_id=1&actionID=page&serie_id=EtCret&volume_number=21&issue_number=1&sp=142,7740b613481ae2efd9d9879246183e5a2e4924fd61e6eecaefea4212a0f65a0d
HT 56a,v1-viewer-144,HT 56 a,a,Heading visually inspected on acquired target page; source spacing normalized only,HM —,"Target historical caption visually collated; dash is unassigned, not an accession",HT 56,LABELLED_FACE_OF_EDITION_PARENT,"[2,60] × [2,10] × 0,70 cm",Caption source order and all brackets/fragment operators retained; no axis assignment or arithmetic normalization,PRIMARY_EDITION_REPORTED,False,False,False,CC BY-NC-SA 4.0,"Ester Salgarella and Simon Castellan, SigLA, via Ryan Pavlicek/pyaegean; edition headings: Godart and Olivier, GORILA I",TARGET_HEADING_VISUALLY_CONFIRMED,1,108,144,https://cefael.efa.gr/detail.php?site_id=1&actionID=page&serie_id=EtCret&volume_number=21&issue_number=1&sp=144,5a1c26106fd4d63ed9f0b5cf8fba24d1dbec6a5ea06fe30ae6978a1ba0a6b0da
HT 56b,v1-viewer-144,HT 56 b,b,Heading visually inspected on acquired target page; source spacing normalized only,,No separate face-b caption; parent caption presented beneath face a,HT 56,LABELLED_FACE_OF_EDITION_PARENT,,No separately reported face-b dimensions,PRIMARY_EDITION_REPORTED,False,False,False,CC BY-NC-SA 4.0,"Ester Salgarella and Simon Castellan, SigLA, via Ryan Pavlicek/pyaegean; edition headings: Godart and Olivier, GORILA I",TARGET_HEADING_VISUALLY_CONFIRMED,1,108,144,https://cefael.efa.gr/detail.php?site_id=1&actionID=page&serie_id=EtCret&volume_number=21&issue_number=1&sp=144,5a1c26106fd4d63ed9f0b5cf8fba24d1dbec6a5ea06fe30ae6978a1ba0a6b0da
HT 57a,v1-viewer-146,HT 57 a,a,Heading visually inspected on acquired target page; source spacing normalized only,HM —,"Target historical caption visually collated; dash is unassigned, not an accession",HT 57,LABELLED_FACE_OF_EDITION_PARENT,"[3,00] × [2,80] × 0,70 cm",Caption source order and all brackets/fragment operators retained; no axis assignment or arithmetic normalization,PRIMARY_EDITION_REPORTED,False,False,False,CC BY-NC-SA 4.0,"Ester Salgarella and Simon Castellan, SigLA, via Ryan Pavlicek/pyaegean; edition headings: Godart and Olivier, GORILA I",TARGET_HEADING_VISUALLY_CONFIRMED,1,110,146,https://cefael.efa.gr/detail.php?site_id=1&actionID=page&serie_id=EtCret&volume_number=21&issue_number=1&sp=146,3abd48802c485b6b656ee0fe1657dc2e8ecf23a41801b3c5f4c710759dd66ae3
HT 57b,v1-viewer-146,HT 57 b,b,Heading visually inspected on acquired target page; source spacing normalized only,,No separate face-b caption; parent caption presented beneath face a,HT 57,LABELLED_FACE_OF_EDITION_PARENT,,No separately reported face-b dimensions,PRIMARY_EDITION_REPORTED,False,False,False,CC BY-NC-SA 4.0,"Ester Salgarella and Simon Castellan, SigLA, via Ryan Pavlicek/pyaegean; edition headings: Godart and Olivier, GORILA I",TARGET_HEADING_VISUALLY_CONFIRMED,1,110,146,https://cefael.efa.gr/detail.php?site_id=1&actionID=page&serie_id=EtCret&volume_number=21&issue_number=1&sp=146,3abd48802c485b6b656ee0fe1657dc2e8ecf23a41801b3c5f4c710759dd66ae3
HT 58,v1-viewer-148,HT 58,,Heading visually inspected on acquired target page; source spacing normalized only,HM 37,"Target historical caption visually collated; dash is unassigned, not an accession",HT 58,INDIVIDUALLY_NUMBERED_EDITION_ENTRY,"[4,00] × [4,80] × 0,70 cm",Caption source order and all brackets/fragment operators retained; no axis assignment or arithmetic normalization,PRIMARY_EDITION_REPORTED,False,False,False,CC BY-NC-SA 4.0,"Ester Salgarella and Simon Castellan, SigLA, via Ryan Pavlicek/pyaegean; edition headings: Godart and Olivier, GORILA I",TARGET_HEADING_VISUALLY_CONFIRMED,1,112,148,https://cefael.efa.gr/detail.php?site_id=1&actionID=page&serie_id=EtCret&volume_number=21&issue_number=1&sp=148,dac0cbf0fe345e9dc2b2d2dc80895849c6a6352f6a86875a43b718ba981efaa0
HT 60,v1-viewer-150,HT 60,,Heading visually inspected on acquired target page; source spacing normalized only,HM 43,"Target historical caption visually collated; dash is unassigned, not an accession",HT 60,INDIVIDUALLY_NUMBERED_EDITION_ENTRY,"[5,00] × [4,50] × 0,90 cm",Caption source order and all brackets/fragment operators retained; no axis assignment or arithmetic normalization,PRIMARY_EDITION_REPORTED,False,False,False,CC BY-NC-SA 4.0,"Ester Salgarella and Simon Castellan, SigLA, via Ryan Pavlicek/pyaegean; edition headings: Godart and Olivier, GORILA I",TARGET_HEADING_VISUALLY_CONFIRMED,1,114,150,https://cefael.efa.gr/detail.php?site_id=1&actionID=page&serie_id=EtCret&volume_number=21&issue_number=1&sp=150,13ad51fed26c2865d50eea7e3ca85e692b7c404e8f8305dc0a3b914635f23661
HT 61,v1-viewer-150,HT 61,,Heading visually inspected on acquired target page; source spacing normalized only,HM 44,"Target historical caption visually collated; dash is unassigned, not an accession",HT 61,INDIVIDUALLY_NUMBERED_EDITION_ENTRY,"[4,60] × [5,80] × 1,10 cm",Caption source order and all brackets/fragment operators retained; no axis assignment or arithmetic normalization,PRIMARY_EDITION_REPORTED,False,False,False,CC BY-NC-SA 4.0,"Ester Salgarella and Simon Castellan, SigLA, via Ryan Pavlicek/pyaegean; edition headings: Godart and Olivier, GORILA I",TARGET_HEADING_VISUALLY_CONFIRMED,1,114,150,https://cefael.efa.gr/detail.php?site_id=1&actionID=page&serie_id=EtCret&volume_number=21&issue_number=1&sp=150,13ad51fed26c2865d50eea7e3ca85e692b7c404e8f8305dc0a3b914635f23661
HT 62+73,v1-viewer-152,HT 62 [+] 73,,Printed heading preserves bracketed [+]; source ID flattens this qualification. No certified physical join.,HM 54 [+] —,"Target historical caption visually collated; dash is unassigned, not an accession",HT 62+73,INDIVIDUALLY_NUMBERED_EDITION_ENTRY,"[5,10] × [7,00]+[3,30] × 0,80 cm",Caption source order and all brackets/fragment operators retained; no axis assignment or arithmetic normalization,PRIMARY_EDITION_REPORTED,False,False,False,CC BY-NC-SA 4.0,"Ester Salgarella and Simon Castellan, SigLA, via Ryan Pavlicek/pyaegean; edition headings: Godart and Olivier, GORILA I",TARGET_HEADING_VISUALLY_CONFIRMED,1,116,152,https://cefael.efa.gr/detail.php?site_id=1&actionID=page&serie_id=EtCret&volume_number=21&issue_number=1&sp=152,47824125fbd42383e467753482f3c7cdf53405491c1e0a26bf3f0a3b6fa453f5
HT 63,v1-viewer-154,HT 63,,Heading visually inspected on acquired target page; source spacing normalized only,HM 57,"Target historical caption visually collated; dash is unassigned, not an accession",HT 63,INDIVIDUALLY_NUMBERED_EDITION_ENTRY,"5,60 × [4,20] × 0,80 cm",Caption source order and all brackets/fragment operators retained; no axis assignment or arithmetic normalization,PRIMARY_EDITION_REPORTED,False,False,False,CC BY-NC-SA 4.0,"Ester Salgarella and Simon Castellan, SigLA, via Ryan Pavlicek/pyaegean; edition headings: Godart and Olivier, GORILA I",TARGET_HEADING_VISUALLY_CONFIRMED,1,118,154,https://cefael.efa.gr/detail.php?site_id=1&actionID=page&serie_id=EtCret&volume_number=21&issue_number=1&sp=154,93e88e4d35e29be1de1511c09f2f5c9903658ceb1838b50ab88656797a4ec858
HT 64,v1-viewer-154,HT 64,,Heading visually inspected on acquired target page; source spacing normalized only,HM —,"Target historical caption visually collated; dash is unassigned, not an accession",HT 64,INDIVIDUALLY_NUMBERED_EDITION_ENTRY,"[2,70] × [4,10] × 0,60 cm",Caption source order and all brackets/fragment operators retained; no axis assignment or arithmetic normalization,PRIMARY_EDITION_REPORTED,False,False,False,CC BY-NC-SA 4.0,"Ester Salgarella and Simon Castellan, SigLA, via Ryan Pavlicek/pyaegean; edition headings: Godart and Olivier, GORILA I",TARGET_HEADING_VISUALLY_CONFIRMED,1,118,154,https://cefael.efa.gr/detail.php?site_id=1&actionID=page&serie_id=EtCret&volume_number=21&issue_number=1&sp=154,93e88e4d35e29be1de1511c09f2f5c9903658ceb1838b50ab88656797a4ec858
HT 65,v1-viewer-156,HT 65,,Heading visually inspected on acquired target page; source spacing normalized only,HM —,"Target historical caption visually collated; dash is unassigned, not an accession",HT 65,INDIVIDUALLY_NUMBERED_EDITION_ENTRY,"[3,90] × [2,70] × 0,90 cm",Caption source order and all brackets/fragment operators retained; no axis assignment or arithmetic normalization,PRIMARY_EDITION_REPORTED,False,False,False,CC BY-NC-SA 4.0,"Ester Salgarella and Simon Castellan, SigLA, via Ryan Pavlicek/pyaegean; edition headings: Godart and Olivier, GORILA I",TARGET_HEADING_VISUALLY_CONFIRMED,1,120,156,https://cefael.efa.gr/detail.php?site_id=1&actionID=page&serie_id=EtCret&volume_number=21&issue_number=1&sp=156,8fd3dedb8ef3cb03fd16bdd5cd760db422b6d58796d44ab9efe4e95d83ee12af
HT 66,v1-viewer-156,HT 66,,Heading visually inspected on acquired target page; source spacing normalized only,HM —,"Target historical caption visually collated; dash is unassigned, not an accession",HT 66,INDIVIDUALLY_NUMBERED_EDITION_ENTRY,"[3,00] × [4,50] × 1,00 cm",Caption source order and all brackets/fragment operators retained; no axis assignment or arithmetic normalization,PRIMARY_EDITION_REPORTED,False,False,False,CC BY-NC-SA 4.0,"Ester Salgarella and Simon Castellan, SigLA, via Ryan Pavlicek/pyaegean; edition headings: Godart and Olivier, GORILA I",TARGET_HEADING_VISUALLY_CONFIRMED,1,120,156,https://cefael.efa.gr/detail.php?site_id=1&actionID=page&serie_id=EtCret&volume_number=21&issue_number=1&sp=156,8fd3dedb8ef3cb03fd16bdd5cd760db422b6d58796d44ab9efe4e95d83ee12af
HT 68,v1-viewer-158,HT 68,,Heading visually inspected on acquired target page; source spacing normalized only,HM —,"Target historical caption visually collated; dash is unassigned, not an accession",HT 68,INDIVIDUALLY_NUMBERED_EDITION_ENTRY,"[2,50] × [2,20] × 0,90 cm",Caption source order and all brackets/fragment operators retained; no axis assignment or arithmetic normalization,PRIMARY_EDITION_REPORTED,False,False,False,CC BY-NC-SA 4.0,"Ester Salgarella and Simon Castellan, SigLA, via Ryan Pavlicek/pyaegean; edition headings: Godart and Olivier, GORILA I",TARGET_HEADING_VISUALLY_CONFIRMED,1,122,158,https://cefael.efa.gr/detail.php?site_id=1&actionID=page&serie_id=EtCret&volume_number=21&issue_number=1&sp=158,5288b0f4b410600623fc56c1dc9223edc28f2c276df74d9dcdd1a6db08950af4
HT 69,v1-viewer-158,HT 69,,Heading visually inspected on acquired target page; source spacing normalized only,HM —,"Target historical caption visually collated; dash is unassigned, not an accession",HT 69,INDIVIDUALLY_NUMBERED_EDITION_ENTRY,"[1,80] × [2,70] × 0,70 cm",Caption source order and all brackets/fragment operators retained; no axis assignment or arithmetic normalization,PRIMARY_EDITION_REPORTED,False,False,False,CC BY-NC-SA 4.0,"Ester Salgarella and Simon Castellan, SigLA, via Ryan Pavlicek/pyaegean; edition headings: Godart and Olivier, GORILA I",TARGET_HEADING_VISUALLY_CONFIRMED,1,122,158,https://cefael.efa.gr/detail.php?site_id=1&actionID=page&serie_id=EtCret&volume_number=21&issue_number=1&sp=158,5288b0f4b410600623fc56c1dc9223edc28f2c276df74d9dcdd1a6db08950af4
HT 70,v1-viewer-158,HT 70,,Heading visually inspected on acquired target page; source spacing normalized only,HM —,"Target historical caption visually collated; dash is unassigned, not an accession",HT 70,INDIVIDUALLY_NUMBERED_EDITION_ENTRY,"[4,10] × [4,30] × 0,80 cm",Caption source order and all brackets/fragment operators retained; no axis assignment or arithmetic normalization,PRIMARY_EDITION_REPORTED,False,False,False,CC BY-NC-SA 4.0,"Ester Salgarella and Simon Castellan, SigLA, via Ryan Pavlicek/pyaegean; edition headings: Godart and Olivier, GORILA I",TARGET_HEADING_VISUALLY_CONFIRMED,1,122,158,https://cefael.efa.gr/detail.php?site_id=1&actionID=page&serie_id=EtCret&volume_number=21&issue_number=1&sp=158,5288b0f4b410600623fc56c1dc9223edc28f2c276df74d9dcdd1a6db08950af4
HT 6a,v1-viewer-48,HT 6 a,a,Heading visually inspected on acquired target page; source spacing normalized only,HM 8,"Target historical caption visually collated; dash is unassigned, not an accession",HT 6,LABELLED_FACE_OF_EDITION_PARENT,"5,80 × 9,10 × 0,90 cm",Caption source order and all brackets/fragment operators retained; no axis assignment or arithmetic normalization,PRIMARY_EDITION_REPORTED,False,False,False,CC BY-NC-SA 4.0,"Ester Salgarella and Simon Castellan, SigLA, via Ryan Pavlicek/pyaegean; edition headings: Godart and Olivier, GORILA I",TARGET_HEADING_VISUALLY_CONFIRMED,1,12,48,https://cefael.efa.gr/detail.php?site_id=1&actionID=page&serie_id=EtCret&volume_number=21&issue_number=1&sp=48,089f8ac25e2bf38d1c58d4d6e0d1fdec36bd5d4c2e654921a3014d8a68a41081
HT 6b,v1-viewer-48,HT 6 b,b,Heading visually inspected on acquired target page; source spacing normalized only,,No separate face-b caption; parent caption presented beneath face a,HT 6,LABELLED_FACE_OF_EDITION_PARENT,,No separately reported face-b dimensions,PRIMARY_EDITION_REPORTED,False,False,False,CC BY-NC-SA 4.0,"Ester Salgarella and Simon Castellan, SigLA, via Ryan Pavlicek/pyaegean; edition headings: Godart and Olivier, GORILA I",TARGET_HEADING_VISUALLY_CONFIRMED,1,12,48,https://cefael.efa.gr/detail.php?site_id=1&actionID=page&serie_id=EtCret&volume_number=21&issue_number=1&sp=48,089f8ac25e2bf38d1c58d4d6e0d1fdec36bd5d4c2e654921a3014d8a68a41081
HT 72,v1-viewer-160,HT 72,,Heading visually inspected on acquired target page; source spacing normalized only,HM —,"Target historical caption visually collated; dash is unassigned, not an accession",HT 72,INDIVIDUALLY_NUMBERED_EDITION_ENTRY,"[2,00] × [1,80] × 0,70 cm",Caption source order and all brackets/fragment operators retained; no axis assignment or arithmetic normalization,PRIMARY_EDITION_REPORTED,False,False,False,CC BY-NC-SA 4.0,"Ester Salgarella and Simon Castellan, SigLA, via Ryan Pavlicek/pyaegean; edition headings: Godart and Olivier, GORILA I",TARGET_HEADING_VISUALLY_CONFIRMED,1,124,160,https://cefael.efa.gr/detail.php?site_id=1&actionID=page&serie_id=EtCret&volume_number=21&issue_number=1&sp=160,6d33b0b10f62c9809e8adc0172b7c36fc2b90a53bd7074bdea4123a27025bfce
HT 74,v1-viewer-160,HT 74,,Heading visually inspected on acquired target page; source spacing normalized only,HM —,"Target historical caption visually collated; dash is unassigned, not an accession",HT 74,INDIVIDUALLY_NUMBERED_EDITION_ENTRY,"[2,60] × [1,90] × [0,50] cm",Caption source order and all brackets/fragment operators retained; no axis assignment or arithmetic normalization,PRIMARY_EDITION_REPORTED,False,False,False,CC BY-NC-SA 4.0,"Ester Salgarella and Simon Castellan, SigLA, via Ryan Pavlicek/pyaegean; edition headings: Godart and Olivier, GORILA I",TARGET_HEADING_VISUALLY_CONFIRMED,1,124,160,https://cefael.efa.gr/detail.php?site_id=1&actionID=page&serie_id=EtCret&volume_number=21&issue_number=1&sp=160,6d33b0b10f62c9809e8adc0172b7c36fc2b90a53bd7074bdea4123a27025bfce
HT 75,v1-viewer-160,HT 75,,Heading visually inspected on acquired target page; source spacing normalized only,HM —,"Target historical caption visually collated; dash is unassigned, not an accession",HT 75,INDIVIDUALLY_NUMBERED_EDITION_ENTRY,"[2,50] × [1,90] × 0,70 cm",Caption source order and all brackets/fragment operators retained; no axis assignment or arithmetic normalization,PRIMARY_EDITION_REPORTED,False,False,False,CC BY-NC-SA 4.0,"Ester Salgarella and Simon Castellan, SigLA, via Ryan Pavlicek/pyaegean; edition headings: Godart and Olivier, GORILA I",TARGET_HEADING_VISUALLY_CONFIRMED,1,124,160,https://cefael.efa.gr/detail.php?site_id=1&actionID=page&serie_id=EtCret&volume_number=21&issue_number=1&sp=160,6d33b0b10f62c9809e8adc0172b7c36fc2b90a53bd7074bdea4123a27025bfce
HT 78,v1-viewer-162,HT 78,,Heading visually inspected on acquired target page; source spacing normalized only,HM —,"Target historical caption visually collated; dash is unassigned, not an accession",HT 78,INDIVIDUALLY_NUMBERED_EDITION_ENTRY,"[1,60] × [1,20] × [0,20] cm",Caption source order and all brackets/fragment operators retained; no axis assignment or arithmetic normalization,PRIMARY_EDITION_REPORTED,False,False,False,CC BY-NC-SA 4.0,"Ester Salgarella and Simon Castellan, SigLA, via Ryan Pavlicek/pyaegean; edition headings: Godart and Olivier, GORILA I",TARGET_HEADING_VISUALLY_CONFIRMED,1,126,162,https://cefael.efa.gr/detail.php?site_id=1&actionID=page&serie_id=EtCret&volume_number=21&issue_number=1&sp=162,e17199d491307bb1aeddb6d0dc56142bc483e097e2f6e0bf9115f639a6ef4d29
HT 79+83,v1-viewer-162,HT 79 [+] 83,,Printed heading preserves bracketed [+]; source ID flattens this qualification. No certified physical join.,HM —,"Target historical caption visually collated; dash is unassigned, not an accession",HT 79+83,INDIVIDUALLY_NUMBERED_EDITION_ENTRY,"[2,30]+[3,20] × [3,00]+[2,60] × 0,80 cm",Edition caption visually rechecked in crop of saved original pixels at 4× display scale; brackets/operators retained; no summed or normalized size,PRIMARY_EDITION_REPORTED,False,False,False,CC BY-NC-SA 4.0,"Ester Salgarella and Simon Castellan, SigLA, via Ryan Pavlicek/pyaegean; edition headings: Godart and Olivier, GORILA I",TARGET_HEADING_VISUALLY_CONFIRMED,1,126,162,https://cefael.efa.gr/detail.php?site_id=1&actionID=page&serie_id=EtCret&volume_number=21&issue_number=1&sp=162,e17199d491307bb1aeddb6d0dc56142bc483e097e2f6e0bf9115f639a6ef4d29
HT 80,v1-viewer-162,HT 80,,Heading visually inspected on acquired target page; source spacing normalized only,HM —,"Target historical caption visually collated; dash is unassigned, not an accession",HT 80,INDIVIDUALLY_NUMBERED_EDITION_ENTRY,"[2,60] × [3,00] × [0,60] cm",Caption source order and all brackets/fragment operators retained; no axis assignment or arithmetic normalization,PRIMARY_EDITION_REPORTED,False,False,False,CC BY-NC-SA 4.0,"Ester Salgarella and Simon Castellan, SigLA, via Ryan Pavlicek/pyaegean; edition headings: Godart and Olivier, GORILA I",TARGET_HEADING_VISUALLY_CONFIRMED,1,126,162,https://cefael.efa.gr/detail.php?site_id=1&actionID=page&serie_id=EtCret&volume_number=21&issue_number=1&sp=162,e17199d491307bb1aeddb6d0dc56142bc483e097e2f6e0bf9115f639a6ef4d29
HT 7a,v1-viewer-50,HT 7 a,a,Heading visually inspected on acquired target page; source spacing normalized only,HM 10,"Target historical caption visually collated; dash is unassigned, not an accession",HT 7,LABELLED_FACE_OF_EDITION_PARENT,"4,80 × 7,60 × 1,30 cm",Caption source order and all brackets/fragment operators retained; no axis assignment or arithmetic normalization,PRIMARY_EDITION_REPORTED,False,False,False,CC BY-NC-SA 4.0,"Ester Salgarella and Simon Castellan, SigLA, via Ryan Pavlicek/pyaegean; edition headings: Godart and Olivier, GORILA I",TARGET_HEADING_VISUALLY_CONFIRMED,1,14,50,https://cefael.efa.gr/detail.php?site_id=1&actionID=page&serie_id=EtCret&volume_number=21&issue_number=1&sp=50,eb10a94c6b103bc98a8d63a3c85a08d92829f5813e1c0e47feb1298f4b0b0dd3
HT 7b,v1-viewer-50,HT 7 b,b,Heading visually inspected on acquired target page; source spacing normalized only,,No separate face-b caption; parent caption presented beneath face a,HT 7,LABELLED_FACE_OF_EDITION_PARENT,,No separately reported face-b dimensions,PRIMARY_EDITION_REPORTED,False,False,False,CC BY-NC-SA 4.0,"Ester Salgarella and Simon Castellan, SigLA, via Ryan Pavlicek/pyaegean; edition headings: Godart and Olivier, GORILA I",TARGET_HEADING_VISUALLY_CONFIRMED,1,14,50,https://cefael.efa.gr/detail.php?site_id=1&actionID=page&serie_id=EtCret&volume_number=21&issue_number=1&sp=50,eb10a94c6b103bc98a8d63a3c85a08d92829f5813e1c0e47feb1298f4b0b0dd3
HT 81,v1-viewer-164,HT 81,,Heading visually inspected on acquired target page; source spacing normalized only,HM —,"Target historical caption visually collated; dash is unassigned, not an accession",HT 81,INDIVIDUALLY_NUMBERED_EDITION_ENTRY,"[3,40] × [2,00] × 0,60 cm",Caption source order and all brackets/fragment operators retained; no axis assignment or arithmetic normalization,PRIMARY_EDITION_REPORTED,False,False,False,CC BY-NC-SA 4.0,"Ester Salgarella and Simon Castellan, SigLA, via Ryan Pavlicek/pyaegean; edition headings: Godart and Olivier, GORILA I",TARGET_HEADING_VISUALLY_CONFIRMED,1,128,164,https://cefael.efa.gr/detail.php?site_id=1&actionID=page&serie_id=EtCret&volume_number=21&issue_number=1&sp=164,9e5d6e4f1cedbd99db6553ef4c30c83d37a7bb7254a47c337586d0e0343352d5
HT 82,v1-viewer-164,HT 82,,Heading visually inspected on acquired target page; source spacing normalized only,HM —,"Target historical caption visually collated; dash is unassigned, not an accession",HT 82,INDIVIDUALLY_NUMBERED_EDITION_ENTRY,"[2,20] × [2,00] × 0,40 cm",Caption source order and all brackets/fragment operators retained; no axis assignment or arithmetic normalization,PRIMARY_EDITION_REPORTED,False,False,False,CC BY-NC-SA 4.0,"Ester Salgarella and Simon Castellan, SigLA, via Ryan Pavlicek/pyaegean; edition headings: Godart and Olivier, GORILA I",TARGET_HEADING_VISUALLY_CONFIRMED,1,128,164,https://cefael.efa.gr/detail.php?site_id=1&actionID=page&serie_id=EtCret&volume_number=21&issue_number=1&sp=164,9e5d6e4f1cedbd99db6553ef4c30c83d37a7bb7254a47c337586d0e0343352d5
HT 84,v1-viewer-164,HT 84,,Heading visually inspected on acquired target page; source spacing normalized only,HM —,"Target historical caption visually collated; dash is unassigned, not an accession",HT 84,INDIVIDUALLY_NUMBERED_EDITION_ENTRY,"[4,10] × [3,20] × 0,90 cm",Caption source order and all brackets/fragment operators retained; no axis assignment or arithmetic normalization,PRIMARY_EDITION_REPORTED,False,False,False,CC BY-NC-SA 4.0,"Ester Salgarella and Simon Castellan, SigLA, via Ryan Pavlicek/pyaegean; edition headings: Godart and Olivier, GORILA I",TARGET_HEADING_VISUALLY_CONFIRMED,1,128,164,https://cefael.efa.gr/detail.php?site_id=1&actionID=page&serie_id=EtCret&volume_number=21&issue_number=1&sp=164,9e5d6e4f1cedbd99db6553ef4c30c83d37a7bb7254a47c337586d0e0343352d5
HT 85a,v1-viewer-166,HT 85 a,a,Heading visually inspected on acquired target page; source spacing normalized only,HM 1311,"Target historical caption visually collated; dash is unassigned, not an accession",HT 85,LABELLED_FACE_OF_EDITION_PARENT,"5,40 × 7,40 × 1,30 cm",Caption source order and all brackets/fragment operators retained; no axis assignment or arithmetic normalization,PRIMARY_EDITION_REPORTED,False,False,False,CC BY-NC-SA 4.0,"Ester Salgarella and Simon Castellan, SigLA, via Ryan Pavlicek/pyaegean; edition headings: Godart and Olivier, GORILA I",TARGET_HEADING_VISUALLY_CONFIRMED,1,130,166,https://cefael.efa.gr/detail.php?site_id=1&actionID=page&serie_id=EtCret&volume_number=21&issue_number=1&sp=166,c4245f59fc2fd02e954d8ae2de6afd477e6cc9d7db7677f5730150f13c5097c2
HT 85b,v1-viewer-168,HT 85 b,b,Heading visually inspected on acquired target page; source spacing normalized only,,No separate face-b caption on inspected page; parent caption presented on face-a page,HT 85,LABELLED_FACE_OF_EDITION_PARENT,,No separately reported face-b dimensions,PRIMARY_EDITION_REPORTED,False,False,False,CC BY-NC-SA 4.0,"Ester Salgarella and Simon Castellan, SigLA, via Ryan Pavlicek/pyaegean; edition headings: Godart and Olivier, GORILA I",TARGET_HEADING_VISUALLY_CONFIRMED,1,132,168,https://cefael.efa.gr/detail.php?site_id=1&actionID=page&serie_id=EtCret&volume_number=21&issue_number=1&sp=168,1c768a6e49e071217bcd6c6995cadb94af33f5a2c5e3c22dca598c665c3679f7
HT 86a,v1-viewer-170,HT 86 a,a,Heading visually inspected on acquired target page; source spacing normalized only,HM 1328,"Target historical caption visually collated; dash is unassigned, not an accession",HT 86,LABELLED_FACE_OF_EDITION_PARENT,"5,80 × 8,50 × 1,00 cm",Caption source order and all brackets/fragment operators retained; no axis assignment or arithmetic normalization,PRIMARY_EDITION_REPORTED,False,False,False,CC BY-NC-SA 4.0,"Ester Salgarella and Simon Castellan, SigLA, via Ryan Pavlicek/pyaegean; edition headings: Godart and Olivier, GORILA I",TARGET_HEADING_VISUALLY_CONFIRMED,1,134,170,https://cefael.efa.gr/detail.php?site_id=1&actionID=page&serie_id=EtCret&volume_number=21&issue_number=1&sp=170,7ee06757330e94f1c1a9207a8487e03855f665465c741710faa3066a41a7ac73
HT 86b,v1-viewer-170,HT 86 b,b,Heading visually inspected on acquired target page; source spacing normalized only,,No separate face-b caption; parent caption presented beneath face a,HT 86,LABELLED_FACE_OF_EDITION_PARENT,,No separately reported face-b dimensions,PRIMARY_EDITION_REPORTED,False,False,False,CC BY-NC-SA 4.0,"Ester Salgarella and Simon Castellan, SigLA, via Ryan Pavlicek/pyaegean; edition headings: Godart and Olivier, GORILA I",TARGET_HEADING_VISUALLY_CONFIRMED,1,134,170,https://cefael.efa.gr/detail.php?site_id=1&actionID=page&serie_id=EtCret&volume_number=21&issue_number=1&sp=170,7ee06757330e94f1c1a9207a8487e03855f665465c741710faa3066a41a7ac73
HT 87,v1-viewer-172,HT 87,,Heading visually inspected on acquired target page; source spacing normalized only,HM 1309,"Target historical caption visually collated; dash is unassigned, not an accession",HT 87,INDIVIDUALLY_NUMBERED_EDITION_ENTRY,"5,50 × 7,60 × 1,00 cm",Caption source order and all brackets/fragment operators retained; no axis assignment or arithmetic normalization,PRIMARY_EDITION_REPORTED,False,False,False,CC BY-NC-SA 4.0,"Ester Salgarella and Simon Castellan, SigLA, via Ryan Pavlicek/pyaegean; edition headings: Godart and Olivier, GORILA I",TARGET_HEADING_VISUALLY_CONFIRMED,1,136,172,https://cefael.efa.gr/detail.php?site_id=1&actionID=page&serie_id=EtCret&volume_number=21&issue_number=1&sp=172,6f979adad8bf86f4ff48861b183fa16438eef69d4a7f6f77e64c21a04966cb94
HT 88,v1-viewer-174,HT 88,,Heading visually inspected on acquired target page; source spacing normalized only,HM 1312,"Target historical caption visually collated; dash is unassigned, not an accession",HT 88,INDIVIDUALLY_NUMBERED_EDITION_ENTRY,"5,80 × 7,00 × 0,90 cm",Caption source order and all brackets/fragment operators retained; no axis assignment or arithmetic normalization,PRIMARY_EDITION_REPORTED,False,False,False,CC BY-NC-SA 4.0,"Ester Salgarella and Simon Castellan, SigLA, via Ryan Pavlicek/pyaegean; edition headings: Godart and Olivier, GORILA I",TARGET_HEADING_VISUALLY_CONFIRMED,1,138,174,https://cefael.efa.gr/detail.php?site_id=1&actionID=page&serie_id=EtCret&volume_number=21&issue_number=1&sp=174,3c7a3fba27d5c0ea50fa6b43415abf79112aa20f5fd861afd53beedbf3bfe3f8
HT 89,v1-viewer-176,HT 89,,Heading visually inspected on acquired target page; source spacing normalized only,HM 1313,"Target historical caption visually collated; dash is unassigned, not an accession",HT 89,INDIVIDUALLY_NUMBERED_EDITION_ENTRY,"5,70 × 7,20 × 1,40 cm",Caption source order and all brackets/fragment operators retained; no axis assignment or arithmetic normalization,PRIMARY_EDITION_REPORTED,False,False,False,CC BY-NC-SA 4.0,"Ester Salgarella and Simon Castellan, SigLA, via Ryan Pavlicek/pyaegean; edition headings: Godart and Olivier, GORILA I",TARGET_HEADING_VISUALLY_CONFIRMED,1,140,176,https://cefael.efa.gr/detail.php?site_id=1&actionID=page&serie_id=EtCret&volume_number=21&issue_number=1&sp=176,cef7a59b08be1e641c59b98a4a959ef887baa5602078c144395ecfc06b5afb12
HT 8a,v1-viewer-52,HT 8 a,a,Heading visually inspected on acquired target page; source spacing normalized only,HM 11,"Target historical caption visually collated; dash is unassigned, not an accession",HT 8,LABELLED_FACE_OF_EDITION_PARENT,"5,30 × 7,40 × 1,00 cm",Caption source order and all brackets/fragment operators retained; no axis assignment or arithmetic normalization,PRIMARY_EDITION_REPORTED,False,False,False,CC BY-NC-SA 4.0,"Ester Salgarella and Simon Castellan, SigLA, via Ryan Pavlicek/pyaegean; edition headings: Godart and Olivier, GORILA I",TARGET_HEADING_VISUALLY_CONFIRMED,1,16,52,https://cefael.efa.gr/detail.php?site_id=1&actionID=page&serie_id=EtCret&volume_number=21&issue_number=1&sp=52,63cdca991c50e982bb7590351279f9a39a8807bf0ae737de5d00ca1ebf5ab3c1
HT 8b,v1-viewer-52,HT 8 b,b,Heading visually inspected on acquired target page; source spacing normalized only,,No separate face-b caption; parent caption presented beneath face a,HT 8,LABELLED_FACE_OF_EDITION_PARENT,,No separately reported face-b dimensions,PRIMARY_EDITION_REPORTED,False,False,False,CC BY-NC-SA 4.0,"Ester Salgarella and Simon Castellan, SigLA, via Ryan Pavlicek/pyaegean; edition headings: Godart and Olivier, GORILA I",TARGET_HEADING_VISUALLY_CONFIRMED,1,16,52,https://cefael.efa.gr/detail.php?site_id=1&actionID=page&serie_id=EtCret&volume_number=21&issue_number=1&sp=52,63cdca991c50e982bb7590351279f9a39a8807bf0ae737de5d00ca1ebf5ab3c1
HT 90,v1-viewer-178,HT 90,,Heading visually inspected on acquired target page; source spacing normalized only,HM 1314,"Target historical caption visually collated; dash is unassigned, not an accession",HT 90,INDIVIDUALLY_NUMBERED_EDITION_ENTRY,"5,00 × 6,30 × 0,90 cm",Caption source order and all brackets/fragment operators retained; no axis assignment or arithmetic normalization,PRIMARY_EDITION_REPORTED,False,False,False,CC BY-NC-SA 4.0,"Ester Salgarella and Simon Castellan, SigLA, via Ryan Pavlicek/pyaegean; edition headings: Godart and Olivier, GORILA I",TARGET_HEADING_VISUALLY_CONFIRMED,1,142,178,https://cefael.efa.gr/detail.php?site_id=1&actionID=page&serie_id=EtCret&volume_number=21&issue_number=1&sp=178,876b0fb49acf05dfcb98187b14f4555b629815df0507a105d2d8cbf6c66f1d32
HT 91,v1-viewer-180,HT 91,,Heading visually inspected on acquired target page; source spacing normalized only,HM 1318,"Target historical caption visually collated; dash is unassigned, not an accession",HT 91,INDIVIDUALLY_NUMBERED_EDITION_ENTRY,"4,70 × 6,40 × 0,90 cm",Caption source order and all brackets/fragment operators retained; no axis assignment or arithmetic normalization,PRIMARY_EDITION_REPORTED,False,False,False,CC BY-NC-SA 4.0,"Ester Salgarella and Simon Castellan, SigLA, via Ryan Pavlicek/pyaegean; edition headings: Godart and Olivier, GORILA I",TARGET_HEADING_VISUALLY_CONFIRMED,1,144,180,https://cefael.efa.gr/detail.php?site_id=1&actionID=page&serie_id=EtCret&volume_number=21&issue_number=1&sp=180,ed47d97e43aabbd2079d46b74af32622ae0708e8929f3f2c635643329056743f
HT 92,v1-viewer-180,HT 92,,Heading visually inspected on acquired target page; source spacing normalized only,HM 1324,"Target historical caption visually collated; dash is unassigned, not an accession",HT 92,INDIVIDUALLY_NUMBERED_EDITION_ENTRY,"5,70 × 4,60 × 1,20 cm",Caption source order and all brackets/fragment operators retained; no axis assignment or arithmetic normalization,PRIMARY_EDITION_REPORTED,False,False,False,CC BY-NC-SA 4.0,"Ester Salgarella and Simon Castellan, SigLA, via Ryan Pavlicek/pyaegean; edition headings: Godart and Olivier, GORILA I",TARGET_HEADING_VISUALLY_CONFIRMED,1,144,180,https://cefael.efa.gr/detail.php?site_id=1&actionID=page&serie_id=EtCret&volume_number=21&issue_number=1&sp=180,ed47d97e43aabbd2079d46b74af32622ae0708e8929f3f2c635643329056743f
HT 93a,v1-viewer-182,HT 93 a,a,Heading visually inspected on acquired target page; source spacing normalized only,HM 1307,"Target historical caption visually collated; dash is unassigned, not an accession",HT 93,LABELLED_FACE_OF_EDITION_PARENT,"6,10 × 10,70 × 1,00 cm",Caption source order and all brackets/fragment operators retained; no axis assignment or arithmetic normalization,PRIMARY_EDITION_REPORTED,False,False,False,CC BY-NC-SA 4.0,"Ester Salgarella and Simon Castellan, SigLA, via Ryan Pavlicek/pyaegean; edition headings: Godart and Olivier, GORILA I",TARGET_HEADING_VISUALLY_CONFIRMED,1,146,182,https://cefael.efa.gr/detail.php?site_id=1&actionID=page&serie_id=EtCret&volume_number=21&issue_number=1&sp=182,f4100152ee283a1191d7057b1aa96586587bf7276cf64075bc932835762f5b5c
HT 93b,v1-viewer-184,HT 93 b,b,Heading visually inspected on acquired target page; source spacing normalized only,,No separate face-b caption on inspected page; parent caption presented on face-a page,HT 93,LABELLED_FACE_OF_EDITION_PARENT,,No separately reported face-b dimensions,PRIMARY_EDITION_REPORTED,False,False,False,CC BY-NC-SA 4.0,"Ester Salgarella and Simon Castellan, SigLA, via Ryan Pavlicek/pyaegean; edition headings: Godart and Olivier, GORILA I",TARGET_HEADING_VISUALLY_CONFIRMED,1,148,184,https://cefael.efa.gr/detail.php?site_id=1&actionID=page&serie_id=EtCret&volume_number=21&issue_number=1&sp=184,48f2128842a935d73259c28f26373d9d618943acbe40126add7ddfcf6c0bd3f2
HT 94a,v1-viewer-186,HT 94 a,a,Heading visually inspected on acquired target page; source spacing normalized only,HM 1316,"Target historical caption visually collated; dash is unassigned, not an accession",HT 94,LABELLED_FACE_OF_EDITION_PARENT,"5,30 × 7,50 × 0,80 cm",Caption source order and all brackets/fragment operators retained; no axis assignment or arithmetic normalization,PRIMARY_EDITION_REPORTED,False,False,False,CC BY-NC-SA 4.0,"Ester Salgarella and Simon Castellan, SigLA, via Ryan Pavlicek/pyaegean; edition headings: Godart and Olivier, GORILA I",TARGET_HEADING_VISUALLY_CONFIRMED,1,150,186,https://cefael.efa.gr/detail.php?site_id=1&actionID=page&serie_id=EtCret&volume_number=21&issue_number=1&sp=186,7929de857b365f80f66576b05165870b22ee043adccbefd559ad751bd8fb414a
HT 94b,v1-viewer-188,HT 94 b,b,Heading visually inspected on acquired target page; source spacing normalized only,,No separate face-b caption on inspected page; parent caption presented on face-a page,HT 94,LABELLED_FACE_OF_EDITION_PARENT,,No separately reported face-b dimensions,PRIMARY_EDITION_REPORTED,False,False,False,CC BY-NC-SA 4.0,"Ester Salgarella and Simon Castellan, SigLA, via Ryan Pavlicek/pyaegean; edition headings: Godart and Olivier, GORILA I",TARGET_HEADING_VISUALLY_CONFIRMED,1,152,188,https://cefael.efa.gr/detail.php?site_id=1&actionID=page&serie_id=EtCret&volume_number=21&issue_number=1&sp=188,df570c786a393da0bf8ed8cc7bf7ebeebfb1183079028f8b893ef46a5cb713e2
HT 95a,v1-viewer-190,HT 95 a,a,Heading visually inspected on acquired target page; source spacing normalized only,HM 1320,"Target historical caption visually collated; dash is unassigned, not an accession",HT 95,LABELLED_FACE_OF_EDITION_PARENT,"4,50 × 6,90 × 0,90 cm",Caption source order and all brackets/fragment operators retained; no axis assignment or arithmetic normalization,PRIMARY_EDITION_REPORTED,False,False,False,CC BY-NC-SA 4.0,"Ester Salgarella and Simon Castellan, SigLA, via Ryan Pavlicek/pyaegean; edition headings: Godart and Olivier, GORILA I",TARGET_HEADING_VISUALLY_CONFIRMED,1,154,190,https://cefael.efa.gr/detail.php?site_id=1&actionID=page&serie_id=EtCret&volume_number=21&issue_number=1&sp=190,10bed56c0d38fe8e94bb3c3d30958b92b23c89b73bf741b370e4226ac6a9faf8
HT 95b,v1-viewer-190,HT 95 b,b,Heading visually inspected on acquired target page; source spacing normalized only,,No separate face-b caption; parent caption presented beneath face a,HT 95,LABELLED_FACE_OF_EDITION_PARENT,,No separately reported face-b dimensions,PRIMARY_EDITION_REPORTED,False,False,False,CC BY-NC-SA 4.0,"Ester Salgarella and Simon Castellan, SigLA, via Ryan Pavlicek/pyaegean; edition headings: Godart and Olivier, GORILA I",TARGET_HEADING_VISUALLY_CONFIRMED,1,154,190,https://cefael.efa.gr/detail.php?site_id=1&actionID=page&serie_id=EtCret&volume_number=21&issue_number=1&sp=190,10bed56c0d38fe8e94bb3c3d30958b92b23c89b73bf741b370e4226ac6a9faf8
HT 96a,v1-viewer-192,HT 96 a,a,Heading visually inspected on acquired target page; source spacing normalized only,HM 1329,"Target historical caption visually collated; dash is unassigned, not an accession",HT 96,LABELLED_FACE_OF_EDITION_PARENT,"5,70 × 7,20 × 0,80 cm",Caption source order and all brackets/fragment operators retained; no axis assignment or arithmetic normalization,PRIMARY_EDITION_REPORTED,False,False,False,CC BY-NC-SA 4.0,"Ester Salgarella and Simon Castellan, SigLA, via Ryan Pavlicek/pyaegean; edition headings: Godart and Olivier, GORILA I",TARGET_HEADING_VISUALLY_CONFIRMED,1,156,192,https://cefael.efa.gr/detail.php?site_id=1&actionID=page&serie_id=EtCret&volume_number=21&issue_number=1&sp=192,ab784112fb5d40018b9337baf73883c295f85e9c02040fe22c2ffdbc5f302b8b
HT 96b,v1-viewer-192,HT 96 b,b,Heading visually inspected on acquired target page; source spacing normalized only,,No separate face-b caption; parent caption presented beneath face a,HT 96,LABELLED_FACE_OF_EDITION_PARENT,,No separately reported face-b dimensions,PRIMARY_EDITION_REPORTED,False,False,False,CC BY-NC-SA 4.0,"Ester Salgarella and Simon Castellan, SigLA, via Ryan Pavlicek/pyaegean; edition headings: Godart and Olivier, GORILA I",TARGET_HEADING_VISUALLY_CONFIRMED,1,156,192,https://cefael.efa.gr/detail.php?site_id=1&actionID=page&serie_id=EtCret&volume_number=21&issue_number=1&sp=192,ab784112fb5d40018b9337baf73883c295f85e9c02040fe22c2ffdbc5f302b8b
HT 97a,v1-viewer-194,HT 97 a,a,Heading visually inspected on acquired target page; source spacing normalized only,HM 1330,"Target historical caption visually collated; dash is unassigned, not an accession",HT 97,LABELLED_FACE_OF_EDITION_PARENT,"7,70 × [6,40] × 1,10 cm",Caption source order and all brackets/fragment operators retained; no axis assignment or arithmetic normalization,PRIMARY_EDITION_REPORTED,False,False,False,CC BY-NC-SA 4.0,"Ester Salgarella and Simon Castellan, SigLA, via Ryan Pavlicek/pyaegean; edition headings: Godart and Olivier, GORILA I",TARGET_HEADING_VISUALLY_CONFIRMED,1,158,194,https://cefael.efa.gr/detail.php?site_id=1&actionID=page&serie_id=EtCret&volume_number=21&issue_number=1&sp=194,762e353e1eee53212213e031fa8bc755f9a17afdc214592aa675272eb9157584
HT 97b,v1-viewer-194,HT 97 b,b,Heading visually inspected on acquired target page; source spacing normalized only,,No separate face-b caption; parent caption presented beneath face a,HT 97,LABELLED_FACE_OF_EDITION_PARENT,,No separately reported face-b dimensions,PRIMARY_EDITION_REPORTED,False,False,False,CC BY-NC-SA 4.0,"Ester Salgarella and Simon Castellan, SigLA, via Ryan Pavlicek/pyaegean; edition headings: Godart and Olivier, GORILA I",TARGET_HEADING_VISUALLY_CONFIRMED,1,158,194,https://cefael.efa.gr/detail.php?site_id=1&actionID=page&serie_id=EtCret&volume_number=21&issue_number=1&sp=194,762e353e1eee53212213e031fa8bc755f9a17afdc214592aa675272eb9157584
HT 98a,v1-viewer-196,HT 98 a,a,Heading visually inspected on acquired target page; source spacing normalized only,HM 1331,"Target historical caption visually collated; dash is unassigned, not an accession",HT 98,LABELLED_FACE_OF_EDITION_PARENT,"6,30 × [7,00] × 0,90 cm",Caption source order and all brackets/fragment operators retained; no axis assignment or arithmetic normalization,PRIMARY_EDITION_REPORTED,False,False,False,CC BY-NC-SA 4.0,"Ester Salgarella and Simon Castellan, SigLA, via Ryan Pavlicek/pyaegean; edition headings: Godart and Olivier, GORILA I",TARGET_HEADING_VISUALLY_CONFIRMED,1,160,196,https://cefael.efa.gr/detail.php?site_id=1&actionID=page&serie_id=EtCret&volume_number=21&issue_number=1&sp=196,465448fb1f5b647d5d0759ab1dbea72da71b0c3a782d73d1aed5f911ed7c475a
HT 98b,v1-viewer-196,HT 98 b,b,Heading visually inspected on acquired target page; source spacing normalized only,,No separate face-b caption; parent caption presented beneath face a,HT 98,LABELLED_FACE_OF_EDITION_PARENT,,No separately reported face-b dimensions,PRIMARY_EDITION_REPORTED,False,False,False,CC BY-NC-SA 4.0,"Ester Salgarella and Simon Castellan, SigLA, via Ryan Pavlicek/pyaegean; edition headings: Godart and Olivier, GORILA I",TARGET_HEADING_VISUALLY_CONFIRMED,1,160,196,https://cefael.efa.gr/detail.php?site_id=1&actionID=page&serie_id=EtCret&volume_number=21&issue_number=1&sp=196,465448fb1f5b647d5d0759ab1dbea72da71b0c3a782d73d1aed5f911ed7c475a
HT 99a,v1-viewer-198,HT 99 a,a,Heading visually inspected on acquired target page; source spacing normalized only,HM 1334,"Target historical caption visually collated; dash is unassigned, not an accession",HT 99,LABELLED_FACE_OF_EDITION_PARENT,"4,20 × 5,90 × 0,90 cm",Caption source order and all brackets/fragment operators retained; no axis assignment or arithmetic normalization,PRIMARY_EDITION_REPORTED,False,False,False,CC BY-NC-SA 4.0,"Ester Salgarella and Simon Castellan, SigLA, via Ryan Pavlicek/pyaegean; edition headings: Godart and Olivier, GORILA I",TARGET_HEADING_VISUALLY_CONFIRMED,1,162,198,https://cefael.efa.gr/detail.php?site_id=1&actionID=page&serie_id=EtCret&volume_number=21&issue_number=1&sp=198,c0a30b92767ed3737dcf2f0115ff663326045a8d58d7d56f6e71145afdd6b732
HT 99b,v1-viewer-198,HT 99 b,b,Heading visually inspected on acquired target page; source spacing normalized only,,No separate face-b caption; parent caption presented beneath face a,HT 99,LABELLED_FACE_OF_EDITION_PARENT,,No separately reported face-b dimensions,PRIMARY_EDITION_REPORTED,False,False,False,CC BY-NC-SA 4.0,"Ester Salgarella and Simon Castellan, SigLA, via Ryan Pavlicek/pyaegean; edition headings: Godart and Olivier, GORILA I",TARGET_HEADING_VISUALLY_CONFIRMED,1,162,198,https://cefael.efa.gr/detail.php?site_id=1&actionID=page&serie_id=EtCret&volume_number=21&issue_number=1&sp=198,c0a30b92767ed3737dcf2f0115ff663326045a8d58d7d56f6e71145afdd6b732
HT 9a,v1-viewer-54,HT 9 a,a,Heading visually inspected on acquired target page; source spacing normalized only,HM 13,"Target historical caption visually collated; dash is unassigned, not an accession",HT 9,LABELLED_FACE_OF_EDITION_PARENT,"4,30 × 7,30 × 0,80 cm",Caption source order and all brackets/fragment operators retained; no axis assignment or arithmetic normalization,PRIMARY_EDITION_REPORTED,False,False,False,CC BY-NC-SA 4.0,"Ester Salgarella and Simon Castellan, SigLA, via Ryan Pavlicek/pyaegean; edition headings: Godart and Olivier, GORILA I",TARGET_HEADING_VISUALLY_CONFIRMED,1,18,54,https://cefael.efa.gr/detail.php?site_id=1&actionID=page&serie_id=EtCret&volume_number=21&issue_number=1&sp=54,dcb0aa64bd8a0996d8a617d21f215f0387be0df7d37c97007bc39d84b3f7ab05
HT 9b,v1-viewer-54,HT 9 b,b,Heading visually inspected on acquired target page; source spacing normalized only,,No separate face-b caption; parent caption presented beneath face a,HT 9,LABELLED_FACE_OF_EDITION_PARENT,,No separately reported face-b dimensions,PRIMARY_EDITION_REPORTED,False,False,False,CC BY-NC-SA 4.0,"Ester Salgarella and Simon Castellan, SigLA, via Ryan Pavlicek/pyaegean; edition headings: Godart and Olivier, GORILA I",TARGET_HEADING_VISUALLY_CONFIRMED,1,18,54,https://cefael.efa.gr/detail.php?site_id=1&actionID=page&serie_id=EtCret&volume_number=21&issue_number=1&sp=54,dcb0aa64bd8a0996d8a617d21f215f0387be0df7d37c97007bc39d84b3f7ab05
