context_id,document_id,site_group_heuristic,document_type,support,material,period,scribe_or_hand,administrative_class,source_id,source_record,source_url,source_license,provenance_id,field_status,notes
CTX-0001,ARKH 1a,ARKH,Tablet,,,LM I,,,SIGLA,raw document metadata,https://sigla.phis.me/,CC BY-NC-SA 4.0,P-SIGLA-2026-09-27,source_explicit,"Decoded from current local SigLA snapshot; dimensions withheld pending float validation. Site group is legacy document-label prefix heuristic, NOT source-explicit canonical site metadata."
CTX-0002,ARKH 1b,ARKH,Tablet,,,LM I,,,SIGLA,raw document metadata,https://sigla.phis.me/,CC BY-NC-SA 4.0,P-SIGLA-2026-09-27,source_explicit,"Decoded from current local SigLA snapshot; dimensions withheld pending float validation. Site group is legacy document-label prefix heuristic, NOT source-explicit canonical site metadata."
CTX-0003,ARKH 2,ARKH,Tablet,,,LM I,,,SIGLA,raw document metadata,https://sigla.phis.me/,CC BY-NC-SA 4.0,P-SIGLA-2026-09-27,source_explicit,"Decoded from current local SigLA snapshot; dimensions withheld pending float validation. Site group is legacy document-label prefix heuristic, NOT source-explicit canonical site metadata."
CTX-0004,ARKH 3a,ARKH,Tablet,,,LM I,,,SIGLA,raw document metadata,https://sigla.phis.me/,CC BY-NC-SA 4.0,P-SIGLA-2026-09-27,source_explicit,"Decoded from current local SigLA snapshot; dimensions withheld pending float validation. Site group is legacy document-label prefix heuristic, NOT source-explicit canonical site metadata."
CTX-0005,ARKH 3b,ARKH,Tablet,,,LM I,,,SIGLA,raw document metadata,https://sigla.phis.me/,CC BY-NC-SA 4.0,P-SIGLA-2026-09-27,source_explicit,"Decoded from current local SigLA snapshot; dimensions withheld pending float validation. Site group is legacy document-label prefix heuristic, NOT source-explicit canonical site metadata."
CTX-0006,ARKH 4a,ARKH,Tablet,,,LM I,,,SIGLA,raw document metadata,https://sigla.phis.me/,CC BY-NC-SA 4.0,P-SIGLA-2026-09-27,source_explicit,"Decoded from current local SigLA snapshot; dimensions withheld pending float validation. Site group is legacy document-label prefix heuristic, NOT source-explicit canonical site metadata."
CTX-0007,ARKH 4b,ARKH,Tablet,,,LM I,,,SIGLA,raw document metadata,https://sigla.phis.me/,CC BY-NC-SA 4.0,P-SIGLA-2026-09-27,source_explicit,"Decoded from current local SigLA snapshot; dimensions withheld pending float validation. Site group is legacy document-label prefix heuristic, NOT source-explicit canonical site metadata."
CTX-0008,ARKH 5,ARKH,Tablet,,,LM I,,,SIGLA,raw document metadata,https://sigla.phis.me/,CC BY-NC-SA 4.0,P-SIGLA-2026-09-27,source_explicit,"Decoded from current local SigLA snapshot; dimensions withheld pending float validation. Site group is legacy document-label prefix heuristic, NOT source-explicit canonical site metadata."
CTX-0009,ARKH 6,ARKH,Tablet,,,LM I,,,SIGLA,raw document metadata,https://sigla.phis.me/,CC BY-NC-SA 4.0,P-SIGLA-2026-09-27,source_explicit,"Decoded from current local SigLA snapshot; dimensions withheld pending float validation. Site group is legacy document-label prefix heuristic, NOT source-explicit canonical site metadata."
CTX-0010,ARKH 7,ARKH,Tablet,,,LM I,,,SIGLA,raw document metadata,https://sigla.phis.me/,CC BY-NC-SA 4.0,P-SIGLA-2026-09-27,source_explicit,"Decoded from current local SigLA snapshot; dimensions withheld pending float validation. Site group is legacy document-label prefix heuristic, NOT source-explicit canonical site metadata."
CTX-0011,GO 2a,GO,Tablet,,,LM IB,,,SIGLA,raw document metadata,https://sigla.phis.me/,CC BY-NC-SA 4.0,P-SIGLA-2026-09-27,source_explicit,"Decoded from current local SigLA snapshot; dimensions withheld pending float validation. Site group is legacy document-label prefix heuristic, NOT source-explicit canonical site metadata."
CTX-0012,GO 2b,GO,Tablet,,,LM IB,,,SIGLA,raw document metadata,https://sigla.phis.me/,CC BY-NC-SA 4.0,P-SIGLA-2026-09-27,source_explicit,"Decoded from current local SigLA snapshot; dimensions withheld pending float validation. Site group is legacy document-label prefix heuristic, NOT source-explicit canonical site metadata."
CTX-0013,GO Wc 1a,GO,Roundel,,,LM IB,,,SIGLA,raw document metadata,https://sigla.phis.me/,CC BY-NC-SA 4.0,P-SIGLA-2026-09-27,source_explicit,"Decoded from current local SigLA snapshot; dimensions withheld pending float validation. Site group is legacy document-label prefix heuristic, NOT source-explicit canonical site metadata."
CTX-0014,GO Wc 1b,GO,Roundel,,,LM IB,,,SIGLA,raw document metadata,https://sigla.phis.me/,CC BY-NC-SA 4.0,P-SIGLA-2026-09-27,source_explicit,"Decoded from current local SigLA snapshot; dimensions withheld pending float validation. Site group is legacy document-label prefix heuristic, NOT source-explicit canonical site metadata."
CTX-0015,HS Zg 1,HS,Plaque,,,MH III-LH I,,,SIGLA,raw document metadata,https://sigla.phis.me/,CC BY-NC-SA 4.0,P-SIGLA-2026-09-27,source_explicit,"Decoded from current local SigLA snapshot; dimensions withheld pending float validation. Site group is legacy document-label prefix heuristic, NOT source-explicit canonical site metadata."
CTX-0016,HT 1,HT,Tablet,,,LM IB,,,SIGLA,raw document metadata,https://sigla.phis.me/,CC BY-NC-SA 4.0,P-SIGLA-2026-09-27,source_explicit,"Decoded from current local SigLA snapshot; dimensions withheld pending float validation. Site group is legacy document-label prefix heuristic, NOT source-explicit canonical site metadata."
CTX-0017,HT 100,HT,Tablet,,,LM IB,,,SIGLA,raw document metadata,https://sigla.phis.me/,CC BY-NC-SA 4.0,P-SIGLA-2026-09-27,source_explicit,"Decoded from current local SigLA snapshot; dimensions withheld pending float validation. Site group is legacy document-label prefix heuristic, NOT source-explicit canonical site metadata."
CTX-0018,HT 101,HT,Tablet,,,LM IB,,,SIGLA,raw document metadata,https://sigla.phis.me/,CC BY-NC-SA 4.0,P-SIGLA-2026-09-27,source_explicit,"Decoded from current local SigLA snapshot; dimensions withheld pending float validation. Site group is legacy document-label prefix heuristic, NOT source-explicit canonical site metadata."
CTX-0019,HT 102,HT,Tablet,,,LM IB,,,SIGLA,raw document metadata,https://sigla.phis.me/,CC BY-NC-SA 4.0,P-SIGLA-2026-09-27,source_explicit,"Decoded from current local SigLA snapshot; dimensions withheld pending float validation. Site group is legacy document-label prefix heuristic, NOT source-explicit canonical site metadata."
CTX-0020,HT 103,HT,Tablet,,,LM IB,,,SIGLA,raw document metadata,https://sigla.phis.me/,CC BY-NC-SA 4.0,P-SIGLA-2026-09-27,source_explicit,"Decoded from current local SigLA snapshot; dimensions withheld pending float validation. Site group is legacy document-label prefix heuristic, NOT source-explicit canonical site metadata."
CTX-0021,HT 104,HT,Tablet,,,LM IB,,,SIGLA,raw document metadata,https://sigla.phis.me/,CC BY-NC-SA 4.0,P-SIGLA-2026-09-27,source_explicit,"Decoded from current local SigLA snapshot; dimensions withheld pending float validation. Site group is legacy document-label prefix heuristic, NOT source-explicit canonical site metadata."
CTX-0022,HT 107,HT,Tablet,,,LM IB,,,SIGLA,raw document metadata,https://sigla.phis.me/,CC BY-NC-SA 4.0,P-SIGLA-2026-09-27,source_explicit,"Decoded from current local SigLA snapshot; dimensions withheld pending float validation. Site group is legacy document-label prefix heuristic, NOT source-explicit canonical site metadata."
CTX-0023,HT 108,HT,Tablet,,,LM IB,,,SIGLA,raw document metadata,https://sigla.phis.me/,CC BY-NC-SA 4.0,P-SIGLA-2026-09-27,source_explicit,"Decoded from current local SigLA snapshot; dimensions withheld pending float validation. Site group is legacy document-label prefix heuristic, NOT source-explicit canonical site metadata."
CTX-0024,HT 109,HT,Tablet,,,LM IB,,,SIGLA,raw document metadata,https://sigla.phis.me/,CC BY-NC-SA 4.0,P-SIGLA-2026-09-27,source_explicit,"Decoded from current local SigLA snapshot; dimensions withheld pending float validation. Site group is legacy document-label prefix heuristic, NOT source-explicit canonical site metadata."
CTX-0025,HT 10a,HT,Tablet,,,LM IB,,,SIGLA,raw document metadata,https://sigla.phis.me/,CC BY-NC-SA 4.0,P-SIGLA-2026-09-27,source_explicit,"Decoded from current local SigLA snapshot; dimensions withheld pending float validation. Site group is legacy document-label prefix heuristic, NOT source-explicit canonical site metadata."
CTX-0026,HT 10b,HT,Tablet,,,LM IB,,,SIGLA,raw document metadata,https://sigla.phis.me/,CC BY-NC-SA 4.0,P-SIGLA-2026-09-27,source_explicit,"Decoded from current local SigLA snapshot; dimensions withheld pending float validation. Site group is legacy document-label prefix heuristic, NOT source-explicit canonical site metadata."
CTX-0027,HT 110a,HT,Tablet,,,LM IB,,,SIGLA,raw document metadata,https://sigla.phis.me/,CC BY-NC-SA 4.0,P-SIGLA-2026-09-27,source_explicit,"Decoded from current local SigLA snapshot; dimensions withheld pending float validation. Site group is legacy document-label prefix heuristic, NOT source-explicit canonical site metadata."
CTX-0028,HT 110b,HT,Tablet,,,LM IB,,,SIGLA,raw document metadata,https://sigla.phis.me/,CC BY-NC-SA 4.0,P-SIGLA-2026-09-27,source_explicit,"Decoded from current local SigLA snapshot; dimensions withheld pending float validation. Site group is legacy document-label prefix heuristic, NOT source-explicit canonical site metadata."
CTX-0029,HT 112a,HT,Tablet,,,LM IB,,,SIGLA,raw document metadata,https://sigla.phis.me/,CC BY-NC-SA 4.0,P-SIGLA-2026-09-27,source_explicit,"Decoded from current local SigLA snapshot; dimensions withheld pending float validation. Site group is legacy document-label prefix heuristic, NOT source-explicit canonical site metadata."
CTX-0030,HT 112b,HT,Tablet,,,LM IB,,,SIGLA,raw document metadata,https://sigla.phis.me/,CC BY-NC-SA 4.0,P-SIGLA-2026-09-27,source_explicit,"Decoded from current local SigLA snapshot; dimensions withheld pending float validation. Site group is legacy document-label prefix heuristic, NOT source-explicit canonical site metadata."
CTX-0031,HT 113,HT,Tablet,,,LM IB,,,SIGLA,raw document metadata,https://sigla.phis.me/,CC BY-NC-SA 4.0,P-SIGLA-2026-09-27,source_explicit,"Decoded from current local SigLA snapshot; dimensions withheld pending float validation. Site group is legacy document-label prefix heuristic, NOT source-explicit canonical site metadata."
CTX-0032,HT 113 ter,HT,Tablet,,,LM IB,,,SIGLA,raw document metadata,https://sigla.phis.me/,CC BY-NC-SA 4.0,P-SIGLA-2026-09-27,source_explicit,"Decoded from current local SigLA snapshot; dimensions withheld pending float validation. Site group is legacy document-label prefix heuristic, NOT source-explicit canonical site metadata."
CTX-0033,HT 114a,HT,Tablet,,,LM IB,,,SIGLA,raw document metadata,https://sigla.phis.me/,CC BY-NC-SA 4.0,P-SIGLA-2026-09-27,source_explicit,"Decoded from current local SigLA snapshot; dimensions withheld pending float validation. Site group is legacy document-label prefix heuristic, NOT source-explicit canonical site metadata."
CTX-0034,HT 114b,HT,Tablet,,,LM IB,,,SIGLA,raw document metadata,https://sigla.phis.me/,CC BY-NC-SA 4.0,P-SIGLA-2026-09-27,source_explicit,"Decoded from current local SigLA snapshot; dimensions withheld pending float validation. Site group is legacy document-label prefix heuristic, NOT source-explicit canonical site metadata."
CTX-0035,HT 115a,HT,Tablet,,,LM IB,,,SIGLA,raw document metadata,https://sigla.phis.me/,CC BY-NC-SA 4.0,P-SIGLA-2026-09-27,source_explicit,"Decoded from current local SigLA snapshot; dimensions withheld pending float validation. Site group is legacy document-label prefix heuristic, NOT source-explicit canonical site metadata."
CTX-0036,HT 115b,HT,Tablet,,,LM IB,,,SIGLA,raw document metadata,https://sigla.phis.me/,CC BY-NC-SA 4.0,P-SIGLA-2026-09-27,source_explicit,"Decoded from current local SigLA snapshot; dimensions withheld pending float validation. Site group is legacy document-label prefix heuristic, NOT source-explicit canonical site metadata."
CTX-0037,HT 116a,HT,Tablet,,,LM IB,,,SIGLA,raw document metadata,https://sigla.phis.me/,CC BY-NC-SA 4.0,P-SIGLA-2026-09-27,source_explicit,"Decoded from current local SigLA snapshot; dimensions withheld pending float validation. Site group is legacy document-label prefix heuristic, NOT source-explicit canonical site metadata."
CTX-0038,HT 116b,HT,Tablet,,,LM IB,,,SIGLA,raw document metadata,https://sigla.phis.me/,CC BY-NC-SA 4.0,P-SIGLA-2026-09-27,source_explicit,"Decoded from current local SigLA snapshot; dimensions withheld pending float validation. Site group is legacy document-label prefix heuristic, NOT source-explicit canonical site metadata."
CTX-0039,HT 117a,HT,Tablet,,,LM IB,,,SIGLA,raw document metadata,https://sigla.phis.me/,CC BY-NC-SA 4.0,P-SIGLA-2026-09-27,source_explicit,"Decoded from current local SigLA snapshot; dimensions withheld pending float validation. Site group is legacy document-label prefix heuristic, NOT source-explicit canonical site metadata."
CTX-0040,HT 117b,HT,Tablet,,,LM IB,,,SIGLA,raw document metadata,https://sigla.phis.me/,CC BY-NC-SA 4.0,P-SIGLA-2026-09-27,source_explicit,"Decoded from current local SigLA snapshot; dimensions withheld pending float validation. Site group is legacy document-label prefix heuristic, NOT source-explicit canonical site metadata."
CTX-0041,HT 118,HT,Tablet,,,LM IB,,,SIGLA,raw document metadata,https://sigla.phis.me/,CC BY-NC-SA 4.0,P-SIGLA-2026-09-27,source_explicit,"Decoded from current local SigLA snapshot; dimensions withheld pending float validation. Site group is legacy document-label prefix heuristic, NOT source-explicit canonical site metadata."
CTX-0042,HT 119,HT,Tablet,,,LM IB,,,SIGLA,raw document metadata,https://sigla.phis.me/,CC BY-NC-SA 4.0,P-SIGLA-2026-09-27,source_explicit,"Decoded from current local SigLA snapshot; dimensions withheld pending float validation. Site group is legacy document-label prefix heuristic, NOT source-explicit canonical site metadata."
CTX-0043,HT 11a,HT,Tablet,,,LM IB,,,SIGLA,raw document metadata,https://sigla.phis.me/,CC BY-NC-SA 4.0,P-SIGLA-2026-09-27,source_explicit,"Decoded from current local SigLA snapshot; dimensions withheld pending float validation. Site group is legacy document-label prefix heuristic, NOT source-explicit canonical site metadata."
CTX-0044,HT 11b,HT,Tablet,,,LM IB,,,SIGLA,raw document metadata,https://sigla.phis.me/,CC BY-NC-SA 4.0,P-SIGLA-2026-09-27,source_explicit,"Decoded from current local SigLA snapshot; dimensions withheld pending float validation. Site group is legacy document-label prefix heuristic, NOT source-explicit canonical site metadata."
CTX-0045,HT 12,HT,Tablet,,,LM IB,,,SIGLA,raw document metadata,https://sigla.phis.me/,CC BY-NC-SA 4.0,P-SIGLA-2026-09-27,source_explicit,"Decoded from current local SigLA snapshot; dimensions withheld pending float validation. Site group is legacy document-label prefix heuristic, NOT source-explicit canonical site metadata."
CTX-0046,HT 120,HT,Tablet,,,LM IB,,,SIGLA,raw document metadata,https://sigla.phis.me/,CC BY-NC-SA 4.0,P-SIGLA-2026-09-27,source_explicit,"Decoded from current local SigLA snapshot; dimensions withheld pending float validation. Site group is legacy document-label prefix heuristic, NOT source-explicit canonical site metadata."
CTX-0047,HT 121,HT,Tablet,,,LM IB,,,SIGLA,raw document metadata,https://sigla.phis.me/,CC BY-NC-SA 4.0,P-SIGLA-2026-09-27,source_explicit,"Decoded from current local SigLA snapshot; dimensions withheld pending float validation. Site group is legacy document-label prefix heuristic, NOT source-explicit canonical site metadata."
CTX-0048,HT 122a,HT,Tablet,,,LM IB,,,SIGLA,raw document metadata,https://sigla.phis.me/,CC BY-NC-SA 4.0,P-SIGLA-2026-09-27,source_explicit,"Decoded from current local SigLA snapshot; dimensions withheld pending float validation. Site group is legacy document-label prefix heuristic, NOT source-explicit canonical site metadata."
CTX-0049,HT 122b,HT,Tablet,,,LM IB,,,SIGLA,raw document metadata,https://sigla.phis.me/,CC BY-NC-SA 4.0,P-SIGLA-2026-09-27,source_explicit,"Decoded from current local SigLA snapshot; dimensions withheld pending float validation. Site group is legacy document-label prefix heuristic, NOT source-explicit canonical site metadata."
CTX-0050,HT 123a,HT,Tablet,,,LM IB,,,SIGLA,raw document metadata,https://sigla.phis.me/,CC BY-NC-SA 4.0,P-SIGLA-2026-09-27,source_explicit,"Decoded from current local SigLA snapshot; dimensions withheld pending float validation. Site group is legacy document-label prefix heuristic, NOT source-explicit canonical site metadata."
CTX-0051,HT 123b,HT,Tablet,,,LM IB,,,SIGLA,raw document metadata,https://sigla.phis.me/,CC BY-NC-SA 4.0,P-SIGLA-2026-09-27,source_explicit,"Decoded from current local SigLA snapshot; dimensions withheld pending float validation. Site group is legacy document-label prefix heuristic, NOT source-explicit canonical site metadata."
CTX-0052,HT 126a,HT,Tablet,,,LM IB,,,SIGLA,raw document metadata,https://sigla.phis.me/,CC BY-NC-SA 4.0,P-SIGLA-2026-09-27,source_explicit,"Decoded from current local SigLA snapshot; dimensions withheld pending float validation. Site group is legacy document-label prefix heuristic, NOT source-explicit canonical site metadata."
CTX-0053,HT 126b,HT,Tablet,,,LM IB,,,SIGLA,raw document metadata,https://sigla.phis.me/,CC BY-NC-SA 4.0,P-SIGLA-2026-09-27,source_explicit,"Decoded from current local SigLA snapshot; dimensions withheld pending float validation. Site group is legacy document-label prefix heuristic, NOT source-explicit canonical site metadata."
CTX-0054,HT 127a,HT,Tablet,,,LM IB,,,SIGLA,raw document metadata,https://sigla.phis.me/,CC BY-NC-SA 4.0,P-SIGLA-2026-09-27,source_explicit,"Decoded from current local SigLA snapshot; dimensions withheld pending float validation. Site group is legacy document-label prefix heuristic, NOT source-explicit canonical site metadata."
CTX-0055,HT 127b,HT,Tablet,,,LM IB,,,SIGLA,raw document metadata,https://sigla.phis.me/,CC BY-NC-SA 4.0,P-SIGLA-2026-09-27,source_explicit,"Decoded from current local SigLA snapshot; dimensions withheld pending float validation. Site group is legacy document-label prefix heuristic, NOT source-explicit canonical site metadata."
CTX-0056,HT 128a,HT,Tablet,,,LM IB,,,SIGLA,raw document metadata,https://sigla.phis.me/,CC BY-NC-SA 4.0,P-SIGLA-2026-09-27,source_explicit,"Decoded from current local SigLA snapshot; dimensions withheld pending float validation. Site group is legacy document-label prefix heuristic, NOT source-explicit canonical site metadata."
CTX-0057,HT 128b,HT,Tablet,,,LM IB,,,SIGLA,raw document metadata,https://sigla.phis.me/,CC BY-NC-SA 4.0,P-SIGLA-2026-09-27,source_explicit,"Decoded from current local SigLA snapshot; dimensions withheld pending float validation. Site group is legacy document-label prefix heuristic, NOT source-explicit canonical site metadata."
CTX-0058,HT 129,HT,Tablet,,,LM IB,,,SIGLA,raw document metadata,https://sigla.phis.me/,CC BY-NC-SA 4.0,P-SIGLA-2026-09-27,source_explicit,"Decoded from current local SigLA snapshot; dimensions withheld pending float validation. Site group is legacy document-label prefix heuristic, NOT source-explicit canonical site metadata."
CTX-0059,HT 13,HT,Tablet,,,LM IB,,,SIGLA,raw document metadata,https://sigla.phis.me/,CC BY-NC-SA 4.0,P-SIGLA-2026-09-27,source_explicit,"Decoded from current local SigLA snapshot; dimensions withheld pending float validation. Site group is legacy document-label prefix heuristic, NOT source-explicit canonical site metadata."
CTX-0060,HT 130,HT,Tablet,,,LM IB,,,SIGLA,raw document metadata,https://sigla.phis.me/,CC BY-NC-SA 4.0,P-SIGLA-2026-09-27,source_explicit,"Decoded from current local SigLA snapshot; dimensions withheld pending float validation. Site group is legacy document-label prefix heuristic, NOT source-explicit canonical site metadata."
CTX-0061,HT 131a,HT,Tablet,,,LM IB,,,SIGLA,raw document metadata,https://sigla.phis.me/,CC BY-NC-SA 4.0,P-SIGLA-2026-09-27,source_explicit,"Decoded from current local SigLA snapshot; dimensions withheld pending float validation. Site group is legacy document-label prefix heuristic, NOT source-explicit canonical site metadata."
CTX-0062,HT 131b,HT,Tablet,,,LM IB,,,SIGLA,raw document metadata,https://sigla.phis.me/,CC BY-NC-SA 4.0,P-SIGLA-2026-09-27,source_explicit,"Decoded from current local SigLA snapshot; dimensions withheld pending float validation. Site group is legacy document-label prefix heuristic, NOT source-explicit canonical site metadata."
CTX-0063,HT 132,HT,Tablet,,,LM IB,,,SIGLA,raw document metadata,https://sigla.phis.me/,CC BY-NC-SA 4.0,P-SIGLA-2026-09-27,source_explicit,"Decoded from current local SigLA snapshot; dimensions withheld pending float validation. Site group is legacy document-label prefix heuristic, NOT source-explicit canonical site metadata."
CTX-0064,HT 133,HT,Tablet,,,LM IB,,,SIGLA,raw document metadata,https://sigla.phis.me/,CC BY-NC-SA 4.0,P-SIGLA-2026-09-27,source_explicit,"Decoded from current local SigLA snapshot; dimensions withheld pending float validation. Site group is legacy document-label prefix heuristic, NOT source-explicit canonical site metadata."
CTX-0065,HT 135a,HT,Tablet,,,LM IB,,,SIGLA,raw document metadata,https://sigla.phis.me/,CC BY-NC-SA 4.0,P-SIGLA-2026-09-27,source_explicit,"Decoded from current local SigLA snapshot; dimensions withheld pending float validation. Site group is legacy document-label prefix heuristic, NOT source-explicit canonical site metadata."
CTX-0066,HT 135b,HT,Tablet,,,LM IB,,,SIGLA,raw document metadata,https://sigla.phis.me/,CC BY-NC-SA 4.0,P-SIGLA-2026-09-27,source_explicit,"Decoded from current local SigLA snapshot; dimensions withheld pending float validation. Site group is legacy document-label prefix heuristic, NOT source-explicit canonical site metadata."
CTX-0067,HT 136a,HT,Tablet,,,LM IB,,,SIGLA,raw document metadata,https://sigla.phis.me/,CC BY-NC-SA 4.0,P-SIGLA-2026-09-27,source_explicit,"Decoded from current local SigLA snapshot; dimensions withheld pending float validation. Site group is legacy document-label prefix heuristic, NOT source-explicit canonical site metadata."
CTX-0068,HT 136b,HT,Tablet,,,LM IB,,,SIGLA,raw document metadata,https://sigla.phis.me/,CC BY-NC-SA 4.0,P-SIGLA-2026-09-27,source_explicit,"Decoded from current local SigLA snapshot; dimensions withheld pending float validation. Site group is legacy document-label prefix heuristic, NOT source-explicit canonical site metadata."
CTX-0069,HT 137,HT,Tablet,,,LM IB,,,SIGLA,raw document metadata,https://sigla.phis.me/,CC BY-NC-SA 4.0,P-SIGLA-2026-09-27,source_explicit,"Decoded from current local SigLA snapshot; dimensions withheld pending float validation. Site group is legacy document-label prefix heuristic, NOT source-explicit canonical site metadata."
CTX-0070,HT 139,HT,Tablet,,,LM IB,,,SIGLA,raw document metadata,https://sigla.phis.me/,CC BY-NC-SA 4.0,P-SIGLA-2026-09-27,source_explicit,"Decoded from current local SigLA snapshot; dimensions withheld pending float validation. Site group is legacy document-label prefix heuristic, NOT source-explicit canonical site metadata."
CTX-0071,HT 14,HT,Tablet,,,LM IB,,,SIGLA,raw document metadata,https://sigla.phis.me/,CC BY-NC-SA 4.0,P-SIGLA-2026-09-27,source_explicit,"Decoded from current local SigLA snapshot; dimensions withheld pending float validation. Site group is legacy document-label prefix heuristic, NOT source-explicit canonical site metadata."
CTX-0072,HT 140,HT,Tablet,,,LM IB,,,SIGLA,raw document metadata,https://sigla.phis.me/,CC BY-NC-SA 4.0,P-SIGLA-2026-09-27,source_explicit,"Decoded from current local SigLA snapshot; dimensions withheld pending float validation. Site group is legacy document-label prefix heuristic, NOT source-explicit canonical site metadata."
CTX-0073,HT 141,HT,Tablet,,,LM IB,,,SIGLA,raw document metadata,https://sigla.phis.me/,CC BY-NC-SA 4.0,P-SIGLA-2026-09-27,source_explicit,"Decoded from current local SigLA snapshot; dimensions withheld pending float validation. Site group is legacy document-label prefix heuristic, NOT source-explicit canonical site metadata."
CTX-0074,HT 142,HT,Tablet,,,LM IB,,,SIGLA,raw document metadata,https://sigla.phis.me/,CC BY-NC-SA 4.0,P-SIGLA-2026-09-27,source_explicit,"Decoded from current local SigLA snapshot; dimensions withheld pending float validation. Site group is legacy document-label prefix heuristic, NOT source-explicit canonical site metadata."
CTX-0075,HT 144,HT,Tablet,,,LM IB,,,SIGLA,raw document metadata,https://sigla.phis.me/,CC BY-NC-SA 4.0,P-SIGLA-2026-09-27,source_explicit,"Decoded from current local SigLA snapshot; dimensions withheld pending float validation. Site group is legacy document-label prefix heuristic, NOT source-explicit canonical site metadata."
CTX-0076,HT 146,HT,Tablet,,,LM IB,,,SIGLA,raw document metadata,https://sigla.phis.me/,CC BY-NC-SA 4.0,P-SIGLA-2026-09-27,source_explicit,"Decoded from current local SigLA snapshot; dimensions withheld pending float validation. Site group is legacy document-label prefix heuristic, NOT source-explicit canonical site metadata."
CTX-0077,HT 147,HT,Tablet,,,LM IB,,,SIGLA,raw document metadata,https://sigla.phis.me/,CC BY-NC-SA 4.0,P-SIGLA-2026-09-27,source_explicit,"Decoded from current local SigLA snapshot; dimensions withheld pending float validation. Site group is legacy document-label prefix heuristic, NOT source-explicit canonical site metadata."
CTX-0078,HT 15,HT,Tablet,,,LM IB,,,SIGLA,raw document metadata,https://sigla.phis.me/,CC BY-NC-SA 4.0,P-SIGLA-2026-09-27,source_explicit,"Decoded from current local SigLA snapshot; dimensions withheld pending float validation. Site group is legacy document-label prefix heuristic, NOT source-explicit canonical site metadata."
CTX-0079,HT 154,HT,Tablet,,,LM IB,,,SIGLA,raw document metadata,https://sigla.phis.me/,CC BY-NC-SA 4.0,P-SIGLA-2026-09-27,source_explicit,"Decoded from current local SigLA snapshot; dimensions withheld pending float validation. Site group is legacy document-label prefix heuristic, NOT source-explicit canonical site metadata."
CTX-0080,HT 154A,HT,Tablet,,,LM IB,,,SIGLA,raw document metadata,https://sigla.phis.me/,CC BY-NC-SA 4.0,P-SIGLA-2026-09-27,source_explicit,"Decoded from current local SigLA snapshot; dimensions withheld pending float validation. Site group is legacy document-label prefix heuristic, NOT source-explicit canonical site metadata."
CTX-0081,HT 154B,HT,Tablet,,,LM IB,,,SIGLA,raw document metadata,https://sigla.phis.me/,CC BY-NC-SA 4.0,P-SIGLA-2026-09-27,source_explicit,"Decoded from current local SigLA snapshot; dimensions withheld pending float validation. Site group is legacy document-label prefix heuristic, NOT source-explicit canonical site metadata."
CTX-0082,HT 154C,HT,Tablet,,,LM IB,,,SIGLA,raw document metadata,https://sigla.phis.me/,CC BY-NC-SA 4.0,P-SIGLA-2026-09-27,source_explicit,"Decoded from current local SigLA snapshot; dimensions withheld pending float validation. Site group is legacy document-label prefix heuristic, NOT source-explicit canonical site metadata."
CTX-0083,HT 154E,HT,Tablet,,,LM IB,,,SIGLA,raw document metadata,https://sigla.phis.me/,CC BY-NC-SA 4.0,P-SIGLA-2026-09-27,source_explicit,"Decoded from current local SigLA snapshot; dimensions withheld pending float validation. Site group is legacy document-label prefix heuristic, NOT source-explicit canonical site metadata."
CTX-0084,HT 154G,HT,Tablet,,,LM IB,,,SIGLA,raw document metadata,https://sigla.phis.me/,CC BY-NC-SA 4.0,P-SIGLA-2026-09-27,source_explicit,"Decoded from current local SigLA snapshot; dimensions withheld pending float validation. Site group is legacy document-label prefix heuristic, NOT source-explicit canonical site metadata."
CTX-0085,HT 154Ja,HT,Tablet,,,LM IB,,,SIGLA,raw document metadata,https://sigla.phis.me/,CC BY-NC-SA 4.0,P-SIGLA-2026-09-27,source_explicit,"Decoded from current local SigLA snapshot; dimensions withheld pending float validation. Site group is legacy document-label prefix heuristic, NOT source-explicit canonical site metadata."
CTX-0086,HT 154Jb,HT,Tablet,,,LM IB,,,SIGLA,raw document metadata,https://sigla.phis.me/,CC BY-NC-SA 4.0,P-SIGLA-2026-09-27,source_explicit,"Decoded from current local SigLA snapshot; dimensions withheld pending float validation. Site group is legacy document-label prefix heuristic, NOT source-explicit canonical site metadata."
CTX-0087,HT 154K,HT,Tablet,,,LM IB,,,SIGLA,raw document metadata,https://sigla.phis.me/,CC BY-NC-SA 4.0,P-SIGLA-2026-09-27,source_explicit,"Decoded from current local SigLA snapshot; dimensions withheld pending float validation. Site group is legacy document-label prefix heuristic, NOT source-explicit canonical site metadata."
CTX-0088,HT 154L,HT,Tablet,,,LM IB,,,SIGLA,raw document metadata,https://sigla.phis.me/,CC BY-NC-SA 4.0,P-SIGLA-2026-09-27,source_explicit,"Decoded from current local SigLA snapshot; dimensions withheld pending float validation. Site group is legacy document-label prefix heuristic, NOT source-explicit canonical site metadata."
CTX-0089,HT 154M,HT,Tablet,,,LM IB,,,SIGLA,raw document metadata,https://sigla.phis.me/,CC BY-NC-SA 4.0,P-SIGLA-2026-09-27,source_explicit,"Decoded from current local SigLA snapshot; dimensions withheld pending float validation. Site group is legacy document-label prefix heuristic, NOT source-explicit canonical site metadata."
CTX-0090,HT 154N,HT,Tablet,,,LM IB,,,SIGLA,raw document metadata,https://sigla.phis.me/,CC BY-NC-SA 4.0,P-SIGLA-2026-09-27,source_explicit,"Decoded from current local SigLA snapshot; dimensions withheld pending float validation. Site group is legacy document-label prefix heuristic, NOT source-explicit canonical site metadata."
CTX-0091,HT 16,HT,Tablet,,,LM IB,,,SIGLA,raw document metadata,https://sigla.phis.me/,CC BY-NC-SA 4.0,P-SIGLA-2026-09-27,source_explicit,"Decoded from current local SigLA snapshot; dimensions withheld pending float validation. Site group is legacy document-label prefix heuristic, NOT source-explicit canonical site metadata."
CTX-0092,HT 17,HT,Tablet,,,LM IB,,,SIGLA,raw document metadata,https://sigla.phis.me/,CC BY-NC-SA 4.0,P-SIGLA-2026-09-27,source_explicit,"Decoded from current local SigLA snapshot; dimensions withheld pending float validation. Site group is legacy document-label prefix heuristic, NOT source-explicit canonical site metadata."
CTX-0093,HT 18,HT,Tablet,,,LM IB,,,SIGLA,raw document metadata,https://sigla.phis.me/,CC BY-NC-SA 4.0,P-SIGLA-2026-09-27,source_explicit,"Decoded from current local SigLA snapshot; dimensions withheld pending float validation. Site group is legacy document-label prefix heuristic, NOT source-explicit canonical site metadata."
CTX-0094,HT 19,HT,Tablet,,,LM IB,,,SIGLA,raw document metadata,https://sigla.phis.me/,CC BY-NC-SA 4.0,P-SIGLA-2026-09-27,source_explicit,"Decoded from current local SigLA snapshot; dimensions withheld pending float validation. Site group is legacy document-label prefix heuristic, NOT source-explicit canonical site metadata."
CTX-0095,HT 2,HT,Tablet,,,LM IB,,,SIGLA,raw document metadata,https://sigla.phis.me/,CC BY-NC-SA 4.0,P-SIGLA-2026-09-27,source_explicit,"Decoded from current local SigLA snapshot; dimensions withheld pending float validation. Site group is legacy document-label prefix heuristic, NOT source-explicit canonical site metadata."
CTX-0096,HT 20,HT,Tablet,,,LM IB,,,SIGLA,raw document metadata,https://sigla.phis.me/,CC BY-NC-SA 4.0,P-SIGLA-2026-09-27,source_explicit,"Decoded from current local SigLA snapshot; dimensions withheld pending float validation. Site group is legacy document-label prefix heuristic, NOT source-explicit canonical site metadata."
CTX-0097,HT 21,HT,Tablet,,,LM IB,,,SIGLA,raw document metadata,https://sigla.phis.me/,CC BY-NC-SA 4.0,P-SIGLA-2026-09-27,source_explicit,"Decoded from current local SigLA snapshot; dimensions withheld pending float validation. Site group is legacy document-label prefix heuristic, NOT source-explicit canonical site metadata."
CTX-0098,HT 22,HT,Tablet,,,LM IB,,,SIGLA,raw document metadata,https://sigla.phis.me/,CC BY-NC-SA 4.0,P-SIGLA-2026-09-27,source_explicit,"Decoded from current local SigLA snapshot; dimensions withheld pending float validation. Site group is legacy document-label prefix heuristic, NOT source-explicit canonical site metadata."
CTX-0099,HT 23a,HT,Tablet,,,LM IB,,,SIGLA,raw document metadata,https://sigla.phis.me/,CC BY-NC-SA 4.0,P-SIGLA-2026-09-27,source_explicit,"Decoded from current local SigLA snapshot; dimensions withheld pending float validation. Site group is legacy document-label prefix heuristic, NOT source-explicit canonical site metadata."
CTX-0100,HT 23b,HT,Tablet,,,LM IB,,,SIGLA,raw document metadata,https://sigla.phis.me/,CC BY-NC-SA 4.0,P-SIGLA-2026-09-27,source_explicit,"Decoded from current local SigLA snapshot; dimensions withheld pending float validation. Site group is legacy document-label prefix heuristic, NOT source-explicit canonical site metadata."
CTX-0101,HT 24a,HT,Tablet,,,LM IB,,,SIGLA,raw document metadata,https://sigla.phis.me/,CC BY-NC-SA 4.0,P-SIGLA-2026-09-27,source_explicit,"Decoded from current local SigLA snapshot; dimensions withheld pending float validation. Site group is legacy document-label prefix heuristic, NOT source-explicit canonical site metadata."
CTX-0102,HT 24b,HT,Tablet,,,LM IB,,,SIGLA,raw document metadata,https://sigla.phis.me/,CC BY-NC-SA 4.0,P-SIGLA-2026-09-27,source_explicit,"Decoded from current local SigLA snapshot; dimensions withheld pending float validation. Site group is legacy document-label prefix heuristic, NOT source-explicit canonical site metadata."
CTX-0103,HT 25a,HT,Tablet,,,LM IB,,,SIGLA,raw document metadata,https://sigla.phis.me/,CC BY-NC-SA 4.0,P-SIGLA-2026-09-27,source_explicit,"Decoded from current local SigLA snapshot; dimensions withheld pending float validation. Site group is legacy document-label prefix heuristic, NOT source-explicit canonical site metadata."
CTX-0104,HT 25b,HT,Tablet,,,LM IB,,,SIGLA,raw document metadata,https://sigla.phis.me/,CC BY-NC-SA 4.0,P-SIGLA-2026-09-27,source_explicit,"Decoded from current local SigLA snapshot; dimensions withheld pending float validation. Site group is legacy document-label prefix heuristic, NOT source-explicit canonical site metadata."
CTX-0105,HT 26a,HT,Tablet,,,LM IB,,,SIGLA,raw document metadata,https://sigla.phis.me/,CC BY-NC-SA 4.0,P-SIGLA-2026-09-27,source_explicit,"Decoded from current local SigLA snapshot; dimensions withheld pending float validation. Site group is legacy document-label prefix heuristic, NOT source-explicit canonical site metadata."
CTX-0106,HT 26b,HT,Tablet,,,LM IB,,,SIGLA,raw document metadata,https://sigla.phis.me/,CC BY-NC-SA 4.0,P-SIGLA-2026-09-27,source_explicit,"Decoded from current local SigLA snapshot; dimensions withheld pending float validation. Site group is legacy document-label prefix heuristic, NOT source-explicit canonical site metadata."
CTX-0107,HT 27a,HT,Tablet,,,LM IB,,,SIGLA,raw document metadata,https://sigla.phis.me/,CC BY-NC-SA 4.0,P-SIGLA-2026-09-27,source_explicit,"Decoded from current local SigLA snapshot; dimensions withheld pending float validation. Site group is legacy document-label prefix heuristic, NOT source-explicit canonical site metadata."
CTX-0108,HT 27b,HT,Tablet,,,LM IB,,,SIGLA,raw document metadata,https://sigla.phis.me/,CC BY-NC-SA 4.0,P-SIGLA-2026-09-27,source_explicit,"Decoded from current local SigLA snapshot; dimensions withheld pending float validation. Site group is legacy document-label prefix heuristic, NOT source-explicit canonical site metadata."
CTX-0109,HT 28a,HT,Tablet,,,LM IB,,,SIGLA,raw document metadata,https://sigla.phis.me/,CC BY-NC-SA 4.0,P-SIGLA-2026-09-27,source_explicit,"Decoded from current local SigLA snapshot; dimensions withheld pending float validation. Site group is legacy document-label prefix heuristic, NOT source-explicit canonical site metadata."
CTX-0110,HT 28b,HT,Tablet,,,LM IB,,,SIGLA,raw document metadata,https://sigla.phis.me/,CC BY-NC-SA 4.0,P-SIGLA-2026-09-27,source_explicit,"Decoded from current local SigLA snapshot; dimensions withheld pending float validation. Site group is legacy document-label prefix heuristic, NOT source-explicit canonical site metadata."
CTX-0111,HT 29,HT,Tablet,,,LM IB,,,SIGLA,raw document metadata,https://sigla.phis.me/,CC BY-NC-SA 4.0,P-SIGLA-2026-09-27,source_explicit,"Decoded from current local SigLA snapshot; dimensions withheld pending float validation. Site group is legacy document-label prefix heuristic, NOT source-explicit canonical site metadata."
CTX-0112,HT 3,HT,Tablet,,,LM IB,,,SIGLA,raw document metadata,https://sigla.phis.me/,CC BY-NC-SA 4.0,P-SIGLA-2026-09-27,source_explicit,"Decoded from current local SigLA snapshot; dimensions withheld pending float validation. Site group is legacy document-label prefix heuristic, NOT source-explicit canonical site metadata."
CTX-0113,HT 30,HT,Tablet,,,LM IB,,,SIGLA,raw document metadata,https://sigla.phis.me/,CC BY-NC-SA 4.0,P-SIGLA-2026-09-27,source_explicit,"Decoded from current local SigLA snapshot; dimensions withheld pending float validation. Site group is legacy document-label prefix heuristic, NOT source-explicit canonical site metadata."
CTX-0114,HT 31,HT,Tablet,,,LM IB,,,SIGLA,raw document metadata,https://sigla.phis.me/,CC BY-NC-SA 4.0,P-SIGLA-2026-09-27,source_explicit,"Decoded from current local SigLA snapshot; dimensions withheld pending float validation. Site group is legacy document-label prefix heuristic, NOT source-explicit canonical site metadata."
CTX-0115,HT 32,HT,Tablet,,,LM IB,,,SIGLA,raw document metadata,https://sigla.phis.me/,CC BY-NC-SA 4.0,P-SIGLA-2026-09-27,source_explicit,"Decoded from current local SigLA snapshot; dimensions withheld pending float validation. Site group is legacy document-label prefix heuristic, NOT source-explicit canonical site metadata."
CTX-0116,HT 33,HT,Tablet,,,LM IB,,,SIGLA,raw document metadata,https://sigla.phis.me/,CC BY-NC-SA 4.0,P-SIGLA-2026-09-27,source_explicit,"Decoded from current local SigLA snapshot; dimensions withheld pending float validation. Site group is legacy document-label prefix heuristic, NOT source-explicit canonical site metadata."
CTX-0117,HT 34,HT,Tablet,,,LM IB,,,SIGLA,raw document metadata,https://sigla.phis.me/,CC BY-NC-SA 4.0,P-SIGLA-2026-09-27,source_explicit,"Decoded from current local SigLA snapshot; dimensions withheld pending float validation. Site group is legacy document-label prefix heuristic, NOT source-explicit canonical site metadata."
CTX-0118,HT 35,HT,Tablet,,,LM IB,,,SIGLA,raw document metadata,https://sigla.phis.me/,CC BY-NC-SA 4.0,P-SIGLA-2026-09-27,source_explicit,"Decoded from current local SigLA snapshot; dimensions withheld pending float validation. Site group is legacy document-label prefix heuristic, NOT source-explicit canonical site metadata."
CTX-0119,HT 36,HT,Tablet,,,LM IB,,,SIGLA,raw document metadata,https://sigla.phis.me/,CC BY-NC-SA 4.0,P-SIGLA-2026-09-27,source_explicit,"Decoded from current local SigLA snapshot; dimensions withheld pending float validation. Site group is legacy document-label prefix heuristic, NOT source-explicit canonical site metadata."
CTX-0120,HT 37,HT,Tablet,,,LM IB,,,SIGLA,raw document metadata,https://sigla.phis.me/,CC BY-NC-SA 4.0,P-SIGLA-2026-09-27,source_explicit,"Decoded from current local SigLA snapshot; dimensions withheld pending float validation. Site group is legacy document-label prefix heuristic, NOT source-explicit canonical site metadata."
CTX-0121,HT 38,HT,Tablet,,,LM IB,,,SIGLA,raw document metadata,https://sigla.phis.me/,CC BY-NC-SA 4.0,P-SIGLA-2026-09-27,source_explicit,"Decoded from current local SigLA snapshot; dimensions withheld pending float validation. Site group is legacy document-label prefix heuristic, NOT source-explicit canonical site metadata."
CTX-0122,HT 39,HT,Tablet,,,LM IB,,,SIGLA,raw document metadata,https://sigla.phis.me/,CC BY-NC-SA 4.0,P-SIGLA-2026-09-27,source_explicit,"Decoded from current local SigLA snapshot; dimensions withheld pending float validation. Site group is legacy document-label prefix heuristic, NOT source-explicit canonical site metadata."
CTX-0123,HT 4,HT,Tablet,,,LM IB,,,SIGLA,raw document metadata,https://sigla.phis.me/,CC BY-NC-SA 4.0,P-SIGLA-2026-09-27,source_explicit,"Decoded from current local SigLA snapshot; dimensions withheld pending float validation. Site group is legacy document-label prefix heuristic, NOT source-explicit canonical site metadata."
CTX-0124,HT 40,HT,Tablet,,,LM IB,,,SIGLA,raw document metadata,https://sigla.phis.me/,CC BY-NC-SA 4.0,P-SIGLA-2026-09-27,source_explicit,"Decoded from current local SigLA snapshot; dimensions withheld pending float validation. Site group is legacy document-label prefix heuristic, NOT source-explicit canonical site metadata."
CTX-0125,HT 41a,HT,Tablet,,,LM IB,,,SIGLA,raw document metadata,https://sigla.phis.me/,CC BY-NC-SA 4.0,P-SIGLA-2026-09-27,source_explicit,"Decoded from current local SigLA snapshot; dimensions withheld pending float validation. Site group is legacy document-label prefix heuristic, NOT source-explicit canonical site metadata."
CTX-0126,HT 41b,HT,Tablet,,,LM IB,,,SIGLA,raw document metadata,https://sigla.phis.me/,CC BY-NC-SA 4.0,P-SIGLA-2026-09-27,source_explicit,"Decoded from current local SigLA snapshot; dimensions withheld pending float validation. Site group is legacy document-label prefix heuristic, NOT source-explicit canonical site metadata."
CTX-0127,HT 42+59,HT,Tablet,,,LM IB,,,SIGLA,raw document metadata,https://sigla.phis.me/,CC BY-NC-SA 4.0,P-SIGLA-2026-09-27,source_explicit,"Decoded from current local SigLA snapshot; dimensions withheld pending float validation. Site group is legacy document-label prefix heuristic, NOT source-explicit canonical site metadata."
CTX-0128,HT 43,HT,Tablet,,,LM IB,,,SIGLA,raw document metadata,https://sigla.phis.me/,CC BY-NC-SA 4.0,P-SIGLA-2026-09-27,source_explicit,"Decoded from current local SigLA snapshot; dimensions withheld pending float validation. Site group is legacy document-label prefix heuristic, NOT source-explicit canonical site metadata."
CTX-0129,HT 44a,HT,Tablet,,,LM IB,,,SIGLA,raw document metadata,https://sigla.phis.me/,CC BY-NC-SA 4.0,P-SIGLA-2026-09-27,source_explicit,"Decoded from current local SigLA snapshot; dimensions withheld pending float validation. Site group is legacy document-label prefix heuristic, NOT source-explicit canonical site metadata."
CTX-0130,HT 44b,HT,Tablet,,,LM IB,,,SIGLA,raw document metadata,https://sigla.phis.me/,CC BY-NC-SA 4.0,P-SIGLA-2026-09-27,source_explicit,"Decoded from current local SigLA snapshot; dimensions withheld pending float validation. Site group is legacy document-label prefix heuristic, NOT source-explicit canonical site metadata."
CTX-0131,HT 45a,HT,Tablet,,,LM IB,,,SIGLA,raw document metadata,https://sigla.phis.me/,CC BY-NC-SA 4.0,P-SIGLA-2026-09-27,source_explicit,"Decoded from current local SigLA snapshot; dimensions withheld pending float validation. Site group is legacy document-label prefix heuristic, NOT source-explicit canonical site metadata."
CTX-0132,HT 45b,HT,Tablet,,,LM IB,,,SIGLA,raw document metadata,https://sigla.phis.me/,CC BY-NC-SA 4.0,P-SIGLA-2026-09-27,source_explicit,"Decoded from current local SigLA snapshot; dimensions withheld pending float validation. Site group is legacy document-label prefix heuristic, NOT source-explicit canonical site metadata."
CTX-0133,HT 46a,HT,Tablet,,,LM IB,,,SIGLA,raw document metadata,https://sigla.phis.me/,CC BY-NC-SA 4.0,P-SIGLA-2026-09-27,source_explicit,"Decoded from current local SigLA snapshot; dimensions withheld pending float validation. Site group is legacy document-label prefix heuristic, NOT source-explicit canonical site metadata."
CTX-0134,HT 46b,HT,Tablet,,,LM IB,,,SIGLA,raw document metadata,https://sigla.phis.me/,CC BY-NC-SA 4.0,P-SIGLA-2026-09-27,source_explicit,"Decoded from current local SigLA snapshot; dimensions withheld pending float validation. Site group is legacy document-label prefix heuristic, NOT source-explicit canonical site metadata."
CTX-0135,HT 47a,HT,Tablet,,,LM IB,,,SIGLA,raw document metadata,https://sigla.phis.me/,CC BY-NC-SA 4.0,P-SIGLA-2026-09-27,source_explicit,"Decoded from current local SigLA snapshot; dimensions withheld pending float validation. Site group is legacy document-label prefix heuristic, NOT source-explicit canonical site metadata."
CTX-0136,HT 47b,HT,Tablet,,,LM IB,,,SIGLA,raw document metadata,https://sigla.phis.me/,CC BY-NC-SA 4.0,P-SIGLA-2026-09-27,source_explicit,"Decoded from current local SigLA snapshot; dimensions withheld pending float validation. Site group is legacy document-label prefix heuristic, NOT source-explicit canonical site metadata."
CTX-0137,HT 49a,HT,Tablet,,,LM IB,,,SIGLA,raw document metadata,https://sigla.phis.me/,CC BY-NC-SA 4.0,P-SIGLA-2026-09-27,source_explicit,"Decoded from current local SigLA snapshot; dimensions withheld pending float validation. Site group is legacy document-label prefix heuristic, NOT source-explicit canonical site metadata."
CTX-0138,HT 49b,HT,Tablet,,,LM IB,,,SIGLA,raw document metadata,https://sigla.phis.me/,CC BY-NC-SA 4.0,P-SIGLA-2026-09-27,source_explicit,"Decoded from current local SigLA snapshot; dimensions withheld pending float validation. Site group is legacy document-label prefix heuristic, NOT source-explicit canonical site metadata."
CTX-0139,HT 5,HT,Tablet,,,LM IB,,,SIGLA,raw document metadata,https://sigla.phis.me/,CC BY-NC-SA 4.0,P-SIGLA-2026-09-27,source_explicit,"Decoded from current local SigLA snapshot; dimensions withheld pending float validation. Site group is legacy document-label prefix heuristic, NOT source-explicit canonical site metadata."
CTX-0140,HT 50a,HT,Tablet,,,LM IB,,,SIGLA,raw document metadata,https://sigla.phis.me/,CC BY-NC-SA 4.0,P-SIGLA-2026-09-27,source_explicit,"Decoded from current local SigLA snapshot; dimensions withheld pending float validation. Site group is legacy document-label prefix heuristic, NOT source-explicit canonical site metadata."
CTX-0141,HT 50b,HT,Tablet,,,LM IB,,,SIGLA,raw document metadata,https://sigla.phis.me/,CC BY-NC-SA 4.0,P-SIGLA-2026-09-27,source_explicit,"Decoded from current local SigLA snapshot; dimensions withheld pending float validation. Site group is legacy document-label prefix heuristic, NOT source-explicit canonical site metadata."
CTX-0142,HT 51a,HT,Tablet,,,LM IB,,,SIGLA,raw document metadata,https://sigla.phis.me/,CC BY-NC-SA 4.0,P-SIGLA-2026-09-27,source_explicit,"Decoded from current local SigLA snapshot; dimensions withheld pending float validation. Site group is legacy document-label prefix heuristic, NOT source-explicit canonical site metadata."
CTX-0143,HT 51b,HT,Tablet,,,LM IB,,,SIGLA,raw document metadata,https://sigla.phis.me/,CC BY-NC-SA 4.0,P-SIGLA-2026-09-27,source_explicit,"Decoded from current local SigLA snapshot; dimensions withheld pending float validation. Site group is legacy document-label prefix heuristic, NOT source-explicit canonical site metadata."
CTX-0144,HT 52a,HT,Tablet,,,LM IB,,,SIGLA,raw document metadata,https://sigla.phis.me/,CC BY-NC-SA 4.0,P-SIGLA-2026-09-27,source_explicit,"Decoded from current local SigLA snapshot; dimensions withheld pending float validation. Site group is legacy document-label prefix heuristic, NOT source-explicit canonical site metadata."
CTX-0145,HT 52b,HT,Tablet,,,LM IB,,,SIGLA,raw document metadata,https://sigla.phis.me/,CC BY-NC-SA 4.0,P-SIGLA-2026-09-27,source_explicit,"Decoded from current local SigLA snapshot; dimensions withheld pending float validation. Site group is legacy document-label prefix heuristic, NOT source-explicit canonical site metadata."
CTX-0146,HT 53a,HT,Tablet,,,LM IB,,,SIGLA,raw document metadata,https://sigla.phis.me/,CC BY-NC-SA 4.0,P-SIGLA-2026-09-27,source_explicit,"Decoded from current local SigLA snapshot; dimensions withheld pending float validation. Site group is legacy document-label prefix heuristic, NOT source-explicit canonical site metadata."
CTX-0147,HT 53b,HT,Tablet,,,LM IB,,,SIGLA,raw document metadata,https://sigla.phis.me/,CC BY-NC-SA 4.0,P-SIGLA-2026-09-27,source_explicit,"Decoded from current local SigLA snapshot; dimensions withheld pending float validation. Site group is legacy document-label prefix heuristic, NOT source-explicit canonical site metadata."
CTX-0148,HT 54a,HT,Tablet,,,LM IB,,,SIGLA,raw document metadata,https://sigla.phis.me/,CC BY-NC-SA 4.0,P-SIGLA-2026-09-27,source_explicit,"Decoded from current local SigLA snapshot; dimensions withheld pending float validation. Site group is legacy document-label prefix heuristic, NOT source-explicit canonical site metadata."
CTX-0149,HT 54b,HT,Tablet,,,LM IB,,,SIGLA,raw document metadata,https://sigla.phis.me/,CC BY-NC-SA 4.0,P-SIGLA-2026-09-27,source_explicit,"Decoded from current local SigLA snapshot; dimensions withheld pending float validation. Site group is legacy document-label prefix heuristic, NOT source-explicit canonical site metadata."
CTX-0150,HT 55a,HT,Tablet,,,LM IB,,,SIGLA,raw document metadata,https://sigla.phis.me/,CC BY-NC-SA 4.0,P-SIGLA-2026-09-27,source_explicit,"Decoded from current local SigLA snapshot; dimensions withheld pending float validation. Site group is legacy document-label prefix heuristic, NOT source-explicit canonical site metadata."
CTX-0151,HT 55b,HT,Tablet,,,LM IB,,,SIGLA,raw document metadata,https://sigla.phis.me/,CC BY-NC-SA 4.0,P-SIGLA-2026-09-27,source_explicit,"Decoded from current local SigLA snapshot; dimensions withheld pending float validation. Site group is legacy document-label prefix heuristic, NOT source-explicit canonical site metadata."
CTX-0152,HT 56a,HT,Tablet,,,LM IB,,,SIGLA,raw document metadata,https://sigla.phis.me/,CC BY-NC-SA 4.0,P-SIGLA-2026-09-27,source_explicit,"Decoded from current local SigLA snapshot; dimensions withheld pending float validation. Site group is legacy document-label prefix heuristic, NOT source-explicit canonical site metadata."
CTX-0153,HT 56b,HT,Tablet,,,LM IB,,,SIGLA,raw document metadata,https://sigla.phis.me/,CC BY-NC-SA 4.0,P-SIGLA-2026-09-27,source_explicit,"Decoded from current local SigLA snapshot; dimensions withheld pending float validation. Site group is legacy document-label prefix heuristic, NOT source-explicit canonical site metadata."
CTX-0154,HT 57a,HT,Tablet,,,LM IB,,,SIGLA,raw document metadata,https://sigla.phis.me/,CC BY-NC-SA 4.0,P-SIGLA-2026-09-27,source_explicit,"Decoded from current local SigLA snapshot; dimensions withheld pending float validation. Site group is legacy document-label prefix heuristic, NOT source-explicit canonical site metadata."
CTX-0155,HT 57b,HT,Tablet,,,LM IB,,,SIGLA,raw document metadata,https://sigla.phis.me/,CC BY-NC-SA 4.0,P-SIGLA-2026-09-27,source_explicit,"Decoded from current local SigLA snapshot; dimensions withheld pending float validation. Site group is legacy document-label prefix heuristic, NOT source-explicit canonical site metadata."
CTX-0156,HT 58,HT,Tablet,,,LM IB,,,SIGLA,raw document metadata,https://sigla.phis.me/,CC BY-NC-SA 4.0,P-SIGLA-2026-09-27,source_explicit,"Decoded from current local SigLA snapshot; dimensions withheld pending float validation. Site group is legacy document-label prefix heuristic, NOT source-explicit canonical site metadata."
CTX-0157,HT 60,HT,Tablet,,,LM IB,,,SIGLA,raw document metadata,https://sigla.phis.me/,CC BY-NC-SA 4.0,P-SIGLA-2026-09-27,source_explicit,"Decoded from current local SigLA snapshot; dimensions withheld pending float validation. Site group is legacy document-label prefix heuristic, NOT source-explicit canonical site metadata."
CTX-0158,HT 61,HT,Tablet,,,LM IB,,,SIGLA,raw document metadata,https://sigla.phis.me/,CC BY-NC-SA 4.0,P-SIGLA-2026-09-27,source_explicit,"Decoded from current local SigLA snapshot; dimensions withheld pending float validation. Site group is legacy document-label prefix heuristic, NOT source-explicit canonical site metadata."
CTX-0159,HT 62+73,HT,Tablet,,,LM IB,,,SIGLA,raw document metadata,https://sigla.phis.me/,CC BY-NC-SA 4.0,P-SIGLA-2026-09-27,source_explicit,"Decoded from current local SigLA snapshot; dimensions withheld pending float validation. Site group is legacy document-label prefix heuristic, NOT source-explicit canonical site metadata."
CTX-0160,HT 63,HT,Tablet,,,LM IB,,,SIGLA,raw document metadata,https://sigla.phis.me/,CC BY-NC-SA 4.0,P-SIGLA-2026-09-27,source_explicit,"Decoded from current local SigLA snapshot; dimensions withheld pending float validation. Site group is legacy document-label prefix heuristic, NOT source-explicit canonical site metadata."
CTX-0161,HT 64,HT,Tablet,,,LM IB,,,SIGLA,raw document metadata,https://sigla.phis.me/,CC BY-NC-SA 4.0,P-SIGLA-2026-09-27,source_explicit,"Decoded from current local SigLA snapshot; dimensions withheld pending float validation. Site group is legacy document-label prefix heuristic, NOT source-explicit canonical site metadata."
CTX-0162,HT 65,HT,Tablet,,,LM IB,,,SIGLA,raw document metadata,https://sigla.phis.me/,CC BY-NC-SA 4.0,P-SIGLA-2026-09-27,source_explicit,"Decoded from current local SigLA snapshot; dimensions withheld pending float validation. Site group is legacy document-label prefix heuristic, NOT source-explicit canonical site metadata."
CTX-0163,HT 66,HT,Tablet,,,LM IB,,,SIGLA,raw document metadata,https://sigla.phis.me/,CC BY-NC-SA 4.0,P-SIGLA-2026-09-27,source_explicit,"Decoded from current local SigLA snapshot; dimensions withheld pending float validation. Site group is legacy document-label prefix heuristic, NOT source-explicit canonical site metadata."
CTX-0164,HT 68,HT,Tablet,,,LM IB,,,SIGLA,raw document metadata,https://sigla.phis.me/,CC BY-NC-SA 4.0,P-SIGLA-2026-09-27,source_explicit,"Decoded from current local SigLA snapshot; dimensions withheld pending float validation. Site group is legacy document-label prefix heuristic, NOT source-explicit canonical site metadata."
CTX-0165,HT 69,HT,Tablet,,,LM IB,,,SIGLA,raw document metadata,https://sigla.phis.me/,CC BY-NC-SA 4.0,P-SIGLA-2026-09-27,source_explicit,"Decoded from current local SigLA snapshot; dimensions withheld pending float validation. Site group is legacy document-label prefix heuristic, NOT source-explicit canonical site metadata."
CTX-0166,HT 6a,HT,Tablet,,,LM IB,,,SIGLA,raw document metadata,https://sigla.phis.me/,CC BY-NC-SA 4.0,P-SIGLA-2026-09-27,source_explicit,"Decoded from current local SigLA snapshot; dimensions withheld pending float validation. Site group is legacy document-label prefix heuristic, NOT source-explicit canonical site metadata."
CTX-0167,HT 6b,HT,Tablet,,,LM IB,,,SIGLA,raw document metadata,https://sigla.phis.me/,CC BY-NC-SA 4.0,P-SIGLA-2026-09-27,source_explicit,"Decoded from current local SigLA snapshot; dimensions withheld pending float validation. Site group is legacy document-label prefix heuristic, NOT source-explicit canonical site metadata."
CTX-0168,HT 70,HT,Tablet,,,LM IB,,,SIGLA,raw document metadata,https://sigla.phis.me/,CC BY-NC-SA 4.0,P-SIGLA-2026-09-27,source_explicit,"Decoded from current local SigLA snapshot; dimensions withheld pending float validation. Site group is legacy document-label prefix heuristic, NOT source-explicit canonical site metadata."
CTX-0169,HT 72,HT,Tablet,,,LM IB,,,SIGLA,raw document metadata,https://sigla.phis.me/,CC BY-NC-SA 4.0,P-SIGLA-2026-09-27,source_explicit,"Decoded from current local SigLA snapshot; dimensions withheld pending float validation. Site group is legacy document-label prefix heuristic, NOT source-explicit canonical site metadata."
CTX-0170,HT 74,HT,Tablet,,,LM IB,,,SIGLA,raw document metadata,https://sigla.phis.me/,CC BY-NC-SA 4.0,P-SIGLA-2026-09-27,source_explicit,"Decoded from current local SigLA snapshot; dimensions withheld pending float validation. Site group is legacy document-label prefix heuristic, NOT source-explicit canonical site metadata."
CTX-0171,HT 75,HT,Tablet,,,LM IB,,,SIGLA,raw document metadata,https://sigla.phis.me/,CC BY-NC-SA 4.0,P-SIGLA-2026-09-27,source_explicit,"Decoded from current local SigLA snapshot; dimensions withheld pending float validation. Site group is legacy document-label prefix heuristic, NOT source-explicit canonical site metadata."
CTX-0172,HT 78,HT,Tablet,,,LM IB,,,SIGLA,raw document metadata,https://sigla.phis.me/,CC BY-NC-SA 4.0,P-SIGLA-2026-09-27,source_explicit,"Decoded from current local SigLA snapshot; dimensions withheld pending float validation. Site group is legacy document-label prefix heuristic, NOT source-explicit canonical site metadata."
CTX-0173,HT 79+83,HT,Tablet,,,LM IB,,,SIGLA,raw document metadata,https://sigla.phis.me/,CC BY-NC-SA 4.0,P-SIGLA-2026-09-27,source_explicit,"Decoded from current local SigLA snapshot; dimensions withheld pending float validation. Site group is legacy document-label prefix heuristic, NOT source-explicit canonical site metadata."
CTX-0174,HT 7a,HT,Tablet,,,LM IB,,,SIGLA,raw document metadata,https://sigla.phis.me/,CC BY-NC-SA 4.0,P-SIGLA-2026-09-27,source_explicit,"Decoded from current local SigLA snapshot; dimensions withheld pending float validation. Site group is legacy document-label prefix heuristic, NOT source-explicit canonical site metadata."
CTX-0175,HT 7b,HT,Tablet,,,LM IB,,,SIGLA,raw document metadata,https://sigla.phis.me/,CC BY-NC-SA 4.0,P-SIGLA-2026-09-27,source_explicit,"Decoded from current local SigLA snapshot; dimensions withheld pending float validation. Site group is legacy document-label prefix heuristic, NOT source-explicit canonical site metadata."
CTX-0176,HT 80,HT,Tablet,,,LM IB,,,SIGLA,raw document metadata,https://sigla.phis.me/,CC BY-NC-SA 4.0,P-SIGLA-2026-09-27,source_explicit,"Decoded from current local SigLA snapshot; dimensions withheld pending float validation. Site group is legacy document-label prefix heuristic, NOT source-explicit canonical site metadata."
CTX-0177,HT 81,HT,Tablet,,,LM IB,,,SIGLA,raw document metadata,https://sigla.phis.me/,CC BY-NC-SA 4.0,P-SIGLA-2026-09-27,source_explicit,"Decoded from current local SigLA snapshot; dimensions withheld pending float validation. Site group is legacy document-label prefix heuristic, NOT source-explicit canonical site metadata."
CTX-0178,HT 82,HT,Tablet,,,LM IB,,,SIGLA,raw document metadata,https://sigla.phis.me/,CC BY-NC-SA 4.0,P-SIGLA-2026-09-27,source_explicit,"Decoded from current local SigLA snapshot; dimensions withheld pending float validation. Site group is legacy document-label prefix heuristic, NOT source-explicit canonical site metadata."
CTX-0179,HT 84,HT,Tablet,,,LM IB,,,SIGLA,raw document metadata,https://sigla.phis.me/,CC BY-NC-SA 4.0,P-SIGLA-2026-09-27,source_explicit,"Decoded from current local SigLA snapshot; dimensions withheld pending float validation. Site group is legacy document-label prefix heuristic, NOT source-explicit canonical site metadata."
CTX-0180,HT 85a,HT,Tablet,,,LM IB,,,SIGLA,raw document metadata,https://sigla.phis.me/,CC BY-NC-SA 4.0,P-SIGLA-2026-09-27,source_explicit,"Decoded from current local SigLA snapshot; dimensions withheld pending float validation. Site group is legacy document-label prefix heuristic, NOT source-explicit canonical site metadata."
CTX-0181,HT 85b,HT,Tablet,,,LM IB,,,SIGLA,raw document metadata,https://sigla.phis.me/,CC BY-NC-SA 4.0,P-SIGLA-2026-09-27,source_explicit,"Decoded from current local SigLA snapshot; dimensions withheld pending float validation. Site group is legacy document-label prefix heuristic, NOT source-explicit canonical site metadata."
CTX-0182,HT 86a,HT,Tablet,,,LM IB,,,SIGLA,raw document metadata,https://sigla.phis.me/,CC BY-NC-SA 4.0,P-SIGLA-2026-09-27,source_explicit,"Decoded from current local SigLA snapshot; dimensions withheld pending float validation. Site group is legacy document-label prefix heuristic, NOT source-explicit canonical site metadata."
CTX-0183,HT 86b,HT,Tablet,,,LM IB,,,SIGLA,raw document metadata,https://sigla.phis.me/,CC BY-NC-SA 4.0,P-SIGLA-2026-09-27,source_explicit,"Decoded from current local SigLA snapshot; dimensions withheld pending float validation. Site group is legacy document-label prefix heuristic, NOT source-explicit canonical site metadata."
CTX-0184,HT 87,HT,Tablet,,,LM IB,,,SIGLA,raw document metadata,https://sigla.phis.me/,CC BY-NC-SA 4.0,P-SIGLA-2026-09-27,source_explicit,"Decoded from current local SigLA snapshot; dimensions withheld pending float validation. Site group is legacy document-label prefix heuristic, NOT source-explicit canonical site metadata."
CTX-0185,HT 88,HT,Tablet,,,LM IB,,,SIGLA,raw document metadata,https://sigla.phis.me/,CC BY-NC-SA 4.0,P-SIGLA-2026-09-27,source_explicit,"Decoded from current local SigLA snapshot; dimensions withheld pending float validation. Site group is legacy document-label prefix heuristic, NOT source-explicit canonical site metadata."
CTX-0186,HT 89,HT,Tablet,,,LM IB,,,SIGLA,raw document metadata,https://sigla.phis.me/,CC BY-NC-SA 4.0,P-SIGLA-2026-09-27,source_explicit,"Decoded from current local SigLA snapshot; dimensions withheld pending float validation. Site group is legacy document-label prefix heuristic, NOT source-explicit canonical site metadata."
CTX-0187,HT 8a,HT,Tablet,,,LM IB,,,SIGLA,raw document metadata,https://sigla.phis.me/,CC BY-NC-SA 4.0,P-SIGLA-2026-09-27,source_explicit,"Decoded from current local SigLA snapshot; dimensions withheld pending float validation. Site group is legacy document-label prefix heuristic, NOT source-explicit canonical site metadata."
CTX-0188,HT 8b,HT,Tablet,,,LM IB,,,SIGLA,raw document metadata,https://sigla.phis.me/,CC BY-NC-SA 4.0,P-SIGLA-2026-09-27,source_explicit,"Decoded from current local SigLA snapshot; dimensions withheld pending float validation. Site group is legacy document-label prefix heuristic, NOT source-explicit canonical site metadata."
CTX-0189,HT 90,HT,Tablet,,,LM IB,,,SIGLA,raw document metadata,https://sigla.phis.me/,CC BY-NC-SA 4.0,P-SIGLA-2026-09-27,source_explicit,"Decoded from current local SigLA snapshot; dimensions withheld pending float validation. Site group is legacy document-label prefix heuristic, NOT source-explicit canonical site metadata."
CTX-0190,HT 91,HT,Tablet,,,LM IB,,,SIGLA,raw document metadata,https://sigla.phis.me/,CC BY-NC-SA 4.0,P-SIGLA-2026-09-27,source_explicit,"Decoded from current local SigLA snapshot; dimensions withheld pending float validation. Site group is legacy document-label prefix heuristic, NOT source-explicit canonical site metadata."
CTX-0191,HT 92,HT,Tablet,,,LM IB,,,SIGLA,raw document metadata,https://sigla.phis.me/,CC BY-NC-SA 4.0,P-SIGLA-2026-09-27,source_explicit,"Decoded from current local SigLA snapshot; dimensions withheld pending float validation. Site group is legacy document-label prefix heuristic, NOT source-explicit canonical site metadata."
CTX-0192,HT 93a,HT,Tablet,,,LM IB,,,SIGLA,raw document metadata,https://sigla.phis.me/,CC BY-NC-SA 4.0,P-SIGLA-2026-09-27,source_explicit,"Decoded from current local SigLA snapshot; dimensions withheld pending float validation. Site group is legacy document-label prefix heuristic, NOT source-explicit canonical site metadata."
CTX-0193,HT 93b,HT,Tablet,,,LM IB,,,SIGLA,raw document metadata,https://sigla.phis.me/,CC BY-NC-SA 4.0,P-SIGLA-2026-09-27,source_explicit,"Decoded from current local SigLA snapshot; dimensions withheld pending float validation. Site group is legacy document-label prefix heuristic, NOT source-explicit canonical site metadata."
CTX-0194,HT 94a,HT,Tablet,,,LM IB,,,SIGLA,raw document metadata,https://sigla.phis.me/,CC BY-NC-SA 4.0,P-SIGLA-2026-09-27,source_explicit,"Decoded from current local SigLA snapshot; dimensions withheld pending float validation. Site group is legacy document-label prefix heuristic, NOT source-explicit canonical site metadata."
CTX-0195,HT 94b,HT,Tablet,,,LM IB,,,SIGLA,raw document metadata,https://sigla.phis.me/,CC BY-NC-SA 4.0,P-SIGLA-2026-09-27,source_explicit,"Decoded from current local SigLA snapshot; dimensions withheld pending float validation. Site group is legacy document-label prefix heuristic, NOT source-explicit canonical site metadata."
CTX-0196,HT 95a,HT,Tablet,,,LM IB,,,SIGLA,raw document metadata,https://sigla.phis.me/,CC BY-NC-SA 4.0,P-SIGLA-2026-09-27,source_explicit,"Decoded from current local SigLA snapshot; dimensions withheld pending float validation. Site group is legacy document-label prefix heuristic, NOT source-explicit canonical site metadata."
CTX-0197,HT 95b,HT,Tablet,,,LM IB,,,SIGLA,raw document metadata,https://sigla.phis.me/,CC BY-NC-SA 4.0,P-SIGLA-2026-09-27,source_explicit,"Decoded from current local SigLA snapshot; dimensions withheld pending float validation. Site group is legacy document-label prefix heuristic, NOT source-explicit canonical site metadata."
CTX-0198,HT 96a,HT,Tablet,,,LM IB,,,SIGLA,raw document metadata,https://sigla.phis.me/,CC BY-NC-SA 4.0,P-SIGLA-2026-09-27,source_explicit,"Decoded from current local SigLA snapshot; dimensions withheld pending float validation. Site group is legacy document-label prefix heuristic, NOT source-explicit canonical site metadata."
CTX-0199,HT 96b,HT,Tablet,,,LM IB,,,SIGLA,raw document metadata,https://sigla.phis.me/,CC BY-NC-SA 4.0,P-SIGLA-2026-09-27,source_explicit,"Decoded from current local SigLA snapshot; dimensions withheld pending float validation. Site group is legacy document-label prefix heuristic, NOT source-explicit canonical site metadata."
CTX-0200,HT 97a,HT,Tablet,,,LM IB,,,SIGLA,raw document metadata,https://sigla.phis.me/,CC BY-NC-SA 4.0,P-SIGLA-2026-09-27,source_explicit,"Decoded from current local SigLA snapshot; dimensions withheld pending float validation. Site group is legacy document-label prefix heuristic, NOT source-explicit canonical site metadata."
CTX-0201,HT 97b,HT,Tablet,,,LM IB,,,SIGLA,raw document metadata,https://sigla.phis.me/,CC BY-NC-SA 4.0,P-SIGLA-2026-09-27,source_explicit,"Decoded from current local SigLA snapshot; dimensions withheld pending float validation. Site group is legacy document-label prefix heuristic, NOT source-explicit canonical site metadata."
CTX-0202,HT 98a,HT,Tablet,,,LM IB,,,SIGLA,raw document metadata,https://sigla.phis.me/,CC BY-NC-SA 4.0,P-SIGLA-2026-09-27,source_explicit,"Decoded from current local SigLA snapshot; dimensions withheld pending float validation. Site group is legacy document-label prefix heuristic, NOT source-explicit canonical site metadata."
CTX-0203,HT 98b,HT,Tablet,,,LM IB,,,SIGLA,raw document metadata,https://sigla.phis.me/,CC BY-NC-SA 4.0,P-SIGLA-2026-09-27,source_explicit,"Decoded from current local SigLA snapshot; dimensions withheld pending float validation. Site group is legacy document-label prefix heuristic, NOT source-explicit canonical site metadata."
CTX-0204,HT 99a,HT,Tablet,,,LM IB,,,SIGLA,raw document metadata,https://sigla.phis.me/,CC BY-NC-SA 4.0,P-SIGLA-2026-09-27,source_explicit,"Decoded from current local SigLA snapshot; dimensions withheld pending float validation. Site group is legacy document-label prefix heuristic, NOT source-explicit canonical site metadata."
CTX-0205,HT 99b,HT,Tablet,,,LM IB,,,SIGLA,raw document metadata,https://sigla.phis.me/,CC BY-NC-SA 4.0,P-SIGLA-2026-09-27,source_explicit,"Decoded from current local SigLA snapshot; dimensions withheld pending float validation. Site group is legacy document-label prefix heuristic, NOT source-explicit canonical site metadata."
CTX-0206,HT 9a,HT,Tablet,,,LM IB,,,SIGLA,raw document metadata,https://sigla.phis.me/,CC BY-NC-SA 4.0,P-SIGLA-2026-09-27,source_explicit,"Decoded from current local SigLA snapshot; dimensions withheld pending float validation. Site group is legacy document-label prefix heuristic, NOT source-explicit canonical site metadata."
CTX-0207,HT 9b,HT,Tablet,,,LM IB,,,SIGLA,raw document metadata,https://sigla.phis.me/,CC BY-NC-SA 4.0,P-SIGLA-2026-09-27,source_explicit,"Decoded from current local SigLA snapshot; dimensions withheld pending float validation. Site group is legacy document-label prefix heuristic, NOT source-explicit canonical site metadata."
CTX-0208,HT Wa 1001,HT,Nodule,,,LM IB,,,SIGLA,raw document metadata,https://sigla.phis.me/,CC BY-NC-SA 4.0,P-SIGLA-2026-09-27,source_explicit,"Decoded from current local SigLA snapshot; dimensions withheld pending float validation. Site group is legacy document-label prefix heuristic, NOT source-explicit canonical site metadata."
CTX-0209,HT Wa 1002,HT,Nodule,,,LM IB,,,SIGLA,raw document metadata,https://sigla.phis.me/,CC BY-NC-SA 4.0,P-SIGLA-2026-09-27,source_explicit,"Decoded from current local SigLA snapshot; dimensions withheld pending float validation. Site group is legacy document-label prefix heuristic, NOT source-explicit canonical site metadata."
CTX-0210,HT Wa 1003,HT,Nodule,,,LM IB,,,SIGLA,raw document metadata,https://sigla.phis.me/,CC BY-NC-SA 4.0,P-SIGLA-2026-09-27,source_explicit,"Decoded from current local SigLA snapshot; dimensions withheld pending float validation. Site group is legacy document-label prefix heuristic, NOT source-explicit canonical site metadata."
CTX-0211,HT Wa 1004,HT,Nodule,,,LM IB,,,SIGLA,raw document metadata,https://sigla.phis.me/,CC BY-NC-SA 4.0,P-SIGLA-2026-09-27,source_explicit,"Decoded from current local SigLA snapshot; dimensions withheld pending float validation. Site group is legacy document-label prefix heuristic, NOT source-explicit canonical site metadata."
CTX-0212,HT Wa 1005,HT,Nodule,,,LM IB,,,SIGLA,raw document metadata,https://sigla.phis.me/,CC BY-NC-SA 4.0,P-SIGLA-2026-09-27,source_explicit,"Decoded from current local SigLA snapshot; dimensions withheld pending float validation. Site group is legacy document-label prefix heuristic, NOT source-explicit canonical site metadata."
CTX-0213,HT Wa 1006,HT,Nodule,,,LM IB,,,SIGLA,raw document metadata,https://sigla.phis.me/,CC BY-NC-SA 4.0,P-SIGLA-2026-09-27,source_explicit,"Decoded from current local SigLA snapshot; dimensions withheld pending float validation. Site group is legacy document-label prefix heuristic, NOT source-explicit canonical site metadata."
CTX-0214,HT Wa 1007,HT,Nodule,,,LM IB,,,SIGLA,raw document metadata,https://sigla.phis.me/,CC BY-NC-SA 4.0,P-SIGLA-2026-09-27,source_explicit,"Decoded from current local SigLA snapshot; dimensions withheld pending float validation. Site group is legacy document-label prefix heuristic, NOT source-explicit canonical site metadata."
CTX-0215,HT Wa 1008,HT,Nodule,,,LM IB,,,SIGLA,raw document metadata,https://sigla.phis.me/,CC BY-NC-SA 4.0,P-SIGLA-2026-09-27,source_explicit,"Decoded from current local SigLA snapshot; dimensions withheld pending float validation. Site group is legacy document-label prefix heuristic, NOT source-explicit canonical site metadata."
CTX-0216,HT Wa 1009,HT,Nodule,,,LM IB,,,SIGLA,raw document metadata,https://sigla.phis.me/,CC BY-NC-SA 4.0,P-SIGLA-2026-09-27,source_explicit,"Decoded from current local SigLA snapshot; dimensions withheld pending float validation. Site group is legacy document-label prefix heuristic, NOT source-explicit canonical site metadata."
CTX-0217,HT Wa 1010,HT,Nodule,,,LM IB,,,SIGLA,raw document metadata,https://sigla.phis.me/,CC BY-NC-SA 4.0,P-SIGLA-2026-09-27,source_explicit,"Decoded from current local SigLA snapshot; dimensions withheld pending float validation. Site group is legacy document-label prefix heuristic, NOT source-explicit canonical site metadata."
CTX-0218,HT Wa 1011,HT,Nodule,,,LM IB,,,SIGLA,raw document metadata,https://sigla.phis.me/,CC BY-NC-SA 4.0,P-SIGLA-2026-09-27,source_explicit,"Decoded from current local SigLA snapshot; dimensions withheld pending float validation. Site group is legacy document-label prefix heuristic, NOT source-explicit canonical site metadata."
CTX-0219,HT Wa 1012,HT,Nodule,,,LM IB,,,SIGLA,raw document metadata,https://sigla.phis.me/,CC BY-NC-SA 4.0,P-SIGLA-2026-09-27,source_explicit,"Decoded from current local SigLA snapshot; dimensions withheld pending float validation. Site group is legacy document-label prefix heuristic, NOT source-explicit canonical site metadata."
CTX-0220,HT Wa 1013,HT,Nodule,,,LM IB,,,SIGLA,raw document metadata,https://sigla.phis.me/,CC BY-NC-SA 4.0,P-SIGLA-2026-09-27,source_explicit,"Decoded from current local SigLA snapshot; dimensions withheld pending float validation. Site group is legacy document-label prefix heuristic, NOT source-explicit canonical site metadata."
CTX-0221,HT Wa 1014,HT,Nodule,,,LM IB,,,SIGLA,raw document metadata,https://sigla.phis.me/,CC BY-NC-SA 4.0,P-SIGLA-2026-09-27,source_explicit,"Decoded from current local SigLA snapshot; dimensions withheld pending float validation. Site group is legacy document-label prefix heuristic, NOT source-explicit canonical site metadata."
CTX-0222,HT Wa 1015,HT,Nodule,,,LM IB,,,SIGLA,raw document metadata,https://sigla.phis.me/,CC BY-NC-SA 4.0,P-SIGLA-2026-09-27,source_explicit,"Decoded from current local SigLA snapshot; dimensions withheld pending float validation. Site group is legacy document-label prefix heuristic, NOT source-explicit canonical site metadata."
CTX-0223,HT Wa 1016,HT,Nodule,,,LM IB,,,SIGLA,raw document metadata,https://sigla.phis.me/,CC BY-NC-SA 4.0,P-SIGLA-2026-09-27,source_explicit,"Decoded from current local SigLA snapshot; dimensions withheld pending float validation. Site group is legacy document-label prefix heuristic, NOT source-explicit canonical site metadata."
CTX-0224,HT Wa 1017,HT,Nodule,,,LM IB,,,SIGLA,raw document metadata,https://sigla.phis.me/,CC BY-NC-SA 4.0,P-SIGLA-2026-09-27,source_explicit,"Decoded from current local SigLA snapshot; dimensions withheld pending float validation. Site group is legacy document-label prefix heuristic, NOT source-explicit canonical site metadata."
CTX-0225,HT Wa 1018,HT,Nodule,,,LM IB,,,SIGLA,raw document metadata,https://sigla.phis.me/,CC BY-NC-SA 4.0,P-SIGLA-2026-09-27,source_explicit,"Decoded from current local SigLA snapshot; dimensions withheld pending float validation. Site group is legacy document-label prefix heuristic, NOT source-explicit canonical site metadata."
CTX-0226,HT Wa 1019α,HT,Nodule,,,LM IB,,,SIGLA,raw document metadata,https://sigla.phis.me/,CC BY-NC-SA 4.0,P-SIGLA-2026-09-27,source_explicit,"Decoded from current local SigLA snapshot; dimensions withheld pending float validation. Site group is legacy document-label prefix heuristic, NOT source-explicit canonical site metadata."
CTX-0227,HT Wa 1019γ,HT,Nodule,,,LM IB,,,SIGLA,raw document metadata,https://sigla.phis.me/,CC BY-NC-SA 4.0,P-SIGLA-2026-09-27,source_explicit,"Decoded from current local SigLA snapshot; dimensions withheld pending float validation. Site group is legacy document-label prefix heuristic, NOT source-explicit canonical site metadata."
CTX-0228,HT Wa 1020α,HT,Nodule,,,LM IB,,,SIGLA,raw document metadata,https://sigla.phis.me/,CC BY-NC-SA 4.0,P-SIGLA-2026-09-27,source_explicit,"Decoded from current local SigLA snapshot; dimensions withheld pending float validation. Site group is legacy document-label prefix heuristic, NOT source-explicit canonical site metadata."
CTX-0229,HT Wa 1020β,HT,Nodule,,,LM IB,,,SIGLA,raw document metadata,https://sigla.phis.me/,CC BY-NC-SA 4.0,P-SIGLA-2026-09-27,source_explicit,"Decoded from current local SigLA snapshot; dimensions withheld pending float validation. Site group is legacy document-label prefix heuristic, NOT source-explicit canonical site metadata."
CTX-0230,HT Wa 1020γ,HT,Nodule,,,LM IB,,,SIGLA,raw document metadata,https://sigla.phis.me/,CC BY-NC-SA 4.0,P-SIGLA-2026-09-27,source_explicit,"Decoded from current local SigLA snapshot; dimensions withheld pending float validation. Site group is legacy document-label prefix heuristic, NOT source-explicit canonical site metadata."
CTX-0231,HT Wa 1021α,HT,Nodule,,,LM IB,,,SIGLA,raw document metadata,https://sigla.phis.me/,CC BY-NC-SA 4.0,P-SIGLA-2026-09-27,source_explicit,"Decoded from current local SigLA snapshot; dimensions withheld pending float validation. Site group is legacy document-label prefix heuristic, NOT source-explicit canonical site metadata."
CTX-0232,HT Wa 1021β,HT,Nodule,,,LM IB,,,SIGLA,raw document metadata,https://sigla.phis.me/,CC BY-NC-SA 4.0,P-SIGLA-2026-09-27,source_explicit,"Decoded from current local SigLA snapshot; dimensions withheld pending float validation. Site group is legacy document-label prefix heuristic, NOT source-explicit canonical site metadata."
CTX-0233,HT Wa 1021γ,HT,Nodule,,,LM IB,,,SIGLA,raw document metadata,https://sigla.phis.me/,CC BY-NC-SA 4.0,P-SIGLA-2026-09-27,source_explicit,"Decoded from current local SigLA snapshot; dimensions withheld pending float validation. Site group is legacy document-label prefix heuristic, NOT source-explicit canonical site metadata."
CTX-0234,HT Wa 1022,HT,Nodule,,,LM IB,,,SIGLA,raw document metadata,https://sigla.phis.me/,CC BY-NC-SA 4.0,P-SIGLA-2026-09-27,source_explicit,"Decoded from current local SigLA snapshot; dimensions withheld pending float validation. Site group is legacy document-label prefix heuristic, NOT source-explicit canonical site metadata."
CTX-0235,HT Wa 1024,HT,Nodule,,,LM IB,,,SIGLA,raw document metadata,https://sigla.phis.me/,CC BY-NC-SA 4.0,P-SIGLA-2026-09-27,source_explicit,"Decoded from current local SigLA snapshot; dimensions withheld pending float validation. Site group is legacy document-label prefix heuristic, NOT source-explicit canonical site metadata."
CTX-0236,HT Wa 1025α,HT,Nodule,,,LM IB,,,SIGLA,raw document metadata,https://sigla.phis.me/,CC BY-NC-SA 4.0,P-SIGLA-2026-09-27,source_explicit,"Decoded from current local SigLA snapshot; dimensions withheld pending float validation. Site group is legacy document-label prefix heuristic, NOT source-explicit canonical site metadata."
CTX-0237,HT Wa 1025γ,HT,Nodule,,,LM IB,,,SIGLA,raw document metadata,https://sigla.phis.me/,CC BY-NC-SA 4.0,P-SIGLA-2026-09-27,source_explicit,"Decoded from current local SigLA snapshot; dimensions withheld pending float validation. Site group is legacy document-label prefix heuristic, NOT source-explicit canonical site metadata."
CTX-0238,HT Wa 1028α,HT,Nodule,,,LM IB,,,SIGLA,raw document metadata,https://sigla.phis.me/,CC BY-NC-SA 4.0,P-SIGLA-2026-09-27,source_explicit,"Decoded from current local SigLA snapshot; dimensions withheld pending float validation. Site group is legacy document-label prefix heuristic, NOT source-explicit canonical site metadata."
CTX-0239,HT Wa 1028γ,HT,Nodule,,,LM IB,,,SIGLA,raw document metadata,https://sigla.phis.me/,CC BY-NC-SA 4.0,P-SIGLA-2026-09-27,source_explicit,"Decoded from current local SigLA snapshot; dimensions withheld pending float validation. Site group is legacy document-label prefix heuristic, NOT source-explicit canonical site metadata."
CTX-0240,HT Wa 1029α,HT,Nodule,,,LM IB,,,SIGLA,raw document metadata,https://sigla.phis.me/,CC BY-NC-SA 4.0,P-SIGLA-2026-09-27,source_explicit,"Decoded from current local SigLA snapshot; dimensions withheld pending float validation. Site group is legacy document-label prefix heuristic, NOT source-explicit canonical site metadata."
CTX-0241,HT Wa 1029γ,HT,Nodule,,,LM IB,,,SIGLA,raw document metadata,https://sigla.phis.me/,CC BY-NC-SA 4.0,P-SIGLA-2026-09-27,source_explicit,"Decoded from current local SigLA snapshot; dimensions withheld pending float validation. Site group is legacy document-label prefix heuristic, NOT source-explicit canonical site metadata."
CTX-0242,HT Wa 1031,HT,Nodule,,,LM IB,,,SIGLA,raw document metadata,https://sigla.phis.me/,CC BY-NC-SA 4.0,P-SIGLA-2026-09-27,source_explicit,"Decoded from current local SigLA snapshot; dimensions withheld pending float validation. Site group is legacy document-label prefix heuristic, NOT source-explicit canonical site metadata."
CTX-0243,HT Wa 1032,HT,Nodule,,,LM IB,,,SIGLA,raw document metadata,https://sigla.phis.me/,CC BY-NC-SA 4.0,P-SIGLA-2026-09-27,source_explicit,"Decoded from current local SigLA snapshot; dimensions withheld pending float validation. Site group is legacy document-label prefix heuristic, NOT source-explicit canonical site metadata."
CTX-0244,HT Wa 1128,HT,Nodule,,,LM IB,,,SIGLA,raw document metadata,https://sigla.phis.me/,CC BY-NC-SA 4.0,P-SIGLA-2026-09-27,source_explicit,"Decoded from current local SigLA snapshot; dimensions withheld pending float validation. Site group is legacy document-label prefix heuristic, NOT source-explicit canonical site metadata."
CTX-0245,HT Wa 1147,HT,Nodule,,,LM IB,,,SIGLA,raw document metadata,https://sigla.phis.me/,CC BY-NC-SA 4.0,P-SIGLA-2026-09-27,source_explicit,"Decoded from current local SigLA snapshot; dimensions withheld pending float validation. Site group is legacy document-label prefix heuristic, NOT source-explicit canonical site metadata."
CTX-0246,HT Wa 1148,HT,Nodule,,,LM IB,,,SIGLA,raw document metadata,https://sigla.phis.me/,CC BY-NC-SA 4.0,P-SIGLA-2026-09-27,source_explicit,"Decoded from current local SigLA snapshot; dimensions withheld pending float validation. Site group is legacy document-label prefix heuristic, NOT source-explicit canonical site metadata."
CTX-0247,HT Wa 1150,HT,Nodule,,,LM IB,,,SIGLA,raw document metadata,https://sigla.phis.me/,CC BY-NC-SA 4.0,P-SIGLA-2026-09-27,source_explicit,"Decoded from current local SigLA snapshot; dimensions withheld pending float validation. Site group is legacy document-label prefix heuristic, NOT source-explicit canonical site metadata."
CTX-0248,HT Wa 1170,HT,Nodule,,,LM IB,,,SIGLA,raw document metadata,https://sigla.phis.me/,CC BY-NC-SA 4.0,P-SIGLA-2026-09-27,source_explicit,"Decoded from current local SigLA snapshot; dimensions withheld pending float validation. Site group is legacy document-label prefix heuristic, NOT source-explicit canonical site metadata."
CTX-0249,HT Wa 1172,HT,Nodule,,,LM IB,,,SIGLA,raw document metadata,https://sigla.phis.me/,CC BY-NC-SA 4.0,P-SIGLA-2026-09-27,source_explicit,"Decoded from current local SigLA snapshot; dimensions withheld pending float validation. Site group is legacy document-label prefix heuristic, NOT source-explicit canonical site metadata."
CTX-0250,HT Wa 1176,HT,Nodule,,,LM IB,,,SIGLA,raw document metadata,https://sigla.phis.me/,CC BY-NC-SA 4.0,P-SIGLA-2026-09-27,source_explicit,"Decoded from current local SigLA snapshot; dimensions withheld pending float validation. Site group is legacy document-label prefix heuristic, NOT source-explicit canonical site metadata."
CTX-0251,HT Wa 1199,HT,Nodule,,,LM IB,,,SIGLA,raw document metadata,https://sigla.phis.me/,CC BY-NC-SA 4.0,P-SIGLA-2026-09-27,source_explicit,"Decoded from current local SigLA snapshot; dimensions withheld pending float validation. Site group is legacy document-label prefix heuristic, NOT source-explicit canonical site metadata."
CTX-0252,HT Wa 1205,HT,Nodule,,,LM IB,,,SIGLA,raw document metadata,https://sigla.phis.me/,CC BY-NC-SA 4.0,P-SIGLA-2026-09-27,source_explicit,"Decoded from current local SigLA snapshot; dimensions withheld pending float validation. Site group is legacy document-label prefix heuristic, NOT source-explicit canonical site metadata."
CTX-0253,HT Wa 1206,HT,Nodule,,,LM IB,,,SIGLA,raw document metadata,https://sigla.phis.me/,CC BY-NC-SA 4.0,P-SIGLA-2026-09-27,source_explicit,"Decoded from current local SigLA snapshot; dimensions withheld pending float validation. Site group is legacy document-label prefix heuristic, NOT source-explicit canonical site metadata."
CTX-0254,HT Wa 1236,HT,Nodule,,,LM IB,,,SIGLA,raw document metadata,https://sigla.phis.me/,CC BY-NC-SA 4.0,P-SIGLA-2026-09-27,source_explicit,"Decoded from current local SigLA snapshot; dimensions withheld pending float validation. Site group is legacy document-label prefix heuristic, NOT source-explicit canonical site metadata."
CTX-0255,HT Wa 1242,HT,Nodule,,,LM IB,,,SIGLA,raw document metadata,https://sigla.phis.me/,CC BY-NC-SA 4.0,P-SIGLA-2026-09-27,source_explicit,"Decoded from current local SigLA snapshot; dimensions withheld pending float validation. Site group is legacy document-label prefix heuristic, NOT source-explicit canonical site metadata."
CTX-0256,HT Wa 1244,HT,Nodule,,,LM IB,,,SIGLA,raw document metadata,https://sigla.phis.me/,CC BY-NC-SA 4.0,P-SIGLA-2026-09-27,source_explicit,"Decoded from current local SigLA snapshot; dimensions withheld pending float validation. Site group is legacy document-label prefix heuristic, NOT source-explicit canonical site metadata."
CTX-0257,HT Wa 1252,HT,Nodule,,,LM IB,,,SIGLA,raw document metadata,https://sigla.phis.me/,CC BY-NC-SA 4.0,P-SIGLA-2026-09-27,source_explicit,"Decoded from current local SigLA snapshot; dimensions withheld pending float validation. Site group is legacy document-label prefix heuristic, NOT source-explicit canonical site metadata."
CTX-0258,HT Wa 1255,HT,Nodule,,,LM IB,,,SIGLA,raw document metadata,https://sigla.phis.me/,CC BY-NC-SA 4.0,P-SIGLA-2026-09-27,source_explicit,"Decoded from current local SigLA snapshot; dimensions withheld pending float validation. Site group is legacy document-label prefix heuristic, NOT source-explicit canonical site metadata."
CTX-0259,HT Wa 1256,HT,Nodule,,,LM IB,,,SIGLA,raw document metadata,https://sigla.phis.me/,CC BY-NC-SA 4.0,P-SIGLA-2026-09-27,source_explicit,"Decoded from current local SigLA snapshot; dimensions withheld pending float validation. Site group is legacy document-label prefix heuristic, NOT source-explicit canonical site metadata."
CTX-0260,HT Wa 1268,HT,Nodule,,,LM IB,,,SIGLA,raw document metadata,https://sigla.phis.me/,CC BY-NC-SA 4.0,P-SIGLA-2026-09-27,source_explicit,"Decoded from current local SigLA snapshot; dimensions withheld pending float validation. Site group is legacy document-label prefix heuristic, NOT source-explicit canonical site metadata."
CTX-0261,HT Wa 1278,HT,Nodule,,,LM IB,,,SIGLA,raw document metadata,https://sigla.phis.me/,CC BY-NC-SA 4.0,P-SIGLA-2026-09-27,source_explicit,"Decoded from current local SigLA snapshot; dimensions withheld pending float validation. Site group is legacy document-label prefix heuristic, NOT source-explicit canonical site metadata."
CTX-0262,HT Wa 1279,HT,Nodule,,,LM IB,,,SIGLA,raw document metadata,https://sigla.phis.me/,CC BY-NC-SA 4.0,P-SIGLA-2026-09-27,source_explicit,"Decoded from current local SigLA snapshot; dimensions withheld pending float validation. Site group is legacy document-label prefix heuristic, NOT source-explicit canonical site metadata."
CTX-0263,HT Wa 1280,HT,Nodule,,,LM IB,,,SIGLA,raw document metadata,https://sigla.phis.me/,CC BY-NC-SA 4.0,P-SIGLA-2026-09-27,source_explicit,"Decoded from current local SigLA snapshot; dimensions withheld pending float validation. Site group is legacy document-label prefix heuristic, NOT source-explicit canonical site metadata."
CTX-0264,HT Wa 1281,HT,Nodule,,,LM IB,,,SIGLA,raw document metadata,https://sigla.phis.me/,CC BY-NC-SA 4.0,P-SIGLA-2026-09-27,source_explicit,"Decoded from current local SigLA snapshot; dimensions withheld pending float validation. Site group is legacy document-label prefix heuristic, NOT source-explicit canonical site metadata."
CTX-0265,HT Wa 1282,HT,Nodule,,,LM IB,,,SIGLA,raw document metadata,https://sigla.phis.me/,CC BY-NC-SA 4.0,P-SIGLA-2026-09-27,source_explicit,"Decoded from current local SigLA snapshot; dimensions withheld pending float validation. Site group is legacy document-label prefix heuristic, NOT source-explicit canonical site metadata."
CTX-0266,HT Wa 1283,HT,Nodule,,,LM IB,,,SIGLA,raw document metadata,https://sigla.phis.me/,CC BY-NC-SA 4.0,P-SIGLA-2026-09-27,source_explicit,"Decoded from current local SigLA snapshot; dimensions withheld pending float validation. Site group is legacy document-label prefix heuristic, NOT source-explicit canonical site metadata."
CTX-0267,HT Wa 1287,HT,Nodule,,,LM IB,,,SIGLA,raw document metadata,https://sigla.phis.me/,CC BY-NC-SA 4.0,P-SIGLA-2026-09-27,source_explicit,"Decoded from current local SigLA snapshot; dimensions withheld pending float validation. Site group is legacy document-label prefix heuristic, NOT source-explicit canonical site metadata."
CTX-0268,HT Wa 1292,HT,Nodule,,,LM IB,,,SIGLA,raw document metadata,https://sigla.phis.me/,CC BY-NC-SA 4.0,P-SIGLA-2026-09-27,source_explicit,"Decoded from current local SigLA snapshot; dimensions withheld pending float validation. Site group is legacy document-label prefix heuristic, NOT source-explicit canonical site metadata."
CTX-0269,HT Wa 1293,HT,Nodule,,,LM IB,,,SIGLA,raw document metadata,https://sigla.phis.me/,CC BY-NC-SA 4.0,P-SIGLA-2026-09-27,source_explicit,"Decoded from current local SigLA snapshot; dimensions withheld pending float validation. Site group is legacy document-label prefix heuristic, NOT source-explicit canonical site metadata."
CTX-0270,HT Wa 1294,HT,Nodule,,,LM IB,,,SIGLA,raw document metadata,https://sigla.phis.me/,CC BY-NC-SA 4.0,P-SIGLA-2026-09-27,source_explicit,"Decoded from current local SigLA snapshot; dimensions withheld pending float validation. Site group is legacy document-label prefix heuristic, NOT source-explicit canonical site metadata."
CTX-0271,HT Wa 1295,HT,Nodule,,,LM IB,,,SIGLA,raw document metadata,https://sigla.phis.me/,CC BY-NC-SA 4.0,P-SIGLA-2026-09-27,source_explicit,"Decoded from current local SigLA snapshot; dimensions withheld pending float validation. Site group is legacy document-label prefix heuristic, NOT source-explicit canonical site metadata."
CTX-0272,HT Wa 1298,HT,Nodule,,,LM IB,,,SIGLA,raw document metadata,https://sigla.phis.me/,CC BY-NC-SA 4.0,P-SIGLA-2026-09-27,source_explicit,"Decoded from current local SigLA snapshot; dimensions withheld pending float validation. Site group is legacy document-label prefix heuristic, NOT source-explicit canonical site metadata."
CTX-0273,HT Wa 1303,HT,Nodule,,,LM IB,,,SIGLA,raw document metadata,https://sigla.phis.me/,CC BY-NC-SA 4.0,P-SIGLA-2026-09-27,source_explicit,"Decoded from current local SigLA snapshot; dimensions withheld pending float validation. Site group is legacy document-label prefix heuristic, NOT source-explicit canonical site metadata."
CTX-0274,HT Wa 1305,HT,Nodule,,,LM IB,,,SIGLA,raw document metadata,https://sigla.phis.me/,CC BY-NC-SA 4.0,P-SIGLA-2026-09-27,source_explicit,"Decoded from current local SigLA snapshot; dimensions withheld pending float validation. Site group is legacy document-label prefix heuristic, NOT source-explicit canonical site metadata."
CTX-0275,HT Wa 1307,HT,Nodule,,,LM IB,,,SIGLA,raw document metadata,https://sigla.phis.me/,CC BY-NC-SA 4.0,P-SIGLA-2026-09-27,source_explicit,"Decoded from current local SigLA snapshot; dimensions withheld pending float validation. Site group is legacy document-label prefix heuristic, NOT source-explicit canonical site metadata."
CTX-0276,HT Wa 1308,HT,Nodule,,,LM IB,,,SIGLA,raw document metadata,https://sigla.phis.me/,CC BY-NC-SA 4.0,P-SIGLA-2026-09-27,source_explicit,"Decoded from current local SigLA snapshot; dimensions withheld pending float validation. Site group is legacy document-label prefix heuristic, NOT source-explicit canonical site metadata."
CTX-0277,HT Wa 1317,HT,Nodule,,,LM IB,,,SIGLA,raw document metadata,https://sigla.phis.me/,CC BY-NC-SA 4.0,P-SIGLA-2026-09-27,source_explicit,"Decoded from current local SigLA snapshot; dimensions withheld pending float validation. Site group is legacy document-label prefix heuristic, NOT source-explicit canonical site metadata."
CTX-0278,HT Wa 1319,HT,Nodule,,,LM IB,,,SIGLA,raw document metadata,https://sigla.phis.me/,CC BY-NC-SA 4.0,P-SIGLA-2026-09-27,source_explicit,"Decoded from current local SigLA snapshot; dimensions withheld pending float validation. Site group is legacy document-label prefix heuristic, NOT source-explicit canonical site metadata."
CTX-0279,HT Wa 1323,HT,Nodule,,,LM IB,,,SIGLA,raw document metadata,https://sigla.phis.me/,CC BY-NC-SA 4.0,P-SIGLA-2026-09-27,source_explicit,"Decoded from current local SigLA snapshot; dimensions withheld pending float validation. Site group is legacy document-label prefix heuristic, NOT source-explicit canonical site metadata."
CTX-0280,HT Wa 1324,HT,Nodule,,,LM IB,,,SIGLA,raw document metadata,https://sigla.phis.me/,CC BY-NC-SA 4.0,P-SIGLA-2026-09-27,source_explicit,"Decoded from current local SigLA snapshot; dimensions withheld pending float validation. Site group is legacy document-label prefix heuristic, NOT source-explicit canonical site metadata."
CTX-0281,HT Wa 1451,HT,Nodule,,,LM IB,,,SIGLA,raw document metadata,https://sigla.phis.me/,CC BY-NC-SA 4.0,P-SIGLA-2026-09-27,source_explicit,"Decoded from current local SigLA snapshot; dimensions withheld pending float validation. Site group is legacy document-label prefix heuristic, NOT source-explicit canonical site metadata."
CTX-0282,HT Wa 1471,HT,Nodule,,,LM IB,,,SIGLA,raw document metadata,https://sigla.phis.me/,CC BY-NC-SA 4.0,P-SIGLA-2026-09-27,source_explicit,"Decoded from current local SigLA snapshot; dimensions withheld pending float validation. Site group is legacy document-label prefix heuristic, NOT source-explicit canonical site metadata."
CTX-0283,HT Wa 1472,HT,Nodule,,,LM IB,,,SIGLA,raw document metadata,https://sigla.phis.me/,CC BY-NC-SA 4.0,P-SIGLA-2026-09-27,source_explicit,"Decoded from current local SigLA snapshot; dimensions withheld pending float validation. Site group is legacy document-label prefix heuristic, NOT source-explicit canonical site metadata."
CTX-0284,HT Wa 1473,HT,Nodule,,,LM IB,,,SIGLA,raw document metadata,https://sigla.phis.me/,CC BY-NC-SA 4.0,P-SIGLA-2026-09-27,source_explicit,"Decoded from current local SigLA snapshot; dimensions withheld pending float validation. Site group is legacy document-label prefix heuristic, NOT source-explicit canonical site metadata."
CTX-0285,HT Wa 1474,HT,Nodule,,,LM IB,,,SIGLA,raw document metadata,https://sigla.phis.me/,CC BY-NC-SA 4.0,P-SIGLA-2026-09-27,source_explicit,"Decoded from current local SigLA snapshot; dimensions withheld pending float validation. Site group is legacy document-label prefix heuristic, NOT source-explicit canonical site metadata."
CTX-0286,HT Wa 1481,HT,Nodule,,,LM IB,,,SIGLA,raw document metadata,https://sigla.phis.me/,CC BY-NC-SA 4.0,P-SIGLA-2026-09-27,source_explicit,"Decoded from current local SigLA snapshot; dimensions withheld pending float validation. Site group is legacy document-label prefix heuristic, NOT source-explicit canonical site metadata."
CTX-0287,HT Wa 1490,HT,Nodule,,,LM IB,,,SIGLA,raw document metadata,https://sigla.phis.me/,CC BY-NC-SA 4.0,P-SIGLA-2026-09-27,source_explicit,"Decoded from current local SigLA snapshot; dimensions withheld pending float validation. Site group is legacy document-label prefix heuristic, NOT source-explicit canonical site metadata."
CTX-0288,HT Wa 1508,HT,Nodule,,,LM IB,,,SIGLA,raw document metadata,https://sigla.phis.me/,CC BY-NC-SA 4.0,P-SIGLA-2026-09-27,source_explicit,"Decoded from current local SigLA snapshot; dimensions withheld pending float validation. Site group is legacy document-label prefix heuristic, NOT source-explicit canonical site metadata."
CTX-0289,HT Wa 1512,HT,Nodule,,,LM IB,,,SIGLA,raw document metadata,https://sigla.phis.me/,CC BY-NC-SA 4.0,P-SIGLA-2026-09-27,source_explicit,"Decoded from current local SigLA snapshot; dimensions withheld pending float validation. Site group is legacy document-label prefix heuristic, NOT source-explicit canonical site metadata."
CTX-0290,HT Wa 1518,HT,Nodule,,,LM IB,,,SIGLA,raw document metadata,https://sigla.phis.me/,CC BY-NC-SA 4.0,P-SIGLA-2026-09-27,source_explicit,"Decoded from current local SigLA snapshot; dimensions withheld pending float validation. Site group is legacy document-label prefix heuristic, NOT source-explicit canonical site metadata."
CTX-0291,HT Wa 1530,HT,Nodule,,,LM IB,,,SIGLA,raw document metadata,https://sigla.phis.me/,CC BY-NC-SA 4.0,P-SIGLA-2026-09-27,source_explicit,"Decoded from current local SigLA snapshot; dimensions withheld pending float validation. Site group is legacy document-label prefix heuristic, NOT source-explicit canonical site metadata."
CTX-0292,HT Wa 1531,HT,Nodule,,,LM IB,,,SIGLA,raw document metadata,https://sigla.phis.me/,CC BY-NC-SA 4.0,P-SIGLA-2026-09-27,source_explicit,"Decoded from current local SigLA snapshot; dimensions withheld pending float validation. Site group is legacy document-label prefix heuristic, NOT source-explicit canonical site metadata."
CTX-0293,HT Wa 1533,HT,Nodule,,,LM IB,,,SIGLA,raw document metadata,https://sigla.phis.me/,CC BY-NC-SA 4.0,P-SIGLA-2026-09-27,source_explicit,"Decoded from current local SigLA snapshot; dimensions withheld pending float validation. Site group is legacy document-label prefix heuristic, NOT source-explicit canonical site metadata."
CTX-0294,HT Wa 1538,HT,Nodule,,,LM IB,,,SIGLA,raw document metadata,https://sigla.phis.me/,CC BY-NC-SA 4.0,P-SIGLA-2026-09-27,source_explicit,"Decoded from current local SigLA snapshot; dimensions withheld pending float validation. Site group is legacy document-label prefix heuristic, NOT source-explicit canonical site metadata."
CTX-0295,HT Wa 1544,HT,Nodule,,,LM IB,,,SIGLA,raw document metadata,https://sigla.phis.me/,CC BY-NC-SA 4.0,P-SIGLA-2026-09-27,source_explicit,"Decoded from current local SigLA snapshot; dimensions withheld pending float validation. Site group is legacy document-label prefix heuristic, NOT source-explicit canonical site metadata."
CTX-0296,HT Wa 1547,HT,Nodule,,,LM IB,,,SIGLA,raw document metadata,https://sigla.phis.me/,CC BY-NC-SA 4.0,P-SIGLA-2026-09-27,source_explicit,"Decoded from current local SigLA snapshot; dimensions withheld pending float validation. Site group is legacy document-label prefix heuristic, NOT source-explicit canonical site metadata."
CTX-0297,HT Wa 1550,HT,Nodule,,,LM IB,,,SIGLA,raw document metadata,https://sigla.phis.me/,CC BY-NC-SA 4.0,P-SIGLA-2026-09-27,source_explicit,"Decoded from current local SigLA snapshot; dimensions withheld pending float validation. Site group is legacy document-label prefix heuristic, NOT source-explicit canonical site metadata."
CTX-0298,HT Wa 1559,HT,Nodule,,,LM IB,,,SIGLA,raw document metadata,https://sigla.phis.me/,CC BY-NC-SA 4.0,P-SIGLA-2026-09-27,source_explicit,"Decoded from current local SigLA snapshot; dimensions withheld pending float validation. Site group is legacy document-label prefix heuristic, NOT source-explicit canonical site metadata."
CTX-0299,HT Wa 1561,HT,Nodule,,,LM IB,,,SIGLA,raw document metadata,https://sigla.phis.me/,CC BY-NC-SA 4.0,P-SIGLA-2026-09-27,source_explicit,"Decoded from current local SigLA snapshot; dimensions withheld pending float validation. Site group is legacy document-label prefix heuristic, NOT source-explicit canonical site metadata."
CTX-0300,HT Wa 1562,HT,Nodule,,,LM IB,,,SIGLA,raw document metadata,https://sigla.phis.me/,CC BY-NC-SA 4.0,P-SIGLA-2026-09-27,source_explicit,"Decoded from current local SigLA snapshot; dimensions withheld pending float validation. Site group is legacy document-label prefix heuristic, NOT source-explicit canonical site metadata."
CTX-0301,HT Wa 1579,HT,Nodule,,,LM IB,,,SIGLA,raw document metadata,https://sigla.phis.me/,CC BY-NC-SA 4.0,P-SIGLA-2026-09-27,source_explicit,"Decoded from current local SigLA snapshot; dimensions withheld pending float validation. Site group is legacy document-label prefix heuristic, NOT source-explicit canonical site metadata."
CTX-0302,HT Wa 1584,HT,Nodule,,,LM IB,,,SIGLA,raw document metadata,https://sigla.phis.me/,CC BY-NC-SA 4.0,P-SIGLA-2026-09-27,source_explicit,"Decoded from current local SigLA snapshot; dimensions withheld pending float validation. Site group is legacy document-label prefix heuristic, NOT source-explicit canonical site metadata."
CTX-0303,HT Wa 1587,HT,Nodule,,,LM IB,,,SIGLA,raw document metadata,https://sigla.phis.me/,CC BY-NC-SA 4.0,P-SIGLA-2026-09-27,source_explicit,"Decoded from current local SigLA snapshot; dimensions withheld pending float validation. Site group is legacy document-label prefix heuristic, NOT source-explicit canonical site metadata."
CTX-0304,HT Wa 1590,HT,Nodule,,,LM IB,,,SIGLA,raw document metadata,https://sigla.phis.me/,CC BY-NC-SA 4.0,P-SIGLA-2026-09-27,source_explicit,"Decoded from current local SigLA snapshot; dimensions withheld pending float validation. Site group is legacy document-label prefix heuristic, NOT source-explicit canonical site metadata."
CTX-0305,HT Wa 1592,HT,Nodule,,,LM IB,,,SIGLA,raw document metadata,https://sigla.phis.me/,CC BY-NC-SA 4.0,P-SIGLA-2026-09-27,source_explicit,"Decoded from current local SigLA snapshot; dimensions withheld pending float validation. Site group is legacy document-label prefix heuristic, NOT source-explicit canonical site metadata."
CTX-0306,HT Wa 1598,HT,Nodule,,,LM IB,,,SIGLA,raw document metadata,https://sigla.phis.me/,CC BY-NC-SA 4.0,P-SIGLA-2026-09-27,source_explicit,"Decoded from current local SigLA snapshot; dimensions withheld pending float validation. Site group is legacy document-label prefix heuristic, NOT source-explicit canonical site metadata."
CTX-0307,HT Wa 1600,HT,Nodule,,,LM IB,,,SIGLA,raw document metadata,https://sigla.phis.me/,CC BY-NC-SA 4.0,P-SIGLA-2026-09-27,source_explicit,"Decoded from current local SigLA snapshot; dimensions withheld pending float validation. Site group is legacy document-label prefix heuristic, NOT source-explicit canonical site metadata."
CTX-0308,HT Wa 1603,HT,Nodule,,,LM IB,,,SIGLA,raw document metadata,https://sigla.phis.me/,CC BY-NC-SA 4.0,P-SIGLA-2026-09-27,source_explicit,"Decoded from current local SigLA snapshot; dimensions withheld pending float validation. Site group is legacy document-label prefix heuristic, NOT source-explicit canonical site metadata."
CTX-0309,HT Wa 1608,HT,Nodule,,,LM IB,,,SIGLA,raw document metadata,https://sigla.phis.me/,CC BY-NC-SA 4.0,P-SIGLA-2026-09-27,source_explicit,"Decoded from current local SigLA snapshot; dimensions withheld pending float validation. Site group is legacy document-label prefix heuristic, NOT source-explicit canonical site metadata."
CTX-0310,HT Wa 1610,HT,Nodule,,,LM IB,,,SIGLA,raw document metadata,https://sigla.phis.me/,CC BY-NC-SA 4.0,P-SIGLA-2026-09-27,source_explicit,"Decoded from current local SigLA snapshot; dimensions withheld pending float validation. Site group is legacy document-label prefix heuristic, NOT source-explicit canonical site metadata."
CTX-0311,HT Wa 1612,HT,Nodule,,,LM IB,,,SIGLA,raw document metadata,https://sigla.phis.me/,CC BY-NC-SA 4.0,P-SIGLA-2026-09-27,source_explicit,"Decoded from current local SigLA snapshot; dimensions withheld pending float validation. Site group is legacy document-label prefix heuristic, NOT source-explicit canonical site metadata."
CTX-0312,HT Wa 1613,HT,Nodule,,,LM IB,,,SIGLA,raw document metadata,https://sigla.phis.me/,CC BY-NC-SA 4.0,P-SIGLA-2026-09-27,source_explicit,"Decoded from current local SigLA snapshot; dimensions withheld pending float validation. Site group is legacy document-label prefix heuristic, NOT source-explicit canonical site metadata."
CTX-0313,HT Wa 1614,HT,Nodule,,,LM IB,,,SIGLA,raw document metadata,https://sigla.phis.me/,CC BY-NC-SA 4.0,P-SIGLA-2026-09-27,source_explicit,"Decoded from current local SigLA snapshot; dimensions withheld pending float validation. Site group is legacy document-label prefix heuristic, NOT source-explicit canonical site metadata."
CTX-0314,HT Wa 1623,HT,Nodule,,,LM IB,,,SIGLA,raw document metadata,https://sigla.phis.me/,CC BY-NC-SA 4.0,P-SIGLA-2026-09-27,source_explicit,"Decoded from current local SigLA snapshot; dimensions withheld pending float validation. Site group is legacy document-label prefix heuristic, NOT source-explicit canonical site metadata."
CTX-0315,HT Wa 1624,HT,Nodule,,,LM IB,,,SIGLA,raw document metadata,https://sigla.phis.me/,CC BY-NC-SA 4.0,P-SIGLA-2026-09-27,source_explicit,"Decoded from current local SigLA snapshot; dimensions withheld pending float validation. Site group is legacy document-label prefix heuristic, NOT source-explicit canonical site metadata."
CTX-0316,HT Wa 1625,HT,Nodule,,,LM IB,,,SIGLA,raw document metadata,https://sigla.phis.me/,CC BY-NC-SA 4.0,P-SIGLA-2026-09-27,source_explicit,"Decoded from current local SigLA snapshot; dimensions withheld pending float validation. Site group is legacy document-label prefix heuristic, NOT source-explicit canonical site metadata."
CTX-0317,HT Wa 1631,HT,Nodule,,,LM IB,,,SIGLA,raw document metadata,https://sigla.phis.me/,CC BY-NC-SA 4.0,P-SIGLA-2026-09-27,source_explicit,"Decoded from current local SigLA snapshot; dimensions withheld pending float validation. Site group is legacy document-label prefix heuristic, NOT source-explicit canonical site metadata."
CTX-0318,HT Wa 1639,HT,Nodule,,,LM IB,,,SIGLA,raw document metadata,https://sigla.phis.me/,CC BY-NC-SA 4.0,P-SIGLA-2026-09-27,source_explicit,"Decoded from current local SigLA snapshot; dimensions withheld pending float validation. Site group is legacy document-label prefix heuristic, NOT source-explicit canonical site metadata."
CTX-0319,HT Wa 1654,HT,Nodule,,,LM IB,,,SIGLA,raw document metadata,https://sigla.phis.me/,CC BY-NC-SA 4.0,P-SIGLA-2026-09-27,source_explicit,"Decoded from current local SigLA snapshot; dimensions withheld pending float validation. Site group is legacy document-label prefix heuristic, NOT source-explicit canonical site metadata."
CTX-0320,HT Wa 1658,HT,Nodule,,,LM IB,,,SIGLA,raw document metadata,https://sigla.phis.me/,CC BY-NC-SA 4.0,P-SIGLA-2026-09-27,source_explicit,"Decoded from current local SigLA snapshot; dimensions withheld pending float validation. Site group is legacy document-label prefix heuristic, NOT source-explicit canonical site metadata."
CTX-0321,HT Wa 1659,HT,Nodule,,,LM IB,,,SIGLA,raw document metadata,https://sigla.phis.me/,CC BY-NC-SA 4.0,P-SIGLA-2026-09-27,source_explicit,"Decoded from current local SigLA snapshot; dimensions withheld pending float validation. Site group is legacy document-label prefix heuristic, NOT source-explicit canonical site metadata."
CTX-0322,HT Wa 1669,HT,Nodule,,,LM IB,,,SIGLA,raw document metadata,https://sigla.phis.me/,CC BY-NC-SA 4.0,P-SIGLA-2026-09-27,source_explicit,"Decoded from current local SigLA snapshot; dimensions withheld pending float validation. Site group is legacy document-label prefix heuristic, NOT source-explicit canonical site metadata."
CTX-0323,HT Wa 1710,HT,Nodule,,,LM IB,,,SIGLA,raw document metadata,https://sigla.phis.me/,CC BY-NC-SA 4.0,P-SIGLA-2026-09-27,source_explicit,"Decoded from current local SigLA snapshot; dimensions withheld pending float validation. Site group is legacy document-label prefix heuristic, NOT source-explicit canonical site metadata."
CTX-0324,HT Wa 1720,HT,Nodule,,,LM IB,,,SIGLA,raw document metadata,https://sigla.phis.me/,CC BY-NC-SA 4.0,P-SIGLA-2026-09-27,source_explicit,"Decoded from current local SigLA snapshot; dimensions withheld pending float validation. Site group is legacy document-label prefix heuristic, NOT source-explicit canonical site metadata."
CTX-0325,HT Wa 1723,HT,Nodule,,,LM IB,,,SIGLA,raw document metadata,https://sigla.phis.me/,CC BY-NC-SA 4.0,P-SIGLA-2026-09-27,source_explicit,"Decoded from current local SigLA snapshot; dimensions withheld pending float validation. Site group is legacy document-label prefix heuristic, NOT source-explicit canonical site metadata."
CTX-0326,HT Wa 1725,HT,Nodule,,,LM IB,,,SIGLA,raw document metadata,https://sigla.phis.me/,CC BY-NC-SA 4.0,P-SIGLA-2026-09-27,source_explicit,"Decoded from current local SigLA snapshot; dimensions withheld pending float validation. Site group is legacy document-label prefix heuristic, NOT source-explicit canonical site metadata."
CTX-0327,HT Wa 1734,HT,Nodule,,,LM IB,,,SIGLA,raw document metadata,https://sigla.phis.me/,CC BY-NC-SA 4.0,P-SIGLA-2026-09-27,source_explicit,"Decoded from current local SigLA snapshot; dimensions withheld pending float validation. Site group is legacy document-label prefix heuristic, NOT source-explicit canonical site metadata."
CTX-0328,HT Wa 1747,HT,Nodule,,,LM IB,,,SIGLA,raw document metadata,https://sigla.phis.me/,CC BY-NC-SA 4.0,P-SIGLA-2026-09-27,source_explicit,"Decoded from current local SigLA snapshot; dimensions withheld pending float validation. Site group is legacy document-label prefix heuristic, NOT source-explicit canonical site metadata."
CTX-0329,HT Wa 1751,HT,Nodule,,,LM IB,,,SIGLA,raw document metadata,https://sigla.phis.me/,CC BY-NC-SA 4.0,P-SIGLA-2026-09-27,source_explicit,"Decoded from current local SigLA snapshot; dimensions withheld pending float validation. Site group is legacy document-label prefix heuristic, NOT source-explicit canonical site metadata."
CTX-0330,HT Wa 1753,HT,Nodule,,,LM IB,,,SIGLA,raw document metadata,https://sigla.phis.me/,CC BY-NC-SA 4.0,P-SIGLA-2026-09-27,source_explicit,"Decoded from current local SigLA snapshot; dimensions withheld pending float validation. Site group is legacy document-label prefix heuristic, NOT source-explicit canonical site metadata."
CTX-0331,HT Wa 1754,HT,Nodule,,,LM IB,,,SIGLA,raw document metadata,https://sigla.phis.me/,CC BY-NC-SA 4.0,P-SIGLA-2026-09-27,source_explicit,"Decoded from current local SigLA snapshot; dimensions withheld pending float validation. Site group is legacy document-label prefix heuristic, NOT source-explicit canonical site metadata."
CTX-0332,HT Wa 1758,HT,Nodule,,,LM IB,,,SIGLA,raw document metadata,https://sigla.phis.me/,CC BY-NC-SA 4.0,P-SIGLA-2026-09-27,source_explicit,"Decoded from current local SigLA snapshot; dimensions withheld pending float validation. Site group is legacy document-label prefix heuristic, NOT source-explicit canonical site metadata."
CTX-0333,HT Wa 1764,HT,Nodule,,,LM IB,,,SIGLA,raw document metadata,https://sigla.phis.me/,CC BY-NC-SA 4.0,P-SIGLA-2026-09-27,source_explicit,"Decoded from current local SigLA snapshot; dimensions withheld pending float validation. Site group is legacy document-label prefix heuristic, NOT source-explicit canonical site metadata."
CTX-0334,HT Wa 1766,HT,Nodule,,,LM IB,,,SIGLA,raw document metadata,https://sigla.phis.me/,CC BY-NC-SA 4.0,P-SIGLA-2026-09-27,source_explicit,"Decoded from current local SigLA snapshot; dimensions withheld pending float validation. Site group is legacy document-label prefix heuristic, NOT source-explicit canonical site metadata."
CTX-0335,HT Wa 1793,HT,Nodule,,,LM IB,,,SIGLA,raw document metadata,https://sigla.phis.me/,CC BY-NC-SA 4.0,P-SIGLA-2026-09-27,source_explicit,"Decoded from current local SigLA snapshot; dimensions withheld pending float validation. Site group is legacy document-label prefix heuristic, NOT source-explicit canonical site metadata."
CTX-0336,HT Wa 1805,HT,Nodule,,,LM IB,,,SIGLA,raw document metadata,https://sigla.phis.me/,CC BY-NC-SA 4.0,P-SIGLA-2026-09-27,source_explicit,"Decoded from current local SigLA snapshot; dimensions withheld pending float validation. Site group is legacy document-label prefix heuristic, NOT source-explicit canonical site metadata."
CTX-0337,HT Wa 1809,HT,Nodule,,,LM IB,,,SIGLA,raw document metadata,https://sigla.phis.me/,CC BY-NC-SA 4.0,P-SIGLA-2026-09-27,source_explicit,"Decoded from current local SigLA snapshot; dimensions withheld pending float validation. Site group is legacy document-label prefix heuristic, NOT source-explicit canonical site metadata."
CTX-0338,HT Wa 1813,HT,Nodule,,,LM IB,,,SIGLA,raw document metadata,https://sigla.phis.me/,CC BY-NC-SA 4.0,P-SIGLA-2026-09-27,source_explicit,"Decoded from current local SigLA snapshot; dimensions withheld pending float validation. Site group is legacy document-label prefix heuristic, NOT source-explicit canonical site metadata."
CTX-0339,HT Wa 1816,HT,Nodule,,,LM IB,,,SIGLA,raw document metadata,https://sigla.phis.me/,CC BY-NC-SA 4.0,P-SIGLA-2026-09-27,source_explicit,"Decoded from current local SigLA snapshot; dimensions withheld pending float validation. Site group is legacy document-label prefix heuristic, NOT source-explicit canonical site metadata."
CTX-0340,HT Wa 1849,HT,Nodule,,,LM IB,,,SIGLA,raw document metadata,https://sigla.phis.me/,CC BY-NC-SA 4.0,P-SIGLA-2026-09-27,source_explicit,"Decoded from current local SigLA snapshot; dimensions withheld pending float validation. Site group is legacy document-label prefix heuristic, NOT source-explicit canonical site metadata."
CTX-0341,HT Wa 1850,HT,Nodule,,,LM IB,,,SIGLA,raw document metadata,https://sigla.phis.me/,CC BY-NC-SA 4.0,P-SIGLA-2026-09-27,source_explicit,"Decoded from current local SigLA snapshot; dimensions withheld pending float validation. Site group is legacy document-label prefix heuristic, NOT source-explicit canonical site metadata."
CTX-0342,HT Wa 1851,HT,Nodule,,,LM IB,,,SIGLA,raw document metadata,https://sigla.phis.me/,CC BY-NC-SA 4.0,P-SIGLA-2026-09-27,source_explicit,"Decoded from current local SigLA snapshot; dimensions withheld pending float validation. Site group is legacy document-label prefix heuristic, NOT source-explicit canonical site metadata."
CTX-0343,HT Wa 1852,HT,Nodule,,,LM IB,,,SIGLA,raw document metadata,https://sigla.phis.me/,CC BY-NC-SA 4.0,P-SIGLA-2026-09-27,source_explicit,"Decoded from current local SigLA snapshot; dimensions withheld pending float validation. Site group is legacy document-label prefix heuristic, NOT source-explicit canonical site metadata."
CTX-0344,HT Wa 1853,HT,Nodule,,,LM IB,,,SIGLA,raw document metadata,https://sigla.phis.me/,CC BY-NC-SA 4.0,P-SIGLA-2026-09-27,source_explicit,"Decoded from current local SigLA snapshot; dimensions withheld pending float validation. Site group is legacy document-label prefix heuristic, NOT source-explicit canonical site metadata."
CTX-0345,HT Wa 1854,HT,Nodule,,,LM IB,,,SIGLA,raw document metadata,https://sigla.phis.me/,CC BY-NC-SA 4.0,P-SIGLA-2026-09-27,source_explicit,"Decoded from current local SigLA snapshot; dimensions withheld pending float validation. Site group is legacy document-label prefix heuristic, NOT source-explicit canonical site metadata."
CTX-0346,HT Wa <1021bis>,HT,Nodule,,,LM IB,,,SIGLA,raw document metadata,https://sigla.phis.me/,CC BY-NC-SA 4.0,P-SIGLA-2026-09-27,source_explicit,"Decoded from current local SigLA snapshot; dimensions withheld pending float validation. Site group is legacy document-label prefix heuristic, NOT source-explicit canonical site metadata."
CTX-0347,HT Wc 3001,HT,Roundel,,,LM IB,,,SIGLA,raw document metadata,https://sigla.phis.me/,CC BY-NC-SA 4.0,P-SIGLA-2026-09-27,source_explicit,"Decoded from current local SigLA snapshot; dimensions withheld pending float validation. Site group is legacy document-label prefix heuristic, NOT source-explicit canonical site metadata."
CTX-0348,HT Wc 3001-latus,HT,Roundel,,,LM IB,,,SIGLA,raw document metadata,https://sigla.phis.me/,CC BY-NC-SA 4.0,P-SIGLA-2026-09-27,source_explicit,"Decoded from current local SigLA snapshot; dimensions withheld pending float validation. Site group is legacy document-label prefix heuristic, NOT source-explicit canonical site metadata."
CTX-0349,HT Wc 3002,HT,Roundel,,,LM IB,,,SIGLA,raw document metadata,https://sigla.phis.me/,CC BY-NC-SA 4.0,P-SIGLA-2026-09-27,source_explicit,"Decoded from current local SigLA snapshot; dimensions withheld pending float validation. Site group is legacy document-label prefix heuristic, NOT source-explicit canonical site metadata."
CTX-0350,HT Wc 3003,HT,Roundel,,,LM IB,,,SIGLA,raw document metadata,https://sigla.phis.me/,CC BY-NC-SA 4.0,P-SIGLA-2026-09-27,source_explicit,"Decoded from current local SigLA snapshot; dimensions withheld pending float validation. Site group is legacy document-label prefix heuristic, NOT source-explicit canonical site metadata."
CTX-0351,HT Wc 3004a,HT,Roundel,,,LM IB,,,SIGLA,raw document metadata,https://sigla.phis.me/,CC BY-NC-SA 4.0,P-SIGLA-2026-09-27,source_explicit,"Decoded from current local SigLA snapshot; dimensions withheld pending float validation. Site group is legacy document-label prefix heuristic, NOT source-explicit canonical site metadata."
CTX-0352,HT Wc 3004b,HT,Roundel,,,LM IB,,,SIGLA,raw document metadata,https://sigla.phis.me/,CC BY-NC-SA 4.0,P-SIGLA-2026-09-27,source_explicit,"Decoded from current local SigLA snapshot; dimensions withheld pending float validation. Site group is legacy document-label prefix heuristic, NOT source-explicit canonical site metadata."
CTX-0353,HT Wc 3005a,HT,Roundel,,,LM IB,,,SIGLA,raw document metadata,https://sigla.phis.me/,CC BY-NC-SA 4.0,P-SIGLA-2026-09-27,source_explicit,"Decoded from current local SigLA snapshot; dimensions withheld pending float validation. Site group is legacy document-label prefix heuristic, NOT source-explicit canonical site metadata."
CTX-0354,HT Wc 3005b,HT,Roundel,,,LM IB,,,SIGLA,raw document metadata,https://sigla.phis.me/,CC BY-NC-SA 4.0,P-SIGLA-2026-09-27,source_explicit,"Decoded from current local SigLA snapshot; dimensions withheld pending float validation. Site group is legacy document-label prefix heuristic, NOT source-explicit canonical site metadata."
CTX-0355,HT Wc 3006a,HT,Roundel,,,LM IB,,,SIGLA,raw document metadata,https://sigla.phis.me/,CC BY-NC-SA 4.0,P-SIGLA-2026-09-27,source_explicit,"Decoded from current local SigLA snapshot; dimensions withheld pending float validation. Site group is legacy document-label prefix heuristic, NOT source-explicit canonical site metadata."
CTX-0356,HT Wc 3006b,HT,Roundel,,,LM IB,,,SIGLA,raw document metadata,https://sigla.phis.me/,CC BY-NC-SA 4.0,P-SIGLA-2026-09-27,source_explicit,"Decoded from current local SigLA snapshot; dimensions withheld pending float validation. Site group is legacy document-label prefix heuristic, NOT source-explicit canonical site metadata."
CTX-0357,HT Wc 3007,HT,Roundel,,,LM IB,,,SIGLA,raw document metadata,https://sigla.phis.me/,CC BY-NC-SA 4.0,P-SIGLA-2026-09-27,source_explicit,"Decoded from current local SigLA snapshot; dimensions withheld pending float validation. Site group is legacy document-label prefix heuristic, NOT source-explicit canonical site metadata."
CTX-0358,HT Wc 3008a,HT,Roundel,,,LM IB,,,SIGLA,raw document metadata,https://sigla.phis.me/,CC BY-NC-SA 4.0,P-SIGLA-2026-09-27,source_explicit,"Decoded from current local SigLA snapshot; dimensions withheld pending float validation. Site group is legacy document-label prefix heuristic, NOT source-explicit canonical site metadata."
CTX-0359,HT Wc 3008b,HT,Roundel,,,LM IB,,,SIGLA,raw document metadata,https://sigla.phis.me/,CC BY-NC-SA 4.0,P-SIGLA-2026-09-27,source_explicit,"Decoded from current local SigLA snapshot; dimensions withheld pending float validation. Site group is legacy document-label prefix heuristic, NOT source-explicit canonical site metadata."
CTX-0360,HT Wc 3009a,HT,Roundel,,,LM IB,,,SIGLA,raw document metadata,https://sigla.phis.me/,CC BY-NC-SA 4.0,P-SIGLA-2026-09-27,source_explicit,"Decoded from current local SigLA snapshot; dimensions withheld pending float validation. Site group is legacy document-label prefix heuristic, NOT source-explicit canonical site metadata."
CTX-0361,HT Wc 3009b,HT,Roundel,,,LM IB,,,SIGLA,raw document metadata,https://sigla.phis.me/,CC BY-NC-SA 4.0,P-SIGLA-2026-09-27,source_explicit,"Decoded from current local SigLA snapshot; dimensions withheld pending float validation. Site group is legacy document-label prefix heuristic, NOT source-explicit canonical site metadata."
CTX-0362,HT Wc 3010,HT,Roundel,,,LM IB,,,SIGLA,raw document metadata,https://sigla.phis.me/,CC BY-NC-SA 4.0,P-SIGLA-2026-09-27,source_explicit,"Decoded from current local SigLA snapshot; dimensions withheld pending float validation. Site group is legacy document-label prefix heuristic, NOT source-explicit canonical site metadata."
CTX-0363,HT Wc 3011,HT,Roundel,,,LM IB,,,SIGLA,raw document metadata,https://sigla.phis.me/,CC BY-NC-SA 4.0,P-SIGLA-2026-09-27,source_explicit,"Decoded from current local SigLA snapshot; dimensions withheld pending float validation. Site group is legacy document-label prefix heuristic, NOT source-explicit canonical site metadata."
CTX-0364,HT Wc 3012a,HT,Roundel,,,LM IB,,,SIGLA,raw document metadata,https://sigla.phis.me/,CC BY-NC-SA 4.0,P-SIGLA-2026-09-27,source_explicit,"Decoded from current local SigLA snapshot; dimensions withheld pending float validation. Site group is legacy document-label prefix heuristic, NOT source-explicit canonical site metadata."
CTX-0365,HT Wc 3012b,HT,Roundel,,,LM IB,,,SIGLA,raw document metadata,https://sigla.phis.me/,CC BY-NC-SA 4.0,P-SIGLA-2026-09-27,source_explicit,"Decoded from current local SigLA snapshot; dimensions withheld pending float validation. Site group is legacy document-label prefix heuristic, NOT source-explicit canonical site metadata."
CTX-0366,HT Wc 3013,HT,Roundel,,,LM IB,,,SIGLA,raw document metadata,https://sigla.phis.me/,CC BY-NC-SA 4.0,P-SIGLA-2026-09-27,source_explicit,"Decoded from current local SigLA snapshot; dimensions withheld pending float validation. Site group is legacy document-label prefix heuristic, NOT source-explicit canonical site metadata."
CTX-0367,HT Wc 3014a,HT,Tablet,,,LM IB,,,SIGLA,raw document metadata,https://sigla.phis.me/,CC BY-NC-SA 4.0,P-SIGLA-2026-09-27,source_explicit,"Decoded from current local SigLA snapshot; dimensions withheld pending float validation. Site group is legacy document-label prefix heuristic, NOT source-explicit canonical site metadata."
CTX-0368,HT Wc 3014b,HT,Tablet,,,LM IB,,,SIGLA,raw document metadata,https://sigla.phis.me/,CC BY-NC-SA 4.0,P-SIGLA-2026-09-27,source_explicit,"Decoded from current local SigLA snapshot; dimensions withheld pending float validation. Site group is legacy document-label prefix heuristic, NOT source-explicit canonical site metadata."
CTX-0369,HT Wc 3015a,HT,Tablet,,,LM IB,,,SIGLA,raw document metadata,https://sigla.phis.me/,CC BY-NC-SA 4.0,P-SIGLA-2026-09-27,source_explicit,"Decoded from current local SigLA snapshot; dimensions withheld pending float validation. Site group is legacy document-label prefix heuristic, NOT source-explicit canonical site metadata."
CTX-0370,HT Wc 3015b,HT,Tablet,,,LM IB,,,SIGLA,raw document metadata,https://sigla.phis.me/,CC BY-NC-SA 4.0,P-SIGLA-2026-09-27,source_explicit,"Decoded from current local SigLA snapshot; dimensions withheld pending float validation. Site group is legacy document-label prefix heuristic, NOT source-explicit canonical site metadata."
CTX-0371,HT Wc 3016a,HT,Tablet,,,LM IB,,,SIGLA,raw document metadata,https://sigla.phis.me/,CC BY-NC-SA 4.0,P-SIGLA-2026-09-27,source_explicit,"Decoded from current local SigLA snapshot; dimensions withheld pending float validation. Site group is legacy document-label prefix heuristic, NOT source-explicit canonical site metadata."
CTX-0372,HT Wc 3016b,HT,Tablet,,,LM IB,,,SIGLA,raw document metadata,https://sigla.phis.me/,CC BY-NC-SA 4.0,P-SIGLA-2026-09-27,source_explicit,"Decoded from current local SigLA snapshot; dimensions withheld pending float validation. Site group is legacy document-label prefix heuristic, NOT source-explicit canonical site metadata."
CTX-0373,HT Wc 3017a,HT,Roundel,,,LM IB,,,SIGLA,raw document metadata,https://sigla.phis.me/,CC BY-NC-SA 4.0,P-SIGLA-2026-09-27,source_explicit,"Decoded from current local SigLA snapshot; dimensions withheld pending float validation. Site group is legacy document-label prefix heuristic, NOT source-explicit canonical site metadata."
CTX-0374,HT Wc 3017b,HT,Roundel,,,LM IB,,,SIGLA,raw document metadata,https://sigla.phis.me/,CC BY-NC-SA 4.0,P-SIGLA-2026-09-27,source_explicit,"Decoded from current local SigLA snapshot; dimensions withheld pending float validation. Site group is legacy document-label prefix heuristic, NOT source-explicit canonical site metadata."
CTX-0375,HT Wc 3019,HT,Roundel,,,LM IB,,,SIGLA,raw document metadata,https://sigla.phis.me/,CC BY-NC-SA 4.0,P-SIGLA-2026-09-27,source_explicit,"Decoded from current local SigLA snapshot; dimensions withheld pending float validation. Site group is legacy document-label prefix heuristic, NOT source-explicit canonical site metadata."
CTX-0376,HT Wc 3019-latus,HT,Roundel,,,LM IB,,,SIGLA,raw document metadata,https://sigla.phis.me/,CC BY-NC-SA 4.0,P-SIGLA-2026-09-27,source_explicit,"Decoded from current local SigLA snapshot; dimensions withheld pending float validation. Site group is legacy document-label prefix heuristic, NOT source-explicit canonical site metadata."
CTX-0377,HT Wc 3020a,HT,Roundel,,,LM IB,,,SIGLA,raw document metadata,https://sigla.phis.me/,CC BY-NC-SA 4.0,P-SIGLA-2026-09-27,source_explicit,"Decoded from current local SigLA snapshot; dimensions withheld pending float validation. Site group is legacy document-label prefix heuristic, NOT source-explicit canonical site metadata."
CTX-0378,HT Wc 3020b,HT,Roundel,,,LM IB,,,SIGLA,raw document metadata,https://sigla.phis.me/,CC BY-NC-SA 4.0,P-SIGLA-2026-09-27,source_explicit,"Decoded from current local SigLA snapshot; dimensions withheld pending float validation. Site group is legacy document-label prefix heuristic, NOT source-explicit canonical site metadata."
CTX-0379,HT Wc 3022,HT,Roundel,,,LM IB,,,SIGLA,raw document metadata,https://sigla.phis.me/,CC BY-NC-SA 4.0,P-SIGLA-2026-09-27,source_explicit,"Decoded from current local SigLA snapshot; dimensions withheld pending float validation. Site group is legacy document-label prefix heuristic, NOT source-explicit canonical site metadata."
CTX-0380,HT Zb 158a,HT,Pithos,,,LM IB,,,SIGLA,raw document metadata,https://sigla.phis.me/,CC BY-NC-SA 4.0,P-SIGLA-2026-09-27,source_explicit,"Decoded from current local SigLA snapshot; dimensions withheld pending float validation. Site group is legacy document-label prefix heuristic, NOT source-explicit canonical site metadata."
CTX-0381,HT Zb 158b,HT,Pithos,,,LM IB,,,SIGLA,raw document metadata,https://sigla.phis.me/,CC BY-NC-SA 4.0,P-SIGLA-2026-09-27,source_explicit,"Decoded from current local SigLA snapshot; dimensions withheld pending float validation. Site group is legacy document-label prefix heuristic, NOT source-explicit canonical site metadata."
CTX-0382,HT Zb 159,HT,Pithos,,,LM IB,,,SIGLA,raw document metadata,https://sigla.phis.me/,CC BY-NC-SA 4.0,P-SIGLA-2026-09-27,source_explicit,"Decoded from current local SigLA snapshot; dimensions withheld pending float validation. Site group is legacy document-label prefix heuristic, NOT source-explicit canonical site metadata."
CTX-0383,HT Zb 160,HT,Pithos,,,LM IB,,,SIGLA,raw document metadata,https://sigla.phis.me/,CC BY-NC-SA 4.0,P-SIGLA-2026-09-27,source_explicit,"Decoded from current local SigLA snapshot; dimensions withheld pending float validation. Site group is legacy document-label prefix heuristic, NOT source-explicit canonical site metadata."
CTX-0384,HT Zb 161,HT,Sherd,,,LM IB,,,SIGLA,raw document metadata,https://sigla.phis.me/,CC BY-NC-SA 4.0,P-SIGLA-2026-09-27,source_explicit,"Decoded from current local SigLA snapshot; dimensions withheld pending float validation. Site group is legacy document-label prefix heuristic, NOT source-explicit canonical site metadata."
CTX-0385,HT Zd 155,HT,Graffiti,,,LM IB,,,SIGLA,raw document metadata,https://sigla.phis.me/,CC BY-NC-SA 4.0,P-SIGLA-2026-09-27,source_explicit,"Decoded from current local SigLA snapshot; dimensions withheld pending float validation. Site group is legacy document-label prefix heuristic, NOT source-explicit canonical site metadata."
CTX-0386,HT Zd 156,HT,Graffiti,,,LM IB,,,SIGLA,raw document metadata,https://sigla.phis.me/,CC BY-NC-SA 4.0,P-SIGLA-2026-09-27,source_explicit,"Decoded from current local SigLA snapshot; dimensions withheld pending float validation. Site group is legacy document-label prefix heuristic, NOT source-explicit canonical site metadata."
CTX-0387,HT Zd 157,HT,Graffiti,,,LM IB,,,SIGLA,raw document metadata,https://sigla.phis.me/,CC BY-NC-SA 4.0,P-SIGLA-2026-09-27,source_explicit,"Decoded from current local SigLA snapshot; dimensions withheld pending float validation. Site group is legacy document-label prefix heuristic, NOT source-explicit canonical site metadata."
CTX-0388,KE 1,KE,Tablet,,,,,,SIGLA,raw document metadata,https://sigla.phis.me/,CC BY-NC-SA 4.0,P-SIGLA-2026-09-27,source_explicit,"Decoded from current local SigLA snapshot; dimensions withheld pending float validation. Site group is legacy document-label prefix heuristic, NOT source-explicit canonical site metadata."
CTX-0389,KE 6a,KE,Tablet,,,LM IB-II,,,SIGLA,raw document metadata,https://sigla.phis.me/,CC BY-NC-SA 4.0,P-SIGLA-2026-09-27,source_explicit,"Decoded from current local SigLA snapshot; dimensions withheld pending float validation. Site group is legacy document-label prefix heuristic, NOT source-explicit canonical site metadata."
CTX-0390,KE 6b,KE,Tablet,,,LM IB-II,,,SIGLA,raw document metadata,https://sigla.phis.me/,CC BY-NC-SA 4.0,P-SIGLA-2026-09-27,source_explicit,"Decoded from current local SigLA snapshot; dimensions withheld pending float validation. Site group is legacy document-label prefix heuristic, NOT source-explicit canonical site metadata."
CTX-0391,KE Zb 4,KE,Lamp,,,,,,SIGLA,raw document metadata,https://sigla.phis.me/,CC BY-NC-SA 4.0,P-SIGLA-2026-09-27,source_explicit,"Decoded from current local SigLA snapshot; dimensions withheld pending float validation. Site group is legacy document-label prefix heuristic, NOT source-explicit canonical site metadata."
CTX-0392,KE Zb 5,KE,Sherd,,,,,,SIGLA,raw document metadata,https://sigla.phis.me/,CC BY-NC-SA 4.0,P-SIGLA-2026-09-27,source_explicit,"Decoded from current local SigLA snapshot; dimensions withheld pending float validation. Site group is legacy document-label prefix heuristic, NOT source-explicit canonical site metadata."
CTX-0393,KH 1,KH,Tablet,,,LM IB,,,SIGLA,raw document metadata,https://sigla.phis.me/,CC BY-NC-SA 4.0,P-SIGLA-2026-09-27,source_explicit,"Decoded from current local SigLA snapshot; dimensions withheld pending float validation. Site group is legacy document-label prefix heuristic, NOT source-explicit canonical site metadata."
CTX-0394,KH 10,KH,Tablet,,,LM IB,,,SIGLA,raw document metadata,https://sigla.phis.me/,CC BY-NC-SA 4.0,P-SIGLA-2026-09-27,source_explicit,"Decoded from current local SigLA snapshot; dimensions withheld pending float validation. Site group is legacy document-label prefix heuristic, NOT source-explicit canonical site metadata."
CTX-0395,KH 100,KH,Tablet,,,LM IB,,,SIGLA,raw document metadata,https://sigla.phis.me/,CC BY-NC-SA 4.0,P-SIGLA-2026-09-27,source_explicit,"Decoded from current local SigLA snapshot; dimensions withheld pending float validation. Site group is legacy document-label prefix heuristic, NOT source-explicit canonical site metadata."
CTX-0396,KH 101,KH,Tablet,,,LM IB,,,SIGLA,raw document metadata,https://sigla.phis.me/,CC BY-NC-SA 4.0,P-SIGLA-2026-09-27,source_explicit,"Decoded from current local SigLA snapshot; dimensions withheld pending float validation. Site group is legacy document-label prefix heuristic, NOT source-explicit canonical site metadata."
CTX-0397,KH 102,KH,Tablet,,,LM I,,,SIGLA,raw document metadata,https://sigla.phis.me/,CC BY-NC-SA 4.0,P-SIGLA-2026-09-27,source_explicit,"Decoded from current local SigLA snapshot; dimensions withheld pending float validation. Site group is legacy document-label prefix heuristic, NOT source-explicit canonical site metadata."
CTX-0398,KH 103,KH,Tablet,,,LM I,,,SIGLA,raw document metadata,https://sigla.phis.me/,CC BY-NC-SA 4.0,P-SIGLA-2026-09-27,source_explicit,"Decoded from current local SigLA snapshot; dimensions withheld pending float validation. Site group is legacy document-label prefix heuristic, NOT source-explicit canonical site metadata."
CTX-0399,KH 104,KH,Tablet,,,LM I,,,SIGLA,raw document metadata,https://sigla.phis.me/,CC BY-NC-SA 4.0,P-SIGLA-2026-09-27,source_explicit,"Decoded from current local SigLA snapshot; dimensions withheld pending float validation. Site group is legacy document-label prefix heuristic, NOT source-explicit canonical site metadata."
CTX-0400,KH 105,KH,Tablet,,,LM I,,,SIGLA,raw document metadata,https://sigla.phis.me/,CC BY-NC-SA 4.0,P-SIGLA-2026-09-27,source_explicit,"Decoded from current local SigLA snapshot; dimensions withheld pending float validation. Site group is legacy document-label prefix heuristic, NOT source-explicit canonical site metadata."
CTX-0401,KH 11,KH,Tablet,,,LM IB,,,SIGLA,raw document metadata,https://sigla.phis.me/,CC BY-NC-SA 4.0,P-SIGLA-2026-09-27,source_explicit,"Decoded from current local SigLA snapshot; dimensions withheld pending float validation. Site group is legacy document-label prefix heuristic, NOT source-explicit canonical site metadata."
CTX-0402,KH 12,KH,Tablet,,,LM IB,,,SIGLA,raw document metadata,https://sigla.phis.me/,CC BY-NC-SA 4.0,P-SIGLA-2026-09-27,source_explicit,"Decoded from current local SigLA snapshot; dimensions withheld pending float validation. Site group is legacy document-label prefix heuristic, NOT source-explicit canonical site metadata."
CTX-0403,KH 13,KH,Tablet,,,LM IB,,,SIGLA,raw document metadata,https://sigla.phis.me/,CC BY-NC-SA 4.0,P-SIGLA-2026-09-27,source_explicit,"Decoded from current local SigLA snapshot; dimensions withheld pending float validation. Site group is legacy document-label prefix heuristic, NOT source-explicit canonical site metadata."
CTX-0404,KH 14,KH,Tablet,,,LM IB,,,SIGLA,raw document metadata,https://sigla.phis.me/,CC BY-NC-SA 4.0,P-SIGLA-2026-09-27,source_explicit,"Decoded from current local SigLA snapshot; dimensions withheld pending float validation. Site group is legacy document-label prefix heuristic, NOT source-explicit canonical site metadata."
CTX-0405,KH 15,KH,Tablet,,,LM IB,,,SIGLA,raw document metadata,https://sigla.phis.me/,CC BY-NC-SA 4.0,P-SIGLA-2026-09-27,source_explicit,"Decoded from current local SigLA snapshot; dimensions withheld pending float validation. Site group is legacy document-label prefix heuristic, NOT source-explicit canonical site metadata."
CTX-0406,KH 16,KH,Tablet,,,LM IB,,,SIGLA,raw document metadata,https://sigla.phis.me/,CC BY-NC-SA 4.0,P-SIGLA-2026-09-27,source_explicit,"Decoded from current local SigLA snapshot; dimensions withheld pending float validation. Site group is legacy document-label prefix heuristic, NOT source-explicit canonical site metadata."
CTX-0407,KH 17,KH,Tablet,,,LM IB,,,SIGLA,raw document metadata,https://sigla.phis.me/,CC BY-NC-SA 4.0,P-SIGLA-2026-09-27,source_explicit,"Decoded from current local SigLA snapshot; dimensions withheld pending float validation. Site group is legacy document-label prefix heuristic, NOT source-explicit canonical site metadata."
CTX-0408,KH 18,KH,Tablet,,,LM IB,,,SIGLA,raw document metadata,https://sigla.phis.me/,CC BY-NC-SA 4.0,P-SIGLA-2026-09-27,source_explicit,"Decoded from current local SigLA snapshot; dimensions withheld pending float validation. Site group is legacy document-label prefix heuristic, NOT source-explicit canonical site metadata."
CTX-0409,KH 19,KH,Tablet,,,LM IB,,,SIGLA,raw document metadata,https://sigla.phis.me/,CC BY-NC-SA 4.0,P-SIGLA-2026-09-27,source_explicit,"Decoded from current local SigLA snapshot; dimensions withheld pending float validation. Site group is legacy document-label prefix heuristic, NOT source-explicit canonical site metadata."
CTX-0410,KH 2,KH,Tablet,,,LM IB,,,SIGLA,raw document metadata,https://sigla.phis.me/,CC BY-NC-SA 4.0,P-SIGLA-2026-09-27,source_explicit,"Decoded from current local SigLA snapshot; dimensions withheld pending float validation. Site group is legacy document-label prefix heuristic, NOT source-explicit canonical site metadata."
CTX-0411,KH 20,KH,Tablet,,,LM IB,,,SIGLA,raw document metadata,https://sigla.phis.me/,CC BY-NC-SA 4.0,P-SIGLA-2026-09-27,source_explicit,"Decoded from current local SigLA snapshot; dimensions withheld pending float validation. Site group is legacy document-label prefix heuristic, NOT source-explicit canonical site metadata."
CTX-0412,KH 21,KH,Tablet,,,LM IB,,,SIGLA,raw document metadata,https://sigla.phis.me/,CC BY-NC-SA 4.0,P-SIGLA-2026-09-27,source_explicit,"Decoded from current local SigLA snapshot; dimensions withheld pending float validation. Site group is legacy document-label prefix heuristic, NOT source-explicit canonical site metadata."
CTX-0413,KH 22,KH,Tablet,,,LM IB,,,SIGLA,raw document metadata,https://sigla.phis.me/,CC BY-NC-SA 4.0,P-SIGLA-2026-09-27,source_explicit,"Decoded from current local SigLA snapshot; dimensions withheld pending float validation. Site group is legacy document-label prefix heuristic, NOT source-explicit canonical site metadata."
CTX-0414,KH 23,KH,Tablet,,,LM IB,,,SIGLA,raw document metadata,https://sigla.phis.me/,CC BY-NC-SA 4.0,P-SIGLA-2026-09-27,source_explicit,"Decoded from current local SigLA snapshot; dimensions withheld pending float validation. Site group is legacy document-label prefix heuristic, NOT source-explicit canonical site metadata."
CTX-0415,KH 24,KH,Tablet,,,LM IB,,,SIGLA,raw document metadata,https://sigla.phis.me/,CC BY-NC-SA 4.0,P-SIGLA-2026-09-27,source_explicit,"Decoded from current local SigLA snapshot; dimensions withheld pending float validation. Site group is legacy document-label prefix heuristic, NOT source-explicit canonical site metadata."
CTX-0416,KH 25,KH,Tablet,,,LM IB,,,SIGLA,raw document metadata,https://sigla.phis.me/,CC BY-NC-SA 4.0,P-SIGLA-2026-09-27,source_explicit,"Decoded from current local SigLA snapshot; dimensions withheld pending float validation. Site group is legacy document-label prefix heuristic, NOT source-explicit canonical site metadata."
CTX-0417,KH 26,KH,Tablet,,,LM IB,,,SIGLA,raw document metadata,https://sigla.phis.me/,CC BY-NC-SA 4.0,P-SIGLA-2026-09-27,source_explicit,"Decoded from current local SigLA snapshot; dimensions withheld pending float validation. Site group is legacy document-label prefix heuristic, NOT source-explicit canonical site metadata."
CTX-0418,KH 27,KH,Tablet,,,LM IB,,,SIGLA,raw document metadata,https://sigla.phis.me/,CC BY-NC-SA 4.0,P-SIGLA-2026-09-27,source_explicit,"Decoded from current local SigLA snapshot; dimensions withheld pending float validation. Site group is legacy document-label prefix heuristic, NOT source-explicit canonical site metadata."
CTX-0419,KH 28,KH,Tablet,,,LM IB,,,SIGLA,raw document metadata,https://sigla.phis.me/,CC BY-NC-SA 4.0,P-SIGLA-2026-09-27,source_explicit,"Decoded from current local SigLA snapshot; dimensions withheld pending float validation. Site group is legacy document-label prefix heuristic, NOT source-explicit canonical site metadata."
CTX-0420,KH 29,KH,Tablet,,,LM IB,,,SIGLA,raw document metadata,https://sigla.phis.me/,CC BY-NC-SA 4.0,P-SIGLA-2026-09-27,source_explicit,"Decoded from current local SigLA snapshot; dimensions withheld pending float validation. Site group is legacy document-label prefix heuristic, NOT source-explicit canonical site metadata."
CTX-0421,KH 3,KH,Tablet,,,LM IB,,,SIGLA,raw document metadata,https://sigla.phis.me/,CC BY-NC-SA 4.0,P-SIGLA-2026-09-27,source_explicit,"Decoded from current local SigLA snapshot; dimensions withheld pending float validation. Site group is legacy document-label prefix heuristic, NOT source-explicit canonical site metadata."
CTX-0422,KH 30,KH,Tablet,,,LM IB,,,SIGLA,raw document metadata,https://sigla.phis.me/,CC BY-NC-SA 4.0,P-SIGLA-2026-09-27,source_explicit,"Decoded from current local SigLA snapshot; dimensions withheld pending float validation. Site group is legacy document-label prefix heuristic, NOT source-explicit canonical site metadata."
CTX-0423,KH 31,KH,Tablet,,,LM IB,,,SIGLA,raw document metadata,https://sigla.phis.me/,CC BY-NC-SA 4.0,P-SIGLA-2026-09-27,source_explicit,"Decoded from current local SigLA snapshot; dimensions withheld pending float validation. Site group is legacy document-label prefix heuristic, NOT source-explicit canonical site metadata."
CTX-0424,KH 32,KH,Tablet,,,LM IB,,,SIGLA,raw document metadata,https://sigla.phis.me/,CC BY-NC-SA 4.0,P-SIGLA-2026-09-27,source_explicit,"Decoded from current local SigLA snapshot; dimensions withheld pending float validation. Site group is legacy document-label prefix heuristic, NOT source-explicit canonical site metadata."
CTX-0425,KH 33,KH,Tablet,,,LM IB,,,SIGLA,raw document metadata,https://sigla.phis.me/,CC BY-NC-SA 4.0,P-SIGLA-2026-09-27,source_explicit,"Decoded from current local SigLA snapshot; dimensions withheld pending float validation. Site group is legacy document-label prefix heuristic, NOT source-explicit canonical site metadata."
CTX-0426,KH 34,KH,Tablet,,,LM IB,,,SIGLA,raw document metadata,https://sigla.phis.me/,CC BY-NC-SA 4.0,P-SIGLA-2026-09-27,source_explicit,"Decoded from current local SigLA snapshot; dimensions withheld pending float validation. Site group is legacy document-label prefix heuristic, NOT source-explicit canonical site metadata."
CTX-0427,KH 35,KH,Tablet,,,LM IB,,,SIGLA,raw document metadata,https://sigla.phis.me/,CC BY-NC-SA 4.0,P-SIGLA-2026-09-27,source_explicit,"Decoded from current local SigLA snapshot; dimensions withheld pending float validation. Site group is legacy document-label prefix heuristic, NOT source-explicit canonical site metadata."
CTX-0428,KH 36,KH,Tablet,,,LM IB,,,SIGLA,raw document metadata,https://sigla.phis.me/,CC BY-NC-SA 4.0,P-SIGLA-2026-09-27,source_explicit,"Decoded from current local SigLA snapshot; dimensions withheld pending float validation. Site group is legacy document-label prefix heuristic, NOT source-explicit canonical site metadata."
CTX-0429,KH 37,KH,Tablet,,,LM IB,,,SIGLA,raw document metadata,https://sigla.phis.me/,CC BY-NC-SA 4.0,P-SIGLA-2026-09-27,source_explicit,"Decoded from current local SigLA snapshot; dimensions withheld pending float validation. Site group is legacy document-label prefix heuristic, NOT source-explicit canonical site metadata."
CTX-0430,KH 38,KH,Tablet,,,LM IB,,,SIGLA,raw document metadata,https://sigla.phis.me/,CC BY-NC-SA 4.0,P-SIGLA-2026-09-27,source_explicit,"Decoded from current local SigLA snapshot; dimensions withheld pending float validation. Site group is legacy document-label prefix heuristic, NOT source-explicit canonical site metadata."
CTX-0431,KH 39,KH,Tablet,,,LM IB,,,SIGLA,raw document metadata,https://sigla.phis.me/,CC BY-NC-SA 4.0,P-SIGLA-2026-09-27,source_explicit,"Decoded from current local SigLA snapshot; dimensions withheld pending float validation. Site group is legacy document-label prefix heuristic, NOT source-explicit canonical site metadata."
CTX-0432,KH 4,KH,Tablet,,,LM IB,,,SIGLA,raw document metadata,https://sigla.phis.me/,CC BY-NC-SA 4.0,P-SIGLA-2026-09-27,source_explicit,"Decoded from current local SigLA snapshot; dimensions withheld pending float validation. Site group is legacy document-label prefix heuristic, NOT source-explicit canonical site metadata."
CTX-0433,KH 40,KH,Tablet,,,LM IB,,,SIGLA,raw document metadata,https://sigla.phis.me/,CC BY-NC-SA 4.0,P-SIGLA-2026-09-27,source_explicit,"Decoded from current local SigLA snapshot; dimensions withheld pending float validation. Site group is legacy document-label prefix heuristic, NOT source-explicit canonical site metadata."
CTX-0434,KH 41,KH,Tablet,,,LM IB,,,SIGLA,raw document metadata,https://sigla.phis.me/,CC BY-NC-SA 4.0,P-SIGLA-2026-09-27,source_explicit,"Decoded from current local SigLA snapshot; dimensions withheld pending float validation. Site group is legacy document-label prefix heuristic, NOT source-explicit canonical site metadata."
CTX-0435,KH 42,KH,Tablet,,,LM IB,,,SIGLA,raw document metadata,https://sigla.phis.me/,CC BY-NC-SA 4.0,P-SIGLA-2026-09-27,source_explicit,"Decoded from current local SigLA snapshot; dimensions withheld pending float validation. Site group is legacy document-label prefix heuristic, NOT source-explicit canonical site metadata."
CTX-0436,KH 43,KH,Tablet,,,LM IB,,,SIGLA,raw document metadata,https://sigla.phis.me/,CC BY-NC-SA 4.0,P-SIGLA-2026-09-27,source_explicit,"Decoded from current local SigLA snapshot; dimensions withheld pending float validation. Site group is legacy document-label prefix heuristic, NOT source-explicit canonical site metadata."
CTX-0437,KH 44,KH,Tablet,,,LM IB,,,SIGLA,raw document metadata,https://sigla.phis.me/,CC BY-NC-SA 4.0,P-SIGLA-2026-09-27,source_explicit,"Decoded from current local SigLA snapshot; dimensions withheld pending float validation. Site group is legacy document-label prefix heuristic, NOT source-explicit canonical site metadata."
CTX-0438,KH 45,KH,Tablet,,,LM IB,,,SIGLA,raw document metadata,https://sigla.phis.me/,CC BY-NC-SA 4.0,P-SIGLA-2026-09-27,source_explicit,"Decoded from current local SigLA snapshot; dimensions withheld pending float validation. Site group is legacy document-label prefix heuristic, NOT source-explicit canonical site metadata."
CTX-0439,KH 46,KH,Tablet,,,LM IB,,,SIGLA,raw document metadata,https://sigla.phis.me/,CC BY-NC-SA 4.0,P-SIGLA-2026-09-27,source_explicit,"Decoded from current local SigLA snapshot; dimensions withheld pending float validation. Site group is legacy document-label prefix heuristic, NOT source-explicit canonical site metadata."
CTX-0440,KH 47,KH,Tablet,,,LM IB,,,SIGLA,raw document metadata,https://sigla.phis.me/,CC BY-NC-SA 4.0,P-SIGLA-2026-09-27,source_explicit,"Decoded from current local SigLA snapshot; dimensions withheld pending float validation. Site group is legacy document-label prefix heuristic, NOT source-explicit canonical site metadata."
CTX-0441,KH 49,KH,Tablet,,,LM IB,,,SIGLA,raw document metadata,https://sigla.phis.me/,CC BY-NC-SA 4.0,P-SIGLA-2026-09-27,source_explicit,"Decoded from current local SigLA snapshot; dimensions withheld pending float validation. Site group is legacy document-label prefix heuristic, NOT source-explicit canonical site metadata."
CTX-0442,KH 5,KH,Tablet,,,LM IB,,,SIGLA,raw document metadata,https://sigla.phis.me/,CC BY-NC-SA 4.0,P-SIGLA-2026-09-27,source_explicit,"Decoded from current local SigLA snapshot; dimensions withheld pending float validation. Site group is legacy document-label prefix heuristic, NOT source-explicit canonical site metadata."
CTX-0443,KH 50,KH,Tablet,,,LM IB,,,SIGLA,raw document metadata,https://sigla.phis.me/,CC BY-NC-SA 4.0,P-SIGLA-2026-09-27,source_explicit,"Decoded from current local SigLA snapshot; dimensions withheld pending float validation. Site group is legacy document-label prefix heuristic, NOT source-explicit canonical site metadata."
CTX-0444,KH 51,KH,Tablet,,,LM IB,,,SIGLA,raw document metadata,https://sigla.phis.me/,CC BY-NC-SA 4.0,P-SIGLA-2026-09-27,source_explicit,"Decoded from current local SigLA snapshot; dimensions withheld pending float validation. Site group is legacy document-label prefix heuristic, NOT source-explicit canonical site metadata."
CTX-0445,KH 52,KH,Tablet,,,LM IB,,,SIGLA,raw document metadata,https://sigla.phis.me/,CC BY-NC-SA 4.0,P-SIGLA-2026-09-27,source_explicit,"Decoded from current local SigLA snapshot; dimensions withheld pending float validation. Site group is legacy document-label prefix heuristic, NOT source-explicit canonical site metadata."
CTX-0446,KH 53,KH,Tablet,,,LM IB,,,SIGLA,raw document metadata,https://sigla.phis.me/,CC BY-NC-SA 4.0,P-SIGLA-2026-09-27,source_explicit,"Decoded from current local SigLA snapshot; dimensions withheld pending float validation. Site group is legacy document-label prefix heuristic, NOT source-explicit canonical site metadata."
CTX-0447,KH 54,KH,Tablet,,,LM IB,,,SIGLA,raw document metadata,https://sigla.phis.me/,CC BY-NC-SA 4.0,P-SIGLA-2026-09-27,source_explicit,"Decoded from current local SigLA snapshot; dimensions withheld pending float validation. Site group is legacy document-label prefix heuristic, NOT source-explicit canonical site metadata."
CTX-0448,KH 55,KH,Tablet,,,LM IB,,,SIGLA,raw document metadata,https://sigla.phis.me/,CC BY-NC-SA 4.0,P-SIGLA-2026-09-27,source_explicit,"Decoded from current local SigLA snapshot; dimensions withheld pending float validation. Site group is legacy document-label prefix heuristic, NOT source-explicit canonical site metadata."
CTX-0449,KH 56,KH,Tablet,,,LM IB,,,SIGLA,raw document metadata,https://sigla.phis.me/,CC BY-NC-SA 4.0,P-SIGLA-2026-09-27,source_explicit,"Decoded from current local SigLA snapshot; dimensions withheld pending float validation. Site group is legacy document-label prefix heuristic, NOT source-explicit canonical site metadata."
CTX-0450,KH 57,KH,Tablet,,,LM IB,,,SIGLA,raw document metadata,https://sigla.phis.me/,CC BY-NC-SA 4.0,P-SIGLA-2026-09-27,source_explicit,"Decoded from current local SigLA snapshot; dimensions withheld pending float validation. Site group is legacy document-label prefix heuristic, NOT source-explicit canonical site metadata."
CTX-0451,KH 58,KH,Tablet,,,LM IB,,,SIGLA,raw document metadata,https://sigla.phis.me/,CC BY-NC-SA 4.0,P-SIGLA-2026-09-27,source_explicit,"Decoded from current local SigLA snapshot; dimensions withheld pending float validation. Site group is legacy document-label prefix heuristic, NOT source-explicit canonical site metadata."
CTX-0452,KH 59,KH,Tablet,,,LM IB,,,SIGLA,raw document metadata,https://sigla.phis.me/,CC BY-NC-SA 4.0,P-SIGLA-2026-09-27,source_explicit,"Decoded from current local SigLA snapshot; dimensions withheld pending float validation. Site group is legacy document-label prefix heuristic, NOT source-explicit canonical site metadata."
CTX-0453,KH 6,KH,Tablet,,,LM IB,,,SIGLA,raw document metadata,https://sigla.phis.me/,CC BY-NC-SA 4.0,P-SIGLA-2026-09-27,source_explicit,"Decoded from current local SigLA snapshot; dimensions withheld pending float validation. Site group is legacy document-label prefix heuristic, NOT source-explicit canonical site metadata."
CTX-0454,KH 60,KH,Tablet,,,LM IB,,,SIGLA,raw document metadata,https://sigla.phis.me/,CC BY-NC-SA 4.0,P-SIGLA-2026-09-27,source_explicit,"Decoded from current local SigLA snapshot; dimensions withheld pending float validation. Site group is legacy document-label prefix heuristic, NOT source-explicit canonical site metadata."
CTX-0455,KH 61,KH,Tablet,,,LM IB,,,SIGLA,raw document metadata,https://sigla.phis.me/,CC BY-NC-SA 4.0,P-SIGLA-2026-09-27,source_explicit,"Decoded from current local SigLA snapshot; dimensions withheld pending float validation. Site group is legacy document-label prefix heuristic, NOT source-explicit canonical site metadata."
CTX-0456,KH 62,KH,Tablet,,,LM IB,,,SIGLA,raw document metadata,https://sigla.phis.me/,CC BY-NC-SA 4.0,P-SIGLA-2026-09-27,source_explicit,"Decoded from current local SigLA snapshot; dimensions withheld pending float validation. Site group is legacy document-label prefix heuristic, NOT source-explicit canonical site metadata."
CTX-0457,KH 63,KH,Tablet,,,LM IB,,,SIGLA,raw document metadata,https://sigla.phis.me/,CC BY-NC-SA 4.0,P-SIGLA-2026-09-27,source_explicit,"Decoded from current local SigLA snapshot; dimensions withheld pending float validation. Site group is legacy document-label prefix heuristic, NOT source-explicit canonical site metadata."
CTX-0458,KH 64,KH,Tablet,,,LM IB,,,SIGLA,raw document metadata,https://sigla.phis.me/,CC BY-NC-SA 4.0,P-SIGLA-2026-09-27,source_explicit,"Decoded from current local SigLA snapshot; dimensions withheld pending float validation. Site group is legacy document-label prefix heuristic, NOT source-explicit canonical site metadata."
CTX-0459,KH 65,KH,Tablet,,,LM IB,,,SIGLA,raw document metadata,https://sigla.phis.me/,CC BY-NC-SA 4.0,P-SIGLA-2026-09-27,source_explicit,"Decoded from current local SigLA snapshot; dimensions withheld pending float validation. Site group is legacy document-label prefix heuristic, NOT source-explicit canonical site metadata."
CTX-0460,KH 66,KH,Tablet,,,LM IB,,,SIGLA,raw document metadata,https://sigla.phis.me/,CC BY-NC-SA 4.0,P-SIGLA-2026-09-27,source_explicit,"Decoded from current local SigLA snapshot; dimensions withheld pending float validation. Site group is legacy document-label prefix heuristic, NOT source-explicit canonical site metadata."
CTX-0461,KH 67,KH,Tablet,,,LM IB,,,SIGLA,raw document metadata,https://sigla.phis.me/,CC BY-NC-SA 4.0,P-SIGLA-2026-09-27,source_explicit,"Decoded from current local SigLA snapshot; dimensions withheld pending float validation. Site group is legacy document-label prefix heuristic, NOT source-explicit canonical site metadata."
CTX-0462,KH 68,KH,Tablet,,,LM IB,,,SIGLA,raw document metadata,https://sigla.phis.me/,CC BY-NC-SA 4.0,P-SIGLA-2026-09-27,source_explicit,"Decoded from current local SigLA snapshot; dimensions withheld pending float validation. Site group is legacy document-label prefix heuristic, NOT source-explicit canonical site metadata."
CTX-0463,KH 69,KH,Tablet,,,LM IB,,,SIGLA,raw document metadata,https://sigla.phis.me/,CC BY-NC-SA 4.0,P-SIGLA-2026-09-27,source_explicit,"Decoded from current local SigLA snapshot; dimensions withheld pending float validation. Site group is legacy document-label prefix heuristic, NOT source-explicit canonical site metadata."
CTX-0464,KH 70,KH,Tablet,,,LM IB,,,SIGLA,raw document metadata,https://sigla.phis.me/,CC BY-NC-SA 4.0,P-SIGLA-2026-09-27,source_explicit,"Decoded from current local SigLA snapshot; dimensions withheld pending float validation. Site group is legacy document-label prefix heuristic, NOT source-explicit canonical site metadata."
CTX-0465,KH 72,KH,Tablet,,,LM IB,,,SIGLA,raw document metadata,https://sigla.phis.me/,CC BY-NC-SA 4.0,P-SIGLA-2026-09-27,source_explicit,"Decoded from current local SigLA snapshot; dimensions withheld pending float validation. Site group is legacy document-label prefix heuristic, NOT source-explicit canonical site metadata."
CTX-0466,KH 73,KH,Tablet,,,LM IB,,,SIGLA,raw document metadata,https://sigla.phis.me/,CC BY-NC-SA 4.0,P-SIGLA-2026-09-27,source_explicit,"Decoded from current local SigLA snapshot; dimensions withheld pending float validation. Site group is legacy document-label prefix heuristic, NOT source-explicit canonical site metadata."
CTX-0467,KH 74,KH,Tablet,,,LM IB,,,SIGLA,raw document metadata,https://sigla.phis.me/,CC BY-NC-SA 4.0,P-SIGLA-2026-09-27,source_explicit,"Decoded from current local SigLA snapshot; dimensions withheld pending float validation. Site group is legacy document-label prefix heuristic, NOT source-explicit canonical site metadata."
CTX-0468,KH 75,KH,Tablet,,,LM IB,,,SIGLA,raw document metadata,https://sigla.phis.me/,CC BY-NC-SA 4.0,P-SIGLA-2026-09-27,source_explicit,"Decoded from current local SigLA snapshot; dimensions withheld pending float validation. Site group is legacy document-label prefix heuristic, NOT source-explicit canonical site metadata."
CTX-0469,KH 76,KH,Tablet,,,LM IB,,,SIGLA,raw document metadata,https://sigla.phis.me/,CC BY-NC-SA 4.0,P-SIGLA-2026-09-27,source_explicit,"Decoded from current local SigLA snapshot; dimensions withheld pending float validation. Site group is legacy document-label prefix heuristic, NOT source-explicit canonical site metadata."
CTX-0470,KH 77,KH,Tablet,,,LM IB,,,SIGLA,raw document metadata,https://sigla.phis.me/,CC BY-NC-SA 4.0,P-SIGLA-2026-09-27,source_explicit,"Decoded from current local SigLA snapshot; dimensions withheld pending float validation. Site group is legacy document-label prefix heuristic, NOT source-explicit canonical site metadata."
CTX-0471,KH 78,KH,Tablet,,,LM IB,,,SIGLA,raw document metadata,https://sigla.phis.me/,CC BY-NC-SA 4.0,P-SIGLA-2026-09-27,source_explicit,"Decoded from current local SigLA snapshot; dimensions withheld pending float validation. Site group is legacy document-label prefix heuristic, NOT source-explicit canonical site metadata."
CTX-0472,KH 79,KH,Tablet,,,LM IB,,,SIGLA,raw document metadata,https://sigla.phis.me/,CC BY-NC-SA 4.0,P-SIGLA-2026-09-27,source_explicit,"Decoded from current local SigLA snapshot; dimensions withheld pending float validation. Site group is legacy document-label prefix heuristic, NOT source-explicit canonical site metadata."
CTX-0473,KH 79+89,KH,Tablet,,,LM IB,,,SIGLA,raw document metadata,https://sigla.phis.me/,CC BY-NC-SA 4.0,P-SIGLA-2026-09-27,source_explicit,"Decoded from current local SigLA snapshot; dimensions withheld pending float validation. Site group is legacy document-label prefix heuristic, NOT source-explicit canonical site metadata."
CTX-0474,KH 7a,KH,Tablet,,,LM IB,,,SIGLA,raw document metadata,https://sigla.phis.me/,CC BY-NC-SA 4.0,P-SIGLA-2026-09-27,source_explicit,"Decoded from current local SigLA snapshot; dimensions withheld pending float validation. Site group is legacy document-label prefix heuristic, NOT source-explicit canonical site metadata."
CTX-0475,KH 7b,KH,Tablet,,,LM IB,,,SIGLA,raw document metadata,https://sigla.phis.me/,CC BY-NC-SA 4.0,P-SIGLA-2026-09-27,source_explicit,"Decoded from current local SigLA snapshot; dimensions withheld pending float validation. Site group is legacy document-label prefix heuristic, NOT source-explicit canonical site metadata."
CTX-0476,KH 8,KH,Tablet,,,LM IB,,,SIGLA,raw document metadata,https://sigla.phis.me/,CC BY-NC-SA 4.0,P-SIGLA-2026-09-27,source_explicit,"Decoded from current local SigLA snapshot; dimensions withheld pending float validation. Site group is legacy document-label prefix heuristic, NOT source-explicit canonical site metadata."
CTX-0477,KH 80,KH,Tablet,,,LM IB,,,SIGLA,raw document metadata,https://sigla.phis.me/,CC BY-NC-SA 4.0,P-SIGLA-2026-09-27,source_explicit,"Decoded from current local SigLA snapshot; dimensions withheld pending float validation. Site group is legacy document-label prefix heuristic, NOT source-explicit canonical site metadata."
CTX-0478,KH 81,KH,Tablet,,,LM IB,,,SIGLA,raw document metadata,https://sigla.phis.me/,CC BY-NC-SA 4.0,P-SIGLA-2026-09-27,source_explicit,"Decoded from current local SigLA snapshot; dimensions withheld pending float validation. Site group is legacy document-label prefix heuristic, NOT source-explicit canonical site metadata."
CTX-0479,KH 82,KH,Tablet,,,LM IB,,,SIGLA,raw document metadata,https://sigla.phis.me/,CC BY-NC-SA 4.0,P-SIGLA-2026-09-27,source_explicit,"Decoded from current local SigLA snapshot; dimensions withheld pending float validation. Site group is legacy document-label prefix heuristic, NOT source-explicit canonical site metadata."
CTX-0480,KH 83,KH,Tablet,,,LM IB,,,SIGLA,raw document metadata,https://sigla.phis.me/,CC BY-NC-SA 4.0,P-SIGLA-2026-09-27,source_explicit,"Decoded from current local SigLA snapshot; dimensions withheld pending float validation. Site group is legacy document-label prefix heuristic, NOT source-explicit canonical site metadata."
CTX-0481,KH 84,KH,Tablet,,,LM IB,,,SIGLA,raw document metadata,https://sigla.phis.me/,CC BY-NC-SA 4.0,P-SIGLA-2026-09-27,source_explicit,"Decoded from current local SigLA snapshot; dimensions withheld pending float validation. Site group is legacy document-label prefix heuristic, NOT source-explicit canonical site metadata."
CTX-0482,KH 85,KH,Tablet,,,LM IB,,,SIGLA,raw document metadata,https://sigla.phis.me/,CC BY-NC-SA 4.0,P-SIGLA-2026-09-27,source_explicit,"Decoded from current local SigLA snapshot; dimensions withheld pending float validation. Site group is legacy document-label prefix heuristic, NOT source-explicit canonical site metadata."
CTX-0483,KH 86,KH,Tablet,,,LM IB,,,SIGLA,raw document metadata,https://sigla.phis.me/,CC BY-NC-SA 4.0,P-SIGLA-2026-09-27,source_explicit,"Decoded from current local SigLA snapshot; dimensions withheld pending float validation. Site group is legacy document-label prefix heuristic, NOT source-explicit canonical site metadata."
CTX-0484,KH 88,KH,Tablet,,,LM IB,,,SIGLA,raw document metadata,https://sigla.phis.me/,CC BY-NC-SA 4.0,P-SIGLA-2026-09-27,source_explicit,"Decoded from current local SigLA snapshot; dimensions withheld pending float validation. Site group is legacy document-label prefix heuristic, NOT source-explicit canonical site metadata."
CTX-0485,KH 9,KH,Tablet,,,LM IB,,,SIGLA,raw document metadata,https://sigla.phis.me/,CC BY-NC-SA 4.0,P-SIGLA-2026-09-27,source_explicit,"Decoded from current local SigLA snapshot; dimensions withheld pending float validation. Site group is legacy document-label prefix heuristic, NOT source-explicit canonical site metadata."
CTX-0486,KH 90,KH,Tablet,,,LM IB,,,SIGLA,raw document metadata,https://sigla.phis.me/,CC BY-NC-SA 4.0,P-SIGLA-2026-09-27,source_explicit,"Decoded from current local SigLA snapshot; dimensions withheld pending float validation. Site group is legacy document-label prefix heuristic, NOT source-explicit canonical site metadata."
CTX-0487,KH 91,KH,Tablet,,,LM IB,,,SIGLA,raw document metadata,https://sigla.phis.me/,CC BY-NC-SA 4.0,P-SIGLA-2026-09-27,source_explicit,"Decoded from current local SigLA snapshot; dimensions withheld pending float validation. Site group is legacy document-label prefix heuristic, NOT source-explicit canonical site metadata."
CTX-0488,KH 92,KH,Tablet,,,LM IB,,,SIGLA,raw document metadata,https://sigla.phis.me/,CC BY-NC-SA 4.0,P-SIGLA-2026-09-27,source_explicit,"Decoded from current local SigLA snapshot; dimensions withheld pending float validation. Site group is legacy document-label prefix heuristic, NOT source-explicit canonical site metadata."
CTX-0489,KH 93a,KH,Tablet,,,LM IB,,,SIGLA,raw document metadata,https://sigla.phis.me/,CC BY-NC-SA 4.0,P-SIGLA-2026-09-27,source_explicit,"Decoded from current local SigLA snapshot; dimensions withheld pending float validation. Site group is legacy document-label prefix heuristic, NOT source-explicit canonical site metadata."
CTX-0490,KH 93b,KH,Tablet,,,LM IB,,,SIGLA,raw document metadata,https://sigla.phis.me/,CC BY-NC-SA 4.0,P-SIGLA-2026-09-27,source_explicit,"Decoded from current local SigLA snapshot; dimensions withheld pending float validation. Site group is legacy document-label prefix heuristic, NOT source-explicit canonical site metadata."
CTX-0491,KH 94,KH,Tablet,,,LM IB,,,SIGLA,raw document metadata,https://sigla.phis.me/,CC BY-NC-SA 4.0,P-SIGLA-2026-09-27,source_explicit,"Decoded from current local SigLA snapshot; dimensions withheld pending float validation. Site group is legacy document-label prefix heuristic, NOT source-explicit canonical site metadata."
CTX-0492,KH 95,KH,Tablet,,,LM IB,,,SIGLA,raw document metadata,https://sigla.phis.me/,CC BY-NC-SA 4.0,P-SIGLA-2026-09-27,source_explicit,"Decoded from current local SigLA snapshot; dimensions withheld pending float validation. Site group is legacy document-label prefix heuristic, NOT source-explicit canonical site metadata."
CTX-0493,KH 96,KH,Tablet,,,LM IB,,,SIGLA,raw document metadata,https://sigla.phis.me/,CC BY-NC-SA 4.0,P-SIGLA-2026-09-27,source_explicit,"Decoded from current local SigLA snapshot; dimensions withheld pending float validation. Site group is legacy document-label prefix heuristic, NOT source-explicit canonical site metadata."
CTX-0494,KH 97,KH,Tablet,,,LM IB,,,SIGLA,raw document metadata,https://sigla.phis.me/,CC BY-NC-SA 4.0,P-SIGLA-2026-09-27,source_explicit,"Decoded from current local SigLA snapshot; dimensions withheld pending float validation. Site group is legacy document-label prefix heuristic, NOT source-explicit canonical site metadata."
CTX-0495,KH 97a,KH,Tablet,,,LM IB,,,SIGLA,raw document metadata,https://sigla.phis.me/,CC BY-NC-SA 4.0,P-SIGLA-2026-09-27,source_explicit,"Decoded from current local SigLA snapshot; dimensions withheld pending float validation. Site group is legacy document-label prefix heuristic, NOT source-explicit canonical site metadata."
CTX-0496,KH 97b,KH,Tablet,,,LM IB,,,SIGLA,raw document metadata,https://sigla.phis.me/,CC BY-NC-SA 4.0,P-SIGLA-2026-09-27,source_explicit,"Decoded from current local SigLA snapshot; dimensions withheld pending float validation. Site group is legacy document-label prefix heuristic, NOT source-explicit canonical site metadata."
CTX-0497,KH 99,KH,Tablet,,,LM IB,,,SIGLA,raw document metadata,https://sigla.phis.me/,CC BY-NC-SA 4.0,P-SIGLA-2026-09-27,source_explicit,"Decoded from current local SigLA snapshot; dimensions withheld pending float validation. Site group is legacy document-label prefix heuristic, NOT source-explicit canonical site metadata."
CTX-0498,KH Wa 1001α,KH,Nodule,,,LM IB,,,SIGLA,raw document metadata,https://sigla.phis.me/,CC BY-NC-SA 4.0,P-SIGLA-2026-09-27,source_explicit,"Decoded from current local SigLA snapshot; dimensions withheld pending float validation. Site group is legacy document-label prefix heuristic, NOT source-explicit canonical site metadata."
CTX-0499,KH Wa 1001γ,KH,Nodule,,,LM IB,,,SIGLA,raw document metadata,https://sigla.phis.me/,CC BY-NC-SA 4.0,P-SIGLA-2026-09-27,source_explicit,"Decoded from current local SigLA snapshot; dimensions withheld pending float validation. Site group is legacy document-label prefix heuristic, NOT source-explicit canonical site metadata."
CTX-0500,KH Wa 1002α,KH,Nodule,,,LM IB,,,SIGLA,raw document metadata,https://sigla.phis.me/,CC BY-NC-SA 4.0,P-SIGLA-2026-09-27,source_explicit,"Decoded from current local SigLA snapshot; dimensions withheld pending float validation. Site group is legacy document-label prefix heuristic, NOT source-explicit canonical site metadata."
CTX-0501,KH Wa 1002γ,KH,Nodule,,,LM IB,,,SIGLA,raw document metadata,https://sigla.phis.me/,CC BY-NC-SA 4.0,P-SIGLA-2026-09-27,source_explicit,"Decoded from current local SigLA snapshot; dimensions withheld pending float validation. Site group is legacy document-label prefix heuristic, NOT source-explicit canonical site metadata."
CTX-0502,KH Wa 1003,KH,Nodule,,,LM IB,,,SIGLA,raw document metadata,https://sigla.phis.me/,CC BY-NC-SA 4.0,P-SIGLA-2026-09-27,source_explicit,"Decoded from current local SigLA snapshot; dimensions withheld pending float validation. Site group is legacy document-label prefix heuristic, NOT source-explicit canonical site metadata."
CTX-0503,KH Wa 1004,KH,Nodule,,,LM IB,,,SIGLA,raw document metadata,https://sigla.phis.me/,CC BY-NC-SA 4.0,P-SIGLA-2026-09-27,source_explicit,"Decoded from current local SigLA snapshot; dimensions withheld pending float validation. Site group is legacy document-label prefix heuristic, NOT source-explicit canonical site metadata."
CTX-0504,KH Wa 1005,KH,Nodule,,,LM IB,,,SIGLA,raw document metadata,https://sigla.phis.me/,CC BY-NC-SA 4.0,P-SIGLA-2026-09-27,source_explicit,"Decoded from current local SigLA snapshot; dimensions withheld pending float validation. Site group is legacy document-label prefix heuristic, NOT source-explicit canonical site metadata."
CTX-0505,KH Wa 1006,KH,Nodule,,,LM IB,,,SIGLA,raw document metadata,https://sigla.phis.me/,CC BY-NC-SA 4.0,P-SIGLA-2026-09-27,source_explicit,"Decoded from current local SigLA snapshot; dimensions withheld pending float validation. Site group is legacy document-label prefix heuristic, NOT source-explicit canonical site metadata."
CTX-0506,KH Wa 1007,KH,Nodule,,,LM IB,,,SIGLA,raw document metadata,https://sigla.phis.me/,CC BY-NC-SA 4.0,P-SIGLA-2026-09-27,source_explicit,"Decoded from current local SigLA snapshot; dimensions withheld pending float validation. Site group is legacy document-label prefix heuristic, NOT source-explicit canonical site metadata."
CTX-0507,KH Wa 1008,KH,Nodule,,,LM IB,,,SIGLA,raw document metadata,https://sigla.phis.me/,CC BY-NC-SA 4.0,P-SIGLA-2026-09-27,source_explicit,"Decoded from current local SigLA snapshot; dimensions withheld pending float validation. Site group is legacy document-label prefix heuristic, NOT source-explicit canonical site metadata."
CTX-0508,KH Wa 1009,KH,Nodule,,,LM IB,,,SIGLA,raw document metadata,https://sigla.phis.me/,CC BY-NC-SA 4.0,P-SIGLA-2026-09-27,source_explicit,"Decoded from current local SigLA snapshot; dimensions withheld pending float validation. Site group is legacy document-label prefix heuristic, NOT source-explicit canonical site metadata."
CTX-0509,KH Wa 1010,KH,Nodule,,,LM IB,,,SIGLA,raw document metadata,https://sigla.phis.me/,CC BY-NC-SA 4.0,P-SIGLA-2026-09-27,source_explicit,"Decoded from current local SigLA snapshot; dimensions withheld pending float validation. Site group is legacy document-label prefix heuristic, NOT source-explicit canonical site metadata."
CTX-0510,KH Wa 1011,KH,Nodule,,,LM IB,,,SIGLA,raw document metadata,https://sigla.phis.me/,CC BY-NC-SA 4.0,P-SIGLA-2026-09-27,source_explicit,"Decoded from current local SigLA snapshot; dimensions withheld pending float validation. Site group is legacy document-label prefix heuristic, NOT source-explicit canonical site metadata."
CTX-0511,KH Wa 1012,KH,Nodule,,,LM IB,,,SIGLA,raw document metadata,https://sigla.phis.me/,CC BY-NC-SA 4.0,P-SIGLA-2026-09-27,source_explicit,"Decoded from current local SigLA snapshot; dimensions withheld pending float validation. Site group is legacy document-label prefix heuristic, NOT source-explicit canonical site metadata."
CTX-0512,KH Wa 1013α,KH,Nodule,,,LM IB,,,SIGLA,raw document metadata,https://sigla.phis.me/,CC BY-NC-SA 4.0,P-SIGLA-2026-09-27,source_explicit,"Decoded from current local SigLA snapshot; dimensions withheld pending float validation. Site group is legacy document-label prefix heuristic, NOT source-explicit canonical site metadata."
CTX-0513,KH Wa 1013γ,KH,Nodule,,,LM IB,,,SIGLA,raw document metadata,https://sigla.phis.me/,CC BY-NC-SA 4.0,P-SIGLA-2026-09-27,source_explicit,"Decoded from current local SigLA snapshot; dimensions withheld pending float validation. Site group is legacy document-label prefix heuristic, NOT source-explicit canonical site metadata."
CTX-0514,KH Wa 1014α,KH,Nodule,,,LM IB,,,SIGLA,raw document metadata,https://sigla.phis.me/,CC BY-NC-SA 4.0,P-SIGLA-2026-09-27,source_explicit,"Decoded from current local SigLA snapshot; dimensions withheld pending float validation. Site group is legacy document-label prefix heuristic, NOT source-explicit canonical site metadata."
CTX-0515,KH Wa 1014γ,KH,Nodule,,,LM IB,,,SIGLA,raw document metadata,https://sigla.phis.me/,CC BY-NC-SA 4.0,P-SIGLA-2026-09-27,source_explicit,"Decoded from current local SigLA snapshot; dimensions withheld pending float validation. Site group is legacy document-label prefix heuristic, NOT source-explicit canonical site metadata."
CTX-0516,KH Wa 1015α,KH,Nodule,,,LM IB,,,SIGLA,raw document metadata,https://sigla.phis.me/,CC BY-NC-SA 4.0,P-SIGLA-2026-09-27,source_explicit,"Decoded from current local SigLA snapshot; dimensions withheld pending float validation. Site group is legacy document-label prefix heuristic, NOT source-explicit canonical site metadata."
CTX-0517,KH Wa 1015γ,KH,Nodule,,,LM IB,,,SIGLA,raw document metadata,https://sigla.phis.me/,CC BY-NC-SA 4.0,P-SIGLA-2026-09-27,source_explicit,"Decoded from current local SigLA snapshot; dimensions withheld pending float validation. Site group is legacy document-label prefix heuristic, NOT source-explicit canonical site metadata."
CTX-0518,KH Wa 1016α,KH,Nodule,,,LM IB,,,SIGLA,raw document metadata,https://sigla.phis.me/,CC BY-NC-SA 4.0,P-SIGLA-2026-09-27,source_explicit,"Decoded from current local SigLA snapshot; dimensions withheld pending float validation. Site group is legacy document-label prefix heuristic, NOT source-explicit canonical site metadata."
CTX-0519,KH Wa 1016γ,KH,Nodule,,,LM IB,,,SIGLA,raw document metadata,https://sigla.phis.me/,CC BY-NC-SA 4.0,P-SIGLA-2026-09-27,source_explicit,"Decoded from current local SigLA snapshot; dimensions withheld pending float validation. Site group is legacy document-label prefix heuristic, NOT source-explicit canonical site metadata."
CTX-0520,KH Wa 1017,KH,Nodule,,,LM IB,,,SIGLA,raw document metadata,https://sigla.phis.me/,CC BY-NC-SA 4.0,P-SIGLA-2026-09-27,source_explicit,"Decoded from current local SigLA snapshot; dimensions withheld pending float validation. Site group is legacy document-label prefix heuristic, NOT source-explicit canonical site metadata."
CTX-0521,KH Wa 1018,KH,Nodule,,,LM IB,,,SIGLA,raw document metadata,https://sigla.phis.me/,CC BY-NC-SA 4.0,P-SIGLA-2026-09-27,source_explicit,"Decoded from current local SigLA snapshot; dimensions withheld pending float validation. Site group is legacy document-label prefix heuristic, NOT source-explicit canonical site metadata."
CTX-0522,KH Wa 1019,KH,Nodule,,,LM IB,,,SIGLA,raw document metadata,https://sigla.phis.me/,CC BY-NC-SA 4.0,P-SIGLA-2026-09-27,source_explicit,"Decoded from current local SigLA snapshot; dimensions withheld pending float validation. Site group is legacy document-label prefix heuristic, NOT source-explicit canonical site metadata."
CTX-0523,KH Wa 1020,KH,Nodule,,,LM IB,,,SIGLA,raw document metadata,https://sigla.phis.me/,CC BY-NC-SA 4.0,P-SIGLA-2026-09-27,source_explicit,"Decoded from current local SigLA snapshot; dimensions withheld pending float validation. Site group is legacy document-label prefix heuristic, NOT source-explicit canonical site metadata."
CTX-0524,KH Wc 2001,KH,Roundel,,,LM IB,,,SIGLA,raw document metadata,https://sigla.phis.me/,CC BY-NC-SA 4.0,P-SIGLA-2026-09-27,source_explicit,"Decoded from current local SigLA snapshot; dimensions withheld pending float validation. Site group is legacy document-label prefix heuristic, NOT source-explicit canonical site metadata."
CTX-0525,KH Wc 2002,KH,Roundel,,,LM IB,,,SIGLA,raw document metadata,https://sigla.phis.me/,CC BY-NC-SA 4.0,P-SIGLA-2026-09-27,source_explicit,"Decoded from current local SigLA snapshot; dimensions withheld pending float validation. Site group is legacy document-label prefix heuristic, NOT source-explicit canonical site metadata."
CTX-0526,KH Wc 2004,KH,Roundel,,,LM IB,,,SIGLA,raw document metadata,https://sigla.phis.me/,CC BY-NC-SA 4.0,P-SIGLA-2026-09-27,source_explicit,"Decoded from current local SigLA snapshot; dimensions withheld pending float validation. Site group is legacy document-label prefix heuristic, NOT source-explicit canonical site metadata."
CTX-0527,KH Wc 2005,KH,Roundel,,,LM IB,,,SIGLA,raw document metadata,https://sigla.phis.me/,CC BY-NC-SA 4.0,P-SIGLA-2026-09-27,source_explicit,"Decoded from current local SigLA snapshot; dimensions withheld pending float validation. Site group is legacy document-label prefix heuristic, NOT source-explicit canonical site metadata."
CTX-0528,KH Wc 2006,KH,Roundel,,,LM IB,,,SIGLA,raw document metadata,https://sigla.phis.me/,CC BY-NC-SA 4.0,P-SIGLA-2026-09-27,source_explicit,"Decoded from current local SigLA snapshot; dimensions withheld pending float validation. Site group is legacy document-label prefix heuristic, NOT source-explicit canonical site metadata."
CTX-0529,KH Wc 2007,KH,Roundel,,,LM IB,,,SIGLA,raw document metadata,https://sigla.phis.me/,CC BY-NC-SA 4.0,P-SIGLA-2026-09-27,source_explicit,"Decoded from current local SigLA snapshot; dimensions withheld pending float validation. Site group is legacy document-label prefix heuristic, NOT source-explicit canonical site metadata."
CTX-0530,KH Wc 2008,KH,Roundel,,,LM IB,,,SIGLA,raw document metadata,https://sigla.phis.me/,CC BY-NC-SA 4.0,P-SIGLA-2026-09-27,source_explicit,"Decoded from current local SigLA snapshot; dimensions withheld pending float validation. Site group is legacy document-label prefix heuristic, NOT source-explicit canonical site metadata."
CTX-0531,KH Wc 2009,KH,Roundel,,,LM IB,,,SIGLA,raw document metadata,https://sigla.phis.me/,CC BY-NC-SA 4.0,P-SIGLA-2026-09-27,source_explicit,"Decoded from current local SigLA snapshot; dimensions withheld pending float validation. Site group is legacy document-label prefix heuristic, NOT source-explicit canonical site metadata."
CTX-0532,KH Wc 2010,KH,Roundel,,,LM IB,,,SIGLA,raw document metadata,https://sigla.phis.me/,CC BY-NC-SA 4.0,P-SIGLA-2026-09-27,source_explicit,"Decoded from current local SigLA snapshot; dimensions withheld pending float validation. Site group is legacy document-label prefix heuristic, NOT source-explicit canonical site metadata."
CTX-0533,KH Wc 2011,KH,Roundel,,,LM IB,,,SIGLA,raw document metadata,https://sigla.phis.me/,CC BY-NC-SA 4.0,P-SIGLA-2026-09-27,source_explicit,"Decoded from current local SigLA snapshot; dimensions withheld pending float validation. Site group is legacy document-label prefix heuristic, NOT source-explicit canonical site metadata."
CTX-0534,KH Wc 2012,KH,Roundel,,,LM IB,,,SIGLA,raw document metadata,https://sigla.phis.me/,CC BY-NC-SA 4.0,P-SIGLA-2026-09-27,source_explicit,"Decoded from current local SigLA snapshot; dimensions withheld pending float validation. Site group is legacy document-label prefix heuristic, NOT source-explicit canonical site metadata."
CTX-0535,KH Wc 2013,KH,Roundel,,,LM IB,,,SIGLA,raw document metadata,https://sigla.phis.me/,CC BY-NC-SA 4.0,P-SIGLA-2026-09-27,source_explicit,"Decoded from current local SigLA snapshot; dimensions withheld pending float validation. Site group is legacy document-label prefix heuristic, NOT source-explicit canonical site metadata."
CTX-0536,KH Wc 2014,KH,Roundel,,,LM IB,,,SIGLA,raw document metadata,https://sigla.phis.me/,CC BY-NC-SA 4.0,P-SIGLA-2026-09-27,source_explicit,"Decoded from current local SigLA snapshot; dimensions withheld pending float validation. Site group is legacy document-label prefix heuristic, NOT source-explicit canonical site metadata."
CTX-0537,KH Wc 2015,KH,Roundel,,,LM IB,,,SIGLA,raw document metadata,https://sigla.phis.me/,CC BY-NC-SA 4.0,P-SIGLA-2026-09-27,source_explicit,"Decoded from current local SigLA snapshot; dimensions withheld pending float validation. Site group is legacy document-label prefix heuristic, NOT source-explicit canonical site metadata."
CTX-0538,KH Wc 2016,KH,Roundel,,,LM IB,,,SIGLA,raw document metadata,https://sigla.phis.me/,CC BY-NC-SA 4.0,P-SIGLA-2026-09-27,source_explicit,"Decoded from current local SigLA snapshot; dimensions withheld pending float validation. Site group is legacy document-label prefix heuristic, NOT source-explicit canonical site metadata."
CTX-0539,KH Wc 2017,KH,Roundel,,,LM IB,,,SIGLA,raw document metadata,https://sigla.phis.me/,CC BY-NC-SA 4.0,P-SIGLA-2026-09-27,source_explicit,"Decoded from current local SigLA snapshot; dimensions withheld pending float validation. Site group is legacy document-label prefix heuristic, NOT source-explicit canonical site metadata."
CTX-0540,KH Wc 2018,KH,Roundel,,,LM IB,,,SIGLA,raw document metadata,https://sigla.phis.me/,CC BY-NC-SA 4.0,P-SIGLA-2026-09-27,source_explicit,"Decoded from current local SigLA snapshot; dimensions withheld pending float validation. Site group is legacy document-label prefix heuristic, NOT source-explicit canonical site metadata."
CTX-0541,KH Wc 2019,KH,Roundel,,,LM IB,,,SIGLA,raw document metadata,https://sigla.phis.me/,CC BY-NC-SA 4.0,P-SIGLA-2026-09-27,source_explicit,"Decoded from current local SigLA snapshot; dimensions withheld pending float validation. Site group is legacy document-label prefix heuristic, NOT source-explicit canonical site metadata."
CTX-0542,KH Wc 2020,KH,Roundel,,,LM IB,,,SIGLA,raw document metadata,https://sigla.phis.me/,CC BY-NC-SA 4.0,P-SIGLA-2026-09-27,source_explicit,"Decoded from current local SigLA snapshot; dimensions withheld pending float validation. Site group is legacy document-label prefix heuristic, NOT source-explicit canonical site metadata."
CTX-0543,KH Wc 2021,KH,Roundel,,,LM IB,,,SIGLA,raw document metadata,https://sigla.phis.me/,CC BY-NC-SA 4.0,P-SIGLA-2026-09-27,source_explicit,"Decoded from current local SigLA snapshot; dimensions withheld pending float validation. Site group is legacy document-label prefix heuristic, NOT source-explicit canonical site metadata."
CTX-0544,KH Wc 2022,KH,Roundel,,,LM IB,,,SIGLA,raw document metadata,https://sigla.phis.me/,CC BY-NC-SA 4.0,P-SIGLA-2026-09-27,source_explicit,"Decoded from current local SigLA snapshot; dimensions withheld pending float validation. Site group is legacy document-label prefix heuristic, NOT source-explicit canonical site metadata."
CTX-0545,KH Wc 2023,KH,Roundel,,,LM IB,,,SIGLA,raw document metadata,https://sigla.phis.me/,CC BY-NC-SA 4.0,P-SIGLA-2026-09-27,source_explicit,"Decoded from current local SigLA snapshot; dimensions withheld pending float validation. Site group is legacy document-label prefix heuristic, NOT source-explicit canonical site metadata."
CTX-0546,KH Wc 2024,KH,Roundel,,,LM IB,,,SIGLA,raw document metadata,https://sigla.phis.me/,CC BY-NC-SA 4.0,P-SIGLA-2026-09-27,source_explicit,"Decoded from current local SigLA snapshot; dimensions withheld pending float validation. Site group is legacy document-label prefix heuristic, NOT source-explicit canonical site metadata."
CTX-0547,KH Wc 2025,KH,Roundel,,,LM IB,,,SIGLA,raw document metadata,https://sigla.phis.me/,CC BY-NC-SA 4.0,P-SIGLA-2026-09-27,source_explicit,"Decoded from current local SigLA snapshot; dimensions withheld pending float validation. Site group is legacy document-label prefix heuristic, NOT source-explicit canonical site metadata."
CTX-0548,KH Wc 2026,KH,Roundel,,,LM IB,,,SIGLA,raw document metadata,https://sigla.phis.me/,CC BY-NC-SA 4.0,P-SIGLA-2026-09-27,source_explicit,"Decoded from current local SigLA snapshot; dimensions withheld pending float validation. Site group is legacy document-label prefix heuristic, NOT source-explicit canonical site metadata."
CTX-0549,KH Wc 2027,KH,Roundel,,,LM IB,,,SIGLA,raw document metadata,https://sigla.phis.me/,CC BY-NC-SA 4.0,P-SIGLA-2026-09-27,source_explicit,"Decoded from current local SigLA snapshot; dimensions withheld pending float validation. Site group is legacy document-label prefix heuristic, NOT source-explicit canonical site metadata."
CTX-0550,KH Wc 2028,KH,Roundel,,,LM IB,,,SIGLA,raw document metadata,https://sigla.phis.me/,CC BY-NC-SA 4.0,P-SIGLA-2026-09-27,source_explicit,"Decoded from current local SigLA snapshot; dimensions withheld pending float validation. Site group is legacy document-label prefix heuristic, NOT source-explicit canonical site metadata."
CTX-0551,KH Wc 2029,KH,Roundel,,,LM IB,,,SIGLA,raw document metadata,https://sigla.phis.me/,CC BY-NC-SA 4.0,P-SIGLA-2026-09-27,source_explicit,"Decoded from current local SigLA snapshot; dimensions withheld pending float validation. Site group is legacy document-label prefix heuristic, NOT source-explicit canonical site metadata."
CTX-0552,KH Wc 2030,KH,Roundel,,,LM IB,,,SIGLA,raw document metadata,https://sigla.phis.me/,CC BY-NC-SA 4.0,P-SIGLA-2026-09-27,source_explicit,"Decoded from current local SigLA snapshot; dimensions withheld pending float validation. Site group is legacy document-label prefix heuristic, NOT source-explicit canonical site metadata."
CTX-0553,KH Wc 2031,KH,Roundel,,,LM IB,,,SIGLA,raw document metadata,https://sigla.phis.me/,CC BY-NC-SA 4.0,P-SIGLA-2026-09-27,source_explicit,"Decoded from current local SigLA snapshot; dimensions withheld pending float validation. Site group is legacy document-label prefix heuristic, NOT source-explicit canonical site metadata."
CTX-0554,KH Wc 2032,KH,Roundel,,,LM IB,,,SIGLA,raw document metadata,https://sigla.phis.me/,CC BY-NC-SA 4.0,P-SIGLA-2026-09-27,source_explicit,"Decoded from current local SigLA snapshot; dimensions withheld pending float validation. Site group is legacy document-label prefix heuristic, NOT source-explicit canonical site metadata."
CTX-0555,KH Wc 2033,KH,Roundel,,,LM IB,,,SIGLA,raw document metadata,https://sigla.phis.me/,CC BY-NC-SA 4.0,P-SIGLA-2026-09-27,source_explicit,"Decoded from current local SigLA snapshot; dimensions withheld pending float validation. Site group is legacy document-label prefix heuristic, NOT source-explicit canonical site metadata."
CTX-0556,KH Wc 2034,KH,Roundel,,,LM IB,,,SIGLA,raw document metadata,https://sigla.phis.me/,CC BY-NC-SA 4.0,P-SIGLA-2026-09-27,source_explicit,"Decoded from current local SigLA snapshot; dimensions withheld pending float validation. Site group is legacy document-label prefix heuristic, NOT source-explicit canonical site metadata."
CTX-0557,KH Wc 2035,KH,Roundel,,,LM IB,,,SIGLA,raw document metadata,https://sigla.phis.me/,CC BY-NC-SA 4.0,P-SIGLA-2026-09-27,source_explicit,"Decoded from current local SigLA snapshot; dimensions withheld pending float validation. Site group is legacy document-label prefix heuristic, NOT source-explicit canonical site metadata."
CTX-0558,KH Wc 2036,KH,Roundel,,,LM IB,,,SIGLA,raw document metadata,https://sigla.phis.me/,CC BY-NC-SA 4.0,P-SIGLA-2026-09-27,source_explicit,"Decoded from current local SigLA snapshot; dimensions withheld pending float validation. Site group is legacy document-label prefix heuristic, NOT source-explicit canonical site metadata."
CTX-0559,KH Wc 2037,KH,Roundel,,,LM IB,,,SIGLA,raw document metadata,https://sigla.phis.me/,CC BY-NC-SA 4.0,P-SIGLA-2026-09-27,source_explicit,"Decoded from current local SigLA snapshot; dimensions withheld pending float validation. Site group is legacy document-label prefix heuristic, NOT source-explicit canonical site metadata."
CTX-0560,KH Wc 2038,KH,Roundel,,,LM IB,,,SIGLA,raw document metadata,https://sigla.phis.me/,CC BY-NC-SA 4.0,P-SIGLA-2026-09-27,source_explicit,"Decoded from current local SigLA snapshot; dimensions withheld pending float validation. Site group is legacy document-label prefix heuristic, NOT source-explicit canonical site metadata."
CTX-0561,KH Wc 2039,KH,Roundel,,,LM IB,,,SIGLA,raw document metadata,https://sigla.phis.me/,CC BY-NC-SA 4.0,P-SIGLA-2026-09-27,source_explicit,"Decoded from current local SigLA snapshot; dimensions withheld pending float validation. Site group is legacy document-label prefix heuristic, NOT source-explicit canonical site metadata."
CTX-0562,KH Wc 2040,KH,Roundel,,,LM IB,,,SIGLA,raw document metadata,https://sigla.phis.me/,CC BY-NC-SA 4.0,P-SIGLA-2026-09-27,source_explicit,"Decoded from current local SigLA snapshot; dimensions withheld pending float validation. Site group is legacy document-label prefix heuristic, NOT source-explicit canonical site metadata."
CTX-0563,KH Wc 2041,KH,Roundel,,,LM IB,,,SIGLA,raw document metadata,https://sigla.phis.me/,CC BY-NC-SA 4.0,P-SIGLA-2026-09-27,source_explicit,"Decoded from current local SigLA snapshot; dimensions withheld pending float validation. Site group is legacy document-label prefix heuristic, NOT source-explicit canonical site metadata."
CTX-0564,KH Wc 2042,KH,Roundel,,,LM IB,,,SIGLA,raw document metadata,https://sigla.phis.me/,CC BY-NC-SA 4.0,P-SIGLA-2026-09-27,source_explicit,"Decoded from current local SigLA snapshot; dimensions withheld pending float validation. Site group is legacy document-label prefix heuristic, NOT source-explicit canonical site metadata."
CTX-0565,KH Wc 2043,KH,Roundel,,,LM IB,,,SIGLA,raw document metadata,https://sigla.phis.me/,CC BY-NC-SA 4.0,P-SIGLA-2026-09-27,source_explicit,"Decoded from current local SigLA snapshot; dimensions withheld pending float validation. Site group is legacy document-label prefix heuristic, NOT source-explicit canonical site metadata."
CTX-0566,KH Wc 2044,KH,Roundel,,,LM IB,,,SIGLA,raw document metadata,https://sigla.phis.me/,CC BY-NC-SA 4.0,P-SIGLA-2026-09-27,source_explicit,"Decoded from current local SigLA snapshot; dimensions withheld pending float validation. Site group is legacy document-label prefix heuristic, NOT source-explicit canonical site metadata."
CTX-0567,KH Wc 2045,KH,Roundel,,,LM IB,,,SIGLA,raw document metadata,https://sigla.phis.me/,CC BY-NC-SA 4.0,P-SIGLA-2026-09-27,source_explicit,"Decoded from current local SigLA snapshot; dimensions withheld pending float validation. Site group is legacy document-label prefix heuristic, NOT source-explicit canonical site metadata."
CTX-0568,KH Wc 2046,KH,Roundel,,,LM IB,,,SIGLA,raw document metadata,https://sigla.phis.me/,CC BY-NC-SA 4.0,P-SIGLA-2026-09-27,source_explicit,"Decoded from current local SigLA snapshot; dimensions withheld pending float validation. Site group is legacy document-label prefix heuristic, NOT source-explicit canonical site metadata."
CTX-0569,KH Wc 2047,KH,Roundel,,,LM IB,,,SIGLA,raw document metadata,https://sigla.phis.me/,CC BY-NC-SA 4.0,P-SIGLA-2026-09-27,source_explicit,"Decoded from current local SigLA snapshot; dimensions withheld pending float validation. Site group is legacy document-label prefix heuristic, NOT source-explicit canonical site metadata."
CTX-0570,KH Wc 2048,KH,Roundel,,,LM IB,,,SIGLA,raw document metadata,https://sigla.phis.me/,CC BY-NC-SA 4.0,P-SIGLA-2026-09-27,source_explicit,"Decoded from current local SigLA snapshot; dimensions withheld pending float validation. Site group is legacy document-label prefix heuristic, NOT source-explicit canonical site metadata."
CTX-0571,KH Wc 2049,KH,Roundel,,,LM IB,,,SIGLA,raw document metadata,https://sigla.phis.me/,CC BY-NC-SA 4.0,P-SIGLA-2026-09-27,source_explicit,"Decoded from current local SigLA snapshot; dimensions withheld pending float validation. Site group is legacy document-label prefix heuristic, NOT source-explicit canonical site metadata."
CTX-0572,KH Wc 2050,KH,Roundel,,,LM IB,,,SIGLA,raw document metadata,https://sigla.phis.me/,CC BY-NC-SA 4.0,P-SIGLA-2026-09-27,source_explicit,"Decoded from current local SigLA snapshot; dimensions withheld pending float validation. Site group is legacy document-label prefix heuristic, NOT source-explicit canonical site metadata."
CTX-0573,KH Wc 2051,KH,Roundel,,,LM IB,,,SIGLA,raw document metadata,https://sigla.phis.me/,CC BY-NC-SA 4.0,P-SIGLA-2026-09-27,source_explicit,"Decoded from current local SigLA snapshot; dimensions withheld pending float validation. Site group is legacy document-label prefix heuristic, NOT source-explicit canonical site metadata."
CTX-0574,KH Wc 2052,KH,Roundel,,,LM IB,,,SIGLA,raw document metadata,https://sigla.phis.me/,CC BY-NC-SA 4.0,P-SIGLA-2026-09-27,source_explicit,"Decoded from current local SigLA snapshot; dimensions withheld pending float validation. Site group is legacy document-label prefix heuristic, NOT source-explicit canonical site metadata."
CTX-0575,KH Wc 2053,KH,Roundel,,,LM IB,,,SIGLA,raw document metadata,https://sigla.phis.me/,CC BY-NC-SA 4.0,P-SIGLA-2026-09-27,source_explicit,"Decoded from current local SigLA snapshot; dimensions withheld pending float validation. Site group is legacy document-label prefix heuristic, NOT source-explicit canonical site metadata."
CTX-0576,KH Wc 2054,KH,Roundel,,,LM IB,,,SIGLA,raw document metadata,https://sigla.phis.me/,CC BY-NC-SA 4.0,P-SIGLA-2026-09-27,source_explicit,"Decoded from current local SigLA snapshot; dimensions withheld pending float validation. Site group is legacy document-label prefix heuristic, NOT source-explicit canonical site metadata."
CTX-0577,KH Wc 2055,KH,Roundel,,,LM IB,,,SIGLA,raw document metadata,https://sigla.phis.me/,CC BY-NC-SA 4.0,P-SIGLA-2026-09-27,source_explicit,"Decoded from current local SigLA snapshot; dimensions withheld pending float validation. Site group is legacy document-label prefix heuristic, NOT source-explicit canonical site metadata."
CTX-0578,KH Wc 2056,KH,Roundel,,,LM IB,,,SIGLA,raw document metadata,https://sigla.phis.me/,CC BY-NC-SA 4.0,P-SIGLA-2026-09-27,source_explicit,"Decoded from current local SigLA snapshot; dimensions withheld pending float validation. Site group is legacy document-label prefix heuristic, NOT source-explicit canonical site metadata."
CTX-0579,KH Wc 2057,KH,Roundel,,,LM IB,,,SIGLA,raw document metadata,https://sigla.phis.me/,CC BY-NC-SA 4.0,P-SIGLA-2026-09-27,source_explicit,"Decoded from current local SigLA snapshot; dimensions withheld pending float validation. Site group is legacy document-label prefix heuristic, NOT source-explicit canonical site metadata."
CTX-0580,KH Wc 2058,KH,Roundel,,,LM IB,,,SIGLA,raw document metadata,https://sigla.phis.me/,CC BY-NC-SA 4.0,P-SIGLA-2026-09-27,source_explicit,"Decoded from current local SigLA snapshot; dimensions withheld pending float validation. Site group is legacy document-label prefix heuristic, NOT source-explicit canonical site metadata."
CTX-0581,KH Wc 2059,KH,Roundel,,,LM IB,,,SIGLA,raw document metadata,https://sigla.phis.me/,CC BY-NC-SA 4.0,P-SIGLA-2026-09-27,source_explicit,"Decoded from current local SigLA snapshot; dimensions withheld pending float validation. Site group is legacy document-label prefix heuristic, NOT source-explicit canonical site metadata."
CTX-0582,KH Wc 2060,KH,Roundel,,,LM IB,,,SIGLA,raw document metadata,https://sigla.phis.me/,CC BY-NC-SA 4.0,P-SIGLA-2026-09-27,source_explicit,"Decoded from current local SigLA snapshot; dimensions withheld pending float validation. Site group is legacy document-label prefix heuristic, NOT source-explicit canonical site metadata."
CTX-0583,KH Wc 2061,KH,Roundel,,,LM IB,,,SIGLA,raw document metadata,https://sigla.phis.me/,CC BY-NC-SA 4.0,P-SIGLA-2026-09-27,source_explicit,"Decoded from current local SigLA snapshot; dimensions withheld pending float validation. Site group is legacy document-label prefix heuristic, NOT source-explicit canonical site metadata."
CTX-0584,KH Wc 2062,KH,Roundel,,,LM IB,,,SIGLA,raw document metadata,https://sigla.phis.me/,CC BY-NC-SA 4.0,P-SIGLA-2026-09-27,source_explicit,"Decoded from current local SigLA snapshot; dimensions withheld pending float validation. Site group is legacy document-label prefix heuristic, NOT source-explicit canonical site metadata."
CTX-0585,KH Wc 2064,KH,Roundel,,,LM IB,,,SIGLA,raw document metadata,https://sigla.phis.me/,CC BY-NC-SA 4.0,P-SIGLA-2026-09-27,source_explicit,"Decoded from current local SigLA snapshot; dimensions withheld pending float validation. Site group is legacy document-label prefix heuristic, NOT source-explicit canonical site metadata."
CTX-0586,KH Wc 2065,KH,Roundel,,,LM IB,,,SIGLA,raw document metadata,https://sigla.phis.me/,CC BY-NC-SA 4.0,P-SIGLA-2026-09-27,source_explicit,"Decoded from current local SigLA snapshot; dimensions withheld pending float validation. Site group is legacy document-label prefix heuristic, NOT source-explicit canonical site metadata."
CTX-0587,KH Wc 2066,KH,Roundel,,,LM IB,,,SIGLA,raw document metadata,https://sigla.phis.me/,CC BY-NC-SA 4.0,P-SIGLA-2026-09-27,source_explicit,"Decoded from current local SigLA snapshot; dimensions withheld pending float validation. Site group is legacy document-label prefix heuristic, NOT source-explicit canonical site metadata."
CTX-0588,KH Wc 2067,KH,Roundel,,,LM IB,,,SIGLA,raw document metadata,https://sigla.phis.me/,CC BY-NC-SA 4.0,P-SIGLA-2026-09-27,source_explicit,"Decoded from current local SigLA snapshot; dimensions withheld pending float validation. Site group is legacy document-label prefix heuristic, NOT source-explicit canonical site metadata."
CTX-0589,KH Wc 2068,KH,Roundel,,,LM IB,,,SIGLA,raw document metadata,https://sigla.phis.me/,CC BY-NC-SA 4.0,P-SIGLA-2026-09-27,source_explicit,"Decoded from current local SigLA snapshot; dimensions withheld pending float validation. Site group is legacy document-label prefix heuristic, NOT source-explicit canonical site metadata."
CTX-0590,KH Wc 2069,KH,Roundel,,,LM IB,,,SIGLA,raw document metadata,https://sigla.phis.me/,CC BY-NC-SA 4.0,P-SIGLA-2026-09-27,source_explicit,"Decoded from current local SigLA snapshot; dimensions withheld pending float validation. Site group is legacy document-label prefix heuristic, NOT source-explicit canonical site metadata."
CTX-0591,KH Wc 2070a,KH,Roundel,,,LM IB,,,SIGLA,raw document metadata,https://sigla.phis.me/,CC BY-NC-SA 4.0,P-SIGLA-2026-09-27,source_explicit,"Decoded from current local SigLA snapshot; dimensions withheld pending float validation. Site group is legacy document-label prefix heuristic, NOT source-explicit canonical site metadata."
CTX-0592,KH Wc 2070b,KH,Roundel,,,LM IB,,,SIGLA,raw document metadata,https://sigla.phis.me/,CC BY-NC-SA 4.0,P-SIGLA-2026-09-27,source_explicit,"Decoded from current local SigLA snapshot; dimensions withheld pending float validation. Site group is legacy document-label prefix heuristic, NOT source-explicit canonical site metadata."
CTX-0593,KH Wc 2084,KH,Roundel,,,LM IB,,,SIGLA,raw document metadata,https://sigla.phis.me/,CC BY-NC-SA 4.0,P-SIGLA-2026-09-27,source_explicit,"Decoded from current local SigLA snapshot; dimensions withheld pending float validation. Site group is legacy document-label prefix heuristic, NOT source-explicit canonical site metadata."
CTX-0594,KH Wc 2097,KH,Roundel,,,LM IB,,,SIGLA,raw document metadata,https://sigla.phis.me/,CC BY-NC-SA 4.0,P-SIGLA-2026-09-27,source_explicit,"Decoded from current local SigLA snapshot; dimensions withheld pending float validation. Site group is legacy document-label prefix heuristic, NOT source-explicit canonical site metadata."
CTX-0595,KH Wc 2098,KH,Roundel,,,LM IB,,,SIGLA,raw document metadata,https://sigla.phis.me/,CC BY-NC-SA 4.0,P-SIGLA-2026-09-27,source_explicit,"Decoded from current local SigLA snapshot; dimensions withheld pending float validation. Site group is legacy document-label prefix heuristic, NOT source-explicit canonical site metadata."
CTX-0596,KH Wc 2099,KH,Roundel,,,LM IB,,,SIGLA,raw document metadata,https://sigla.phis.me/,CC BY-NC-SA 4.0,P-SIGLA-2026-09-27,source_explicit,"Decoded from current local SigLA snapshot; dimensions withheld pending float validation. Site group is legacy document-label prefix heuristic, NOT source-explicit canonical site metadata."
CTX-0597,KH Wc 2100,KH,Roundel,,,LM IB,,,SIGLA,raw document metadata,https://sigla.phis.me/,CC BY-NC-SA 4.0,P-SIGLA-2026-09-27,source_explicit,"Decoded from current local SigLA snapshot; dimensions withheld pending float validation. Site group is legacy document-label prefix heuristic, NOT source-explicit canonical site metadata."
CTX-0598,KH Wc 2101,KH,Roundel,,,LM IB,,,SIGLA,raw document metadata,https://sigla.phis.me/,CC BY-NC-SA 4.0,P-SIGLA-2026-09-27,source_explicit,"Decoded from current local SigLA snapshot; dimensions withheld pending float validation. Site group is legacy document-label prefix heuristic, NOT source-explicit canonical site metadata."
CTX-0599,KH Wc 2102,KH,Roundel,,,LM IB,,,SIGLA,raw document metadata,https://sigla.phis.me/,CC BY-NC-SA 4.0,P-SIGLA-2026-09-27,source_explicit,"Decoded from current local SigLA snapshot; dimensions withheld pending float validation. Site group is legacy document-label prefix heuristic, NOT source-explicit canonical site metadata."
CTX-0600,KH Wc 2103,KH,Roundel,,,LM IB,,,SIGLA,raw document metadata,https://sigla.phis.me/,CC BY-NC-SA 4.0,P-SIGLA-2026-09-27,source_explicit,"Decoded from current local SigLA snapshot; dimensions withheld pending float validation. Site group is legacy document-label prefix heuristic, NOT source-explicit canonical site metadata."
CTX-0601,KH Wc 2104,KH,Roundel,,,LM IB,,,SIGLA,raw document metadata,https://sigla.phis.me/,CC BY-NC-SA 4.0,P-SIGLA-2026-09-27,source_explicit,"Decoded from current local SigLA snapshot; dimensions withheld pending float validation. Site group is legacy document-label prefix heuristic, NOT source-explicit canonical site metadata."
CTX-0602,KH Wc 2105,KH,Roundel,,,LM IB,,,SIGLA,raw document metadata,https://sigla.phis.me/,CC BY-NC-SA 4.0,P-SIGLA-2026-09-27,source_explicit,"Decoded from current local SigLA snapshot; dimensions withheld pending float validation. Site group is legacy document-label prefix heuristic, NOT source-explicit canonical site metadata."
CTX-0603,KH Wc 2106,KH,Roundel,,,LM IB,,,SIGLA,raw document metadata,https://sigla.phis.me/,CC BY-NC-SA 4.0,P-SIGLA-2026-09-27,source_explicit,"Decoded from current local SigLA snapshot; dimensions withheld pending float validation. Site group is legacy document-label prefix heuristic, NOT source-explicit canonical site metadata."
CTX-0604,KH Wc 2109,KH,Roundel,,,LM IB,,,SIGLA,raw document metadata,https://sigla.phis.me/,CC BY-NC-SA 4.0,P-SIGLA-2026-09-27,source_explicit,"Decoded from current local SigLA snapshot; dimensions withheld pending float validation. Site group is legacy document-label prefix heuristic, NOT source-explicit canonical site metadata."
CTX-0605,KH Wc 2110,KH,Roundel,,,LM IB,,,SIGLA,raw document metadata,https://sigla.phis.me/,CC BY-NC-SA 4.0,P-SIGLA-2026-09-27,source_explicit,"Decoded from current local SigLA snapshot; dimensions withheld pending float validation. Site group is legacy document-label prefix heuristic, NOT source-explicit canonical site metadata."
CTX-0606,KH Wc 2111,KH,Roundel,,,LM IB,,,SIGLA,raw document metadata,https://sigla.phis.me/,CC BY-NC-SA 4.0,P-SIGLA-2026-09-27,source_explicit,"Decoded from current local SigLA snapshot; dimensions withheld pending float validation. Site group is legacy document-label prefix heuristic, NOT source-explicit canonical site metadata."
CTX-0607,KH Wc 2113,KH,Roundel,,,LM IB,,,SIGLA,raw document metadata,https://sigla.phis.me/,CC BY-NC-SA 4.0,P-SIGLA-2026-09-27,source_explicit,"Decoded from current local SigLA snapshot; dimensions withheld pending float validation. Site group is legacy document-label prefix heuristic, NOT source-explicit canonical site metadata."
CTX-0608,KH Wc 2114,KH,Roundel,,,LM IB,,,SIGLA,raw document metadata,https://sigla.phis.me/,CC BY-NC-SA 4.0,P-SIGLA-2026-09-27,source_explicit,"Decoded from current local SigLA snapshot; dimensions withheld pending float validation. Site group is legacy document-label prefix heuristic, NOT source-explicit canonical site metadata."
CTX-0609,KH Wc 2115,KH,Roundel,,,LM IB,,,SIGLA,raw document metadata,https://sigla.phis.me/,CC BY-NC-SA 4.0,P-SIGLA-2026-09-27,source_explicit,"Decoded from current local SigLA snapshot; dimensions withheld pending float validation. Site group is legacy document-label prefix heuristic, NOT source-explicit canonical site metadata."
CTX-0610,KH Wc 2117a,KH,Roundel,,,LM IB,,,SIGLA,raw document metadata,https://sigla.phis.me/,CC BY-NC-SA 4.0,P-SIGLA-2026-09-27,source_explicit,"Decoded from current local SigLA snapshot; dimensions withheld pending float validation. Site group is legacy document-label prefix heuristic, NOT source-explicit canonical site metadata."
CTX-0611,KH Wc 2117b,KH,Roundel,,,LM IB,,,SIGLA,raw document metadata,https://sigla.phis.me/,CC BY-NC-SA 4.0,P-SIGLA-2026-09-27,source_explicit,"Decoded from current local SigLA snapshot; dimensions withheld pending float validation. Site group is legacy document-label prefix heuristic, NOT source-explicit canonical site metadata."
CTX-0612,KH Wc 2118,KH,Roundel,,,LM IB,,,SIGLA,raw document metadata,https://sigla.phis.me/,CC BY-NC-SA 4.0,P-SIGLA-2026-09-27,source_explicit,"Decoded from current local SigLA snapshot; dimensions withheld pending float validation. Site group is legacy document-label prefix heuristic, NOT source-explicit canonical site metadata."
CTX-0613,KN 1a,KN,Tablet,,,LM IA,,,SIGLA,raw document metadata,https://sigla.phis.me/,CC BY-NC-SA 4.0,P-SIGLA-2026-09-27,source_explicit,"Decoded from current local SigLA snapshot; dimensions withheld pending float validation. Site group is legacy document-label prefix heuristic, NOT source-explicit canonical site metadata."
CTX-0614,KN 1b,KN,Tablet,,,LM IA,,,SIGLA,raw document metadata,https://sigla.phis.me/,CC BY-NC-SA 4.0,P-SIGLA-2026-09-27,source_explicit,"Decoded from current local SigLA snapshot; dimensions withheld pending float validation. Site group is legacy document-label prefix heuristic, NOT source-explicit canonical site metadata."
CTX-0615,KN 2,KN,Tablet,,,LM IA,,,SIGLA,raw document metadata,https://sigla.phis.me/,CC BY-NC-SA 4.0,P-SIGLA-2026-09-27,source_explicit,"Decoded from current local SigLA snapshot; dimensions withheld pending float validation. Site group is legacy document-label prefix heuristic, NOT source-explicit canonical site metadata."
CTX-0616,KN 22a,KN,Tablet,,,,,,SIGLA,raw document metadata,https://sigla.phis.me/,CC BY-NC-SA 4.0,P-SIGLA-2026-09-27,source_explicit,"Decoded from current local SigLA snapshot; dimensions withheld pending float validation. Site group is legacy document-label prefix heuristic, NOT source-explicit canonical site metadata."
CTX-0617,KN 22b,KN,Tablet,,,,,,SIGLA,raw document metadata,https://sigla.phis.me/,CC BY-NC-SA 4.0,P-SIGLA-2026-09-27,source_explicit,"Decoded from current local SigLA snapshot; dimensions withheld pending float validation. Site group is legacy document-label prefix heuristic, NOT source-explicit canonical site metadata."
CTX-0618,KN 22c,KN,Tablet,,,LM IA,,,SIGLA,raw document metadata,https://sigla.phis.me/,CC BY-NC-SA 4.0,P-SIGLA-2026-09-27,source_explicit,"Decoded from current local SigLA snapshot; dimensions withheld pending float validation. Site group is legacy document-label prefix heuristic, NOT source-explicit canonical site metadata."
CTX-0619,KN 28a,KN,Tablet,,,LM IA,,,SIGLA,raw document metadata,https://sigla.phis.me/,CC BY-NC-SA 4.0,P-SIGLA-2026-09-27,source_explicit,"Decoded from current local SigLA snapshot; dimensions withheld pending float validation. Site group is legacy document-label prefix heuristic, NOT source-explicit canonical site metadata."
CTX-0620,KN 28b,KN,Tablet,,,LM IA,,,SIGLA,raw document metadata,https://sigla.phis.me/,CC BY-NC-SA 4.0,P-SIGLA-2026-09-27,source_explicit,"Decoded from current local SigLA snapshot; dimensions withheld pending float validation. Site group is legacy document-label prefix heuristic, NOT source-explicit canonical site metadata."
CTX-0621,KN 32a,KN,Tablet,,,,,,SIGLA,raw document metadata,https://sigla.phis.me/,CC BY-NC-SA 4.0,P-SIGLA-2026-09-27,source_explicit,"Decoded from current local SigLA snapshot; dimensions withheld pending float validation. Site group is legacy document-label prefix heuristic, NOT source-explicit canonical site metadata."
CTX-0622,KN 32b,KN,Tablet,,,,,,SIGLA,raw document metadata,https://sigla.phis.me/,CC BY-NC-SA 4.0,P-SIGLA-2026-09-27,source_explicit,"Decoded from current local SigLA snapshot; dimensions withheld pending float validation. Site group is legacy document-label prefix heuristic, NOT source-explicit canonical site metadata."
CTX-0623,KN 49,KN,Tablet,,,MM IIA,,,SIGLA,raw document metadata,https://sigla.phis.me/,CC BY-NC-SA 4.0,P-SIGLA-2026-09-27,source_explicit,"Decoded from current local SigLA snapshot; dimensions withheld pending float validation. Site group is legacy document-label prefix heuristic, NOT source-explicit canonical site metadata."
CTX-0624,KN 54,KN,Tablet,,,n/a,,,SIGLA,raw document metadata,https://sigla.phis.me/,CC BY-NC-SA 4.0,P-SIGLA-2026-09-27,source_explicit,"Decoded from current local SigLA snapshot; dimensions withheld pending float validation. Site group is legacy document-label prefix heuristic, NOT source-explicit canonical site metadata."
CTX-0625,KN Wb 33a,KN,Sealing,,,MM IIIB,,,SIGLA,raw document metadata,https://sigla.phis.me/,CC BY-NC-SA 4.0,P-SIGLA-2026-09-27,source_explicit,"Decoded from current local SigLA snapshot; dimensions withheld pending float validation. Site group is legacy document-label prefix heuristic, NOT source-explicit canonical site metadata."
CTX-0626,KN Wb 33b,KN,Sealing,,,MM IIIB,,,SIGLA,raw document metadata,https://sigla.phis.me/,CC BY-NC-SA 4.0,P-SIGLA-2026-09-27,source_explicit,"Decoded from current local SigLA snapshot; dimensions withheld pending float validation. Site group is legacy document-label prefix heuristic, NOT source-explicit canonical site metadata."
CTX-0627,KN Wc 26a,KN,Roundel,,,,,,SIGLA,raw document metadata,https://sigla.phis.me/,CC BY-NC-SA 4.0,P-SIGLA-2026-09-27,source_explicit,"Decoded from current local SigLA snapshot; dimensions withheld pending float validation. Site group is legacy document-label prefix heuristic, NOT source-explicit canonical site metadata."
CTX-0628,KN Wc 26b,KN,Roundel,,,,,,SIGLA,raw document metadata,https://sigla.phis.me/,CC BY-NC-SA 4.0,P-SIGLA-2026-09-27,source_explicit,"Decoded from current local SigLA snapshot; dimensions withheld pending float validation. Site group is legacy document-label prefix heuristic, NOT source-explicit canonical site metadata."
CTX-0629,KN Wc 29,KN,Roundel,,,MM IIIB,,,SIGLA,raw document metadata,https://sigla.phis.me/,CC BY-NC-SA 4.0,P-SIGLA-2026-09-27,source_explicit,"Decoded from current local SigLA snapshot; dimensions withheld pending float validation. Site group is legacy document-label prefix heuristic, NOT source-explicit canonical site metadata."
CTX-0630,KN Wc 3,KN,Roundel,,,MM IIIB,,,SIGLA,raw document metadata,https://sigla.phis.me/,CC BY-NC-SA 4.0,P-SIGLA-2026-09-27,source_explicit,"Decoded from current local SigLA snapshot; dimensions withheld pending float validation. Site group is legacy document-label prefix heuristic, NOT source-explicit canonical site metadata."
CTX-0631,KN Wc 30,KN,Roundel,,,MM IIIB,,,SIGLA,raw document metadata,https://sigla.phis.me/,CC BY-NC-SA 4.0,P-SIGLA-2026-09-27,source_explicit,"Decoded from current local SigLA snapshot; dimensions withheld pending float validation. Site group is legacy document-label prefix heuristic, NOT source-explicit canonical site metadata."
CTX-0632,KN Wc <24a>,KN,Roundel,,,,,,SIGLA,raw document metadata,https://sigla.phis.me/,CC BY-NC-SA 4.0,P-SIGLA-2026-09-27,source_explicit,"Decoded from current local SigLA snapshot; dimensions withheld pending float validation. Site group is legacy document-label prefix heuristic, NOT source-explicit canonical site metadata."
CTX-0633,KN Wc <24b>,KN,Roundel,,,,,,SIGLA,raw document metadata,https://sigla.phis.me/,CC BY-NC-SA 4.0,P-SIGLA-2026-09-27,source_explicit,"Decoded from current local SigLA snapshot; dimensions withheld pending float validation. Site group is legacy document-label prefix heuristic, NOT source-explicit canonical site metadata."
CTX-0634,KN Wc <25>,KN,Roundel,,,,,,SIGLA,raw document metadata,https://sigla.phis.me/,CC BY-NC-SA 4.0,P-SIGLA-2026-09-27,source_explicit,"Decoded from current local SigLA snapshot; dimensions withheld pending float validation. Site group is legacy document-label prefix heuristic, NOT source-explicit canonical site metadata."
CTX-0635,KN Za 10a,KN,Libation Table,,,LM IA,,,SIGLA,raw document metadata,https://sigla.phis.me/,CC BY-NC-SA 4.0,P-SIGLA-2026-09-27,source_explicit,"Decoded from current local SigLA snapshot; dimensions withheld pending float validation. Site group is legacy document-label prefix heuristic, NOT source-explicit canonical site metadata."
CTX-0636,KN Za 10b,KN,Libation Table,,,LM IA,,,SIGLA,raw document metadata,https://sigla.phis.me/,CC BY-NC-SA 4.0,P-SIGLA-2026-09-27,source_explicit,"Decoded from current local SigLA snapshot; dimensions withheld pending float validation. Site group is legacy document-label prefix heuristic, NOT source-explicit canonical site metadata."
CTX-0637,KN Za 17,KN,Libation Table,,,LM IA?,,,SIGLA,raw document metadata,https://sigla.phis.me/,CC BY-NC-SA 4.0,P-SIGLA-2026-09-27,source_explicit,"Decoded from current local SigLA snapshot; dimensions withheld pending float validation. Site group is legacy document-label prefix heuristic, NOT source-explicit canonical site metadata."
CTX-0638,KN Za 18,KN,Libation Table,,,LM IA?,,,SIGLA,raw document metadata,https://sigla.phis.me/,CC BY-NC-SA 4.0,P-SIGLA-2026-09-27,source_explicit,"Decoded from current local SigLA snapshot; dimensions withheld pending float validation. Site group is legacy document-label prefix heuristic, NOT source-explicit canonical site metadata."
CTX-0639,KN Zb 20,KN,Sherd,,,LM IA,,,SIGLA,raw document metadata,https://sigla.phis.me/,CC BY-NC-SA 4.0,P-SIGLA-2026-09-27,source_explicit,"Decoded from current local SigLA snapshot; dimensions withheld pending float validation. Site group is legacy document-label prefix heuristic, NOT source-explicit canonical site metadata."
CTX-0640,KN Zb 34,KN,Pithos,,,LM IA,,,SIGLA,raw document metadata,https://sigla.phis.me/,CC BY-NC-SA 4.0,P-SIGLA-2026-09-27,source_explicit,"Decoded from current local SigLA snapshot; dimensions withheld pending float validation. Site group is legacy document-label prefix heuristic, NOT source-explicit canonical site metadata."
CTX-0641,KN Zb 35,KN,Pithos,,,MM III,,,SIGLA,raw document metadata,https://sigla.phis.me/,CC BY-NC-SA 4.0,P-SIGLA-2026-09-27,source_explicit,"Decoded from current local SigLA snapshot; dimensions withheld pending float validation. Site group is legacy document-label prefix heuristic, NOT source-explicit canonical site metadata."
CTX-0642,KN Zb 4,KN,Sherd,,,,,,SIGLA,raw document metadata,https://sigla.phis.me/,CC BY-NC-SA 4.0,P-SIGLA-2026-09-27,source_explicit,"Decoded from current local SigLA snapshot; dimensions withheld pending float validation. Site group is legacy document-label prefix heuristic, NOT source-explicit canonical site metadata."
CTX-0643,KN Zb 40,KN,Pithoid jar,,,LM II,,,SIGLA,raw document metadata,https://sigla.phis.me/,CC BY-NC-SA 4.0,P-SIGLA-2026-09-27,source_explicit,"Decoded from current local SigLA snapshot; dimensions withheld pending float validation. Site group is legacy document-label prefix heuristic, NOT source-explicit canonical site metadata."
CTX-0644,KN Zb 5,KN,Clay vase,,,MM IIIB,,,SIGLA,raw document metadata,https://sigla.phis.me/,CC BY-NC-SA 4.0,P-SIGLA-2026-09-27,source_explicit,"Decoded from current local SigLA snapshot; dimensions withheld pending float validation. Site group is legacy document-label prefix heuristic, NOT source-explicit canonical site metadata."
CTX-0645,KN Zc 6,KN,Cup,,,MM III?,,,SIGLA,raw document metadata,https://sigla.phis.me/,CC BY-NC-SA 4.0,P-SIGLA-2026-09-27,source_explicit,"Decoded from current local SigLA snapshot; dimensions withheld pending float validation. Site group is legacy document-label prefix heuristic, NOT source-explicit canonical site metadata."
CTX-0646,KN Zc 7,KN,Cup,,,MM III?,,,SIGLA,raw document metadata,https://sigla.phis.me/,CC BY-NC-SA 4.0,P-SIGLA-2026-09-27,source_explicit,"Decoded from current local SigLA snapshot; dimensions withheld pending float validation. Site group is legacy document-label prefix heuristic, NOT source-explicit canonical site metadata."
CTX-0647,KN Ze 16,KN,Architecture,,,LM II,,,SIGLA,raw document metadata,https://sigla.phis.me/,CC BY-NC-SA 4.0,P-SIGLA-2026-09-27,source_explicit,"Decoded from current local SigLA snapshot; dimensions withheld pending float validation. Site group is legacy document-label prefix heuristic, NOT source-explicit canonical site metadata."
CTX-0648,KN Zf 13,KN,Jewellery,,,MM III-LM IA,,,SIGLA,raw document metadata,https://sigla.phis.me/,CC BY-NC-SA 4.0,P-SIGLA-2026-09-27,source_explicit,"Decoded from current local SigLA snapshot; dimensions withheld pending float validation. Site group is legacy document-label prefix heuristic, NOT source-explicit canonical site metadata."
CTX-0649,KN Zg <21>,KN,Stone weight,,,LM IA,,,SIGLA,raw document metadata,https://sigla.phis.me/,CC BY-NC-SA 4.0,P-SIGLA-2026-09-27,source_explicit,"Decoded from current local SigLA snapshot; dimensions withheld pending float validation. Site group is legacy document-label prefix heuristic, NOT source-explicit canonical site metadata."
CTX-0650,KY Zg 1,KY,Clay weight,,,,,,SIGLA,raw document metadata,https://sigla.phis.me/,CC BY-NC-SA 4.0,P-SIGLA-2026-09-27,source_explicit,"Decoded from current local SigLA snapshot; dimensions withheld pending float validation. Site group is legacy document-label prefix heuristic, NOT source-explicit canonical site metadata."
CTX-0651,MA 10a,MA,Tablet,,,MM IIIB,,,SIGLA,raw document metadata,https://sigla.phis.me/,CC BY-NC-SA 4.0,P-SIGLA-2026-09-27,source_explicit,"Decoded from current local SigLA snapshot; dimensions withheld pending float validation. Site group is legacy document-label prefix heuristic, NOT source-explicit canonical site metadata."
CTX-0652,MA 10b,MA,Tablet,,,MM IIIB,,,SIGLA,raw document metadata,https://sigla.phis.me/,CC BY-NC-SA 4.0,P-SIGLA-2026-09-27,source_explicit,"Decoded from current local SigLA snapshot; dimensions withheld pending float validation. Site group is legacy document-label prefix heuristic, NOT source-explicit canonical site metadata."
CTX-0653,MA 10c,MA,Tablet,,,MM IIIB,,,SIGLA,raw document metadata,https://sigla.phis.me/,CC BY-NC-SA 4.0,P-SIGLA-2026-09-27,source_explicit,"Decoded from current local SigLA snapshot; dimensions withheld pending float validation. Site group is legacy document-label prefix heuristic, NOT source-explicit canonical site metadata."
CTX-0654,MA 10d,MA,Tablet,,,MM IIIB,,,SIGLA,raw document metadata,https://sigla.phis.me/,CC BY-NC-SA 4.0,P-SIGLA-2026-09-27,source_explicit,"Decoded from current local SigLA snapshot; dimensions withheld pending float validation. Site group is legacy document-label prefix heuristic, NOT source-explicit canonical site metadata."
CTX-0655,MA 1a,MA,Tablet,,,MM IIIB,,,SIGLA,raw document metadata,https://sigla.phis.me/,CC BY-NC-SA 4.0,P-SIGLA-2026-09-27,source_explicit,"Decoded from current local SigLA snapshot; dimensions withheld pending float validation. Site group is legacy document-label prefix heuristic, NOT source-explicit canonical site metadata."
CTX-0656,MA 1b,MA,Tablet,,,MM IIIB,,,SIGLA,raw document metadata,https://sigla.phis.me/,CC BY-NC-SA 4.0,P-SIGLA-2026-09-27,source_explicit,"Decoded from current local SigLA snapshot; dimensions withheld pending float validation. Site group is legacy document-label prefix heuristic, NOT source-explicit canonical site metadata."
CTX-0657,MA 1c,MA,Tablet,,,MM IIIB,,,SIGLA,raw document metadata,https://sigla.phis.me/,CC BY-NC-SA 4.0,P-SIGLA-2026-09-27,source_explicit,"Decoded from current local SigLA snapshot; dimensions withheld pending float validation. Site group is legacy document-label prefix heuristic, NOT source-explicit canonical site metadata."
CTX-0658,MA 2a,MA,Tablet,,,MM IIIB,,,SIGLA,raw document metadata,https://sigla.phis.me/,CC BY-NC-SA 4.0,P-SIGLA-2026-09-27,source_explicit,"Decoded from current local SigLA snapshot; dimensions withheld pending float validation. Site group is legacy document-label prefix heuristic, NOT source-explicit canonical site metadata."
CTX-0659,MA 2b,MA,Tablet,,,MM IIIB,,,SIGLA,raw document metadata,https://sigla.phis.me/,CC BY-NC-SA 4.0,P-SIGLA-2026-09-27,source_explicit,"Decoded from current local SigLA snapshot; dimensions withheld pending float validation. Site group is legacy document-label prefix heuristic, NOT source-explicit canonical site metadata."
CTX-0660,MA 2c,MA,Tablet,,,MM IIIB,,,SIGLA,raw document metadata,https://sigla.phis.me/,CC BY-NC-SA 4.0,P-SIGLA-2026-09-27,source_explicit,"Decoded from current local SigLA snapshot; dimensions withheld pending float validation. Site group is legacy document-label prefix heuristic, NOT source-explicit canonical site metadata."
CTX-0661,MA 4a,MA,Tablet,,,MM IIIB,,,SIGLA,raw document metadata,https://sigla.phis.me/,CC BY-NC-SA 4.0,P-SIGLA-2026-09-27,source_explicit,"Decoded from current local SigLA snapshot; dimensions withheld pending float validation. Site group is legacy document-label prefix heuristic, NOT source-explicit canonical site metadata."
CTX-0662,MA 4b,MA,Tablet,,,MM IIIB,,,SIGLA,raw document metadata,https://sigla.phis.me/,CC BY-NC-SA 4.0,P-SIGLA-2026-09-27,source_explicit,"Decoded from current local SigLA snapshot; dimensions withheld pending float validation. Site group is legacy document-label prefix heuristic, NOT source-explicit canonical site metadata."
CTX-0663,MA 6a,MA,Tablet,,,MM IIIB,,,SIGLA,raw document metadata,https://sigla.phis.me/,CC BY-NC-SA 4.0,P-SIGLA-2026-09-27,source_explicit,"Decoded from current local SigLA snapshot; dimensions withheld pending float validation. Site group is legacy document-label prefix heuristic, NOT source-explicit canonical site metadata."
CTX-0664,MA 6b,MA,Tablet,,,MM IIIB,,,SIGLA,raw document metadata,https://sigla.phis.me/,CC BY-NC-SA 4.0,P-SIGLA-2026-09-27,source_explicit,"Decoded from current local SigLA snapshot; dimensions withheld pending float validation. Site group is legacy document-label prefix heuristic, NOT source-explicit canonical site metadata."
CTX-0665,MA 6c,MA,Tablet,,,MM IIIB,,,SIGLA,raw document metadata,https://sigla.phis.me/,CC BY-NC-SA 4.0,P-SIGLA-2026-09-27,source_explicit,"Decoded from current local SigLA snapshot; dimensions withheld pending float validation. Site group is legacy document-label prefix heuristic, NOT source-explicit canonical site metadata."
CTX-0666,MA 6d,MA,Tablet,,,MM IIIB,,,SIGLA,raw document metadata,https://sigla.phis.me/,CC BY-NC-SA 4.0,P-SIGLA-2026-09-27,source_explicit,"Decoded from current local SigLA snapshot; dimensions withheld pending float validation. Site group is legacy document-label prefix heuristic, NOT source-explicit canonical site metadata."
CTX-0667,MA 9,MA,Tablet,,,MM IIIB,,,SIGLA,raw document metadata,https://sigla.phis.me/,CC BY-NC-SA 4.0,P-SIGLA-2026-09-27,source_explicit,"Decoded from current local SigLA snapshot; dimensions withheld pending float validation. Site group is legacy document-label prefix heuristic, NOT source-explicit canonical site metadata."
CTX-0668,MA Wc 7,MA,Roundel,,,MM IIIB,,,SIGLA,raw document metadata,https://sigla.phis.me/,CC BY-NC-SA 4.0,P-SIGLA-2026-09-27,source_explicit,"Decoded from current local SigLA snapshot; dimensions withheld pending float validation. Site group is legacy document-label prefix heuristic, NOT source-explicit canonical site metadata."
CTX-0669,MA Wc <5a>,MA,Roundel,,,unknown,,,SIGLA,raw document metadata,https://sigla.phis.me/,CC BY-NC-SA 4.0,P-SIGLA-2026-09-27,source_explicit,"Decoded from current local SigLA snapshot; dimensions withheld pending float validation. Site group is legacy document-label prefix heuristic, NOT source-explicit canonical site metadata."
CTX-0670,MA Wc <5b>,MA,Roundel,,,unknown,,,SIGLA,raw document metadata,https://sigla.phis.me/,CC BY-NC-SA 4.0,P-SIGLA-2026-09-27,source_explicit,"Decoded from current local SigLA snapshot; dimensions withheld pending float validation. Site group is legacy document-label prefix heuristic, NOT source-explicit canonical site metadata."
CTX-0671,MI 2,MI,Tablet,,,LM I,,,SIGLA,raw document metadata,https://sigla.phis.me/,CC BY-NC-SA 4.0,P-SIGLA-2026-09-27,source_explicit,"Decoded from current local SigLA snapshot; dimensions withheld pending float validation. Site group is legacy document-label prefix heuristic, NOT source-explicit canonical site metadata."
CTX-0672,MY Zf 2,MY,Metal engraving,,,,,,SIGLA,raw document metadata,https://sigla.phis.me/,CC BY-NC-SA 4.0,P-SIGLA-2026-09-27,source_explicit,"Decoded from current local SigLA snapshot; dimensions withheld pending float validation. Site group is legacy document-label prefix heuristic, NOT source-explicit canonical site metadata."
CTX-0673,PA 1,PA,Tablet,,,LM IB,,,SIGLA,raw document metadata,https://sigla.phis.me/,CC BY-NC-SA 4.0,P-SIGLA-2026-09-27,source_explicit,"Decoded from current local SigLA snapshot; dimensions withheld pending float validation. Site group is legacy document-label prefix heuristic, NOT source-explicit canonical site metadata."
CTX-0674,PE 1,PE,Tablet,,,LM IB,,,SIGLA,raw document metadata,https://sigla.phis.me/,CC BY-NC-SA 4.0,P-SIGLA-2026-09-27,source_explicit,"Decoded from current local SigLA snapshot; dimensions withheld pending float validation. Site group is legacy document-label prefix heuristic, NOT source-explicit canonical site metadata."
CTX-0675,PE 2,PE,Tablet,,,LM IB,,,SIGLA,raw document metadata,https://sigla.phis.me/,CC BY-NC-SA 4.0,P-SIGLA-2026-09-27,source_explicit,"Decoded from current local SigLA snapshot; dimensions withheld pending float validation. Site group is legacy document-label prefix heuristic, NOT source-explicit canonical site metadata."
CTX-0676,PE 6,PE,Tablet,,,MM III,,,SIGLA,raw document metadata,https://sigla.phis.me/,CC BY-NC-SA 4.0,P-SIGLA-2026-09-27,source_explicit,"Decoded from current local SigLA snapshot; dimensions withheld pending float validation. Site group is legacy document-label prefix heuristic, NOT source-explicit canonical site metadata."
CTX-0677,PH 10,PH,Tablet,,,MM IIB,,,SIGLA,raw document metadata,https://sigla.phis.me/,CC BY-NC-SA 4.0,P-SIGLA-2026-09-27,source_explicit,"Decoded from current local SigLA snapshot; dimensions withheld pending float validation. Site group is legacy document-label prefix heuristic, NOT source-explicit canonical site metadata."
CTX-0678,PH 12a,PH,Tablet,,,MM IIB,,,SIGLA,raw document metadata,https://sigla.phis.me/,CC BY-NC-SA 4.0,P-SIGLA-2026-09-27,source_explicit,"Decoded from current local SigLA snapshot; dimensions withheld pending float validation. Site group is legacy document-label prefix heuristic, NOT source-explicit canonical site metadata."
CTX-0679,PH 12b,PH,Tablet,,,MM IIB,,,SIGLA,raw document metadata,https://sigla.phis.me/,CC BY-NC-SA 4.0,P-SIGLA-2026-09-27,source_explicit,"Decoded from current local SigLA snapshot; dimensions withheld pending float validation. Site group is legacy document-label prefix heuristic, NOT source-explicit canonical site metadata."
CTX-0680,PH 12c,PH,Tablet,,,MM IIB,,,SIGLA,raw document metadata,https://sigla.phis.me/,CC BY-NC-SA 4.0,P-SIGLA-2026-09-27,source_explicit,"Decoded from current local SigLA snapshot; dimensions withheld pending float validation. Site group is legacy document-label prefix heuristic, NOT source-explicit canonical site metadata."
CTX-0681,PH 13a,PH,Tablet,,,MM IIB,,,SIGLA,raw document metadata,https://sigla.phis.me/,CC BY-NC-SA 4.0,P-SIGLA-2026-09-27,source_explicit,"Decoded from current local SigLA snapshot; dimensions withheld pending float validation. Site group is legacy document-label prefix heuristic, NOT source-explicit canonical site metadata."
CTX-0682,PH 13b,PH,Tablet,,,MM IIB,,,SIGLA,raw document metadata,https://sigla.phis.me/,CC BY-NC-SA 4.0,P-SIGLA-2026-09-27,source_explicit,"Decoded from current local SigLA snapshot; dimensions withheld pending float validation. Site group is legacy document-label prefix heuristic, NOT source-explicit canonical site metadata."
CTX-0683,PH 13c,PH,Tablet,,,MM IIB,,,SIGLA,raw document metadata,https://sigla.phis.me/,CC BY-NC-SA 4.0,P-SIGLA-2026-09-27,source_explicit,"Decoded from current local SigLA snapshot; dimensions withheld pending float validation. Site group is legacy document-label prefix heuristic, NOT source-explicit canonical site metadata."
CTX-0684,PH 14a,PH,Tablet,,,MM IIB,,,SIGLA,raw document metadata,https://sigla.phis.me/,CC BY-NC-SA 4.0,P-SIGLA-2026-09-27,source_explicit,"Decoded from current local SigLA snapshot; dimensions withheld pending float validation. Site group is legacy document-label prefix heuristic, NOT source-explicit canonical site metadata."
CTX-0685,PH 14b,PH,Tablet,,,MM IIB,,,SIGLA,raw document metadata,https://sigla.phis.me/,CC BY-NC-SA 4.0,P-SIGLA-2026-09-27,source_explicit,"Decoded from current local SigLA snapshot; dimensions withheld pending float validation. Site group is legacy document-label prefix heuristic, NOT source-explicit canonical site metadata."
CTX-0686,PH 15a,PH,Tablet,,,MM IIB,,,SIGLA,raw document metadata,https://sigla.phis.me/,CC BY-NC-SA 4.0,P-SIGLA-2026-09-27,source_explicit,"Decoded from current local SigLA snapshot; dimensions withheld pending float validation. Site group is legacy document-label prefix heuristic, NOT source-explicit canonical site metadata."
CTX-0687,PH 15b,PH,Tablet,,,MM IIB,,,SIGLA,raw document metadata,https://sigla.phis.me/,CC BY-NC-SA 4.0,P-SIGLA-2026-09-27,source_explicit,"Decoded from current local SigLA snapshot; dimensions withheld pending float validation. Site group is legacy document-label prefix heuristic, NOT source-explicit canonical site metadata."
CTX-0688,PH 16a,PH,Tablet,,,MM IIB,,,SIGLA,raw document metadata,https://sigla.phis.me/,CC BY-NC-SA 4.0,P-SIGLA-2026-09-27,source_explicit,"Decoded from current local SigLA snapshot; dimensions withheld pending float validation. Site group is legacy document-label prefix heuristic, NOT source-explicit canonical site metadata."
CTX-0689,PH 16b,PH,Tablet,,,MM IIB,,,SIGLA,raw document metadata,https://sigla.phis.me/,CC BY-NC-SA 4.0,P-SIGLA-2026-09-27,source_explicit,"Decoded from current local SigLA snapshot; dimensions withheld pending float validation. Site group is legacy document-label prefix heuristic, NOT source-explicit canonical site metadata."
CTX-0690,PH 17a,PH,Tablet,,,MM IIB,,,SIGLA,raw document metadata,https://sigla.phis.me/,CC BY-NC-SA 4.0,P-SIGLA-2026-09-27,source_explicit,"Decoded from current local SigLA snapshot; dimensions withheld pending float validation. Site group is legacy document-label prefix heuristic, NOT source-explicit canonical site metadata."
CTX-0691,PH 17b,PH,Tablet,,,MM IIB,,,SIGLA,raw document metadata,https://sigla.phis.me/,CC BY-NC-SA 4.0,P-SIGLA-2026-09-27,source_explicit,"Decoded from current local SigLA snapshot; dimensions withheld pending float validation. Site group is legacy document-label prefix heuristic, NOT source-explicit canonical site metadata."
CTX-0692,PH 18a,PH,Tablet,,,MM IIB,,,SIGLA,raw document metadata,https://sigla.phis.me/,CC BY-NC-SA 4.0,P-SIGLA-2026-09-27,source_explicit,"Decoded from current local SigLA snapshot; dimensions withheld pending float validation. Site group is legacy document-label prefix heuristic, NOT source-explicit canonical site metadata."
CTX-0693,PH 18b,PH,Tablet,,,MM IIB,,,SIGLA,raw document metadata,https://sigla.phis.me/,CC BY-NC-SA 4.0,P-SIGLA-2026-09-27,source_explicit,"Decoded from current local SigLA snapshot; dimensions withheld pending float validation. Site group is legacy document-label prefix heuristic, NOT source-explicit canonical site metadata."
CTX-0694,PH 19,PH,Tablet,,,MM IIB,,,SIGLA,raw document metadata,https://sigla.phis.me/,CC BY-NC-SA 4.0,P-SIGLA-2026-09-27,source_explicit,"Decoded from current local SigLA snapshot; dimensions withheld pending float validation. Site group is legacy document-label prefix heuristic, NOT source-explicit canonical site metadata."
CTX-0695,PH 1a,PH,Tablet,,,MM IIIB,,,SIGLA,raw document metadata,https://sigla.phis.me/,CC BY-NC-SA 4.0,P-SIGLA-2026-09-27,source_explicit,"Decoded from current local SigLA snapshot; dimensions withheld pending float validation. Site group is legacy document-label prefix heuristic, NOT source-explicit canonical site metadata."
CTX-0696,PH 1b,PH,Tablet,,,MM IIIB,,,SIGLA,raw document metadata,https://sigla.phis.me/,CC BY-NC-SA 4.0,P-SIGLA-2026-09-27,source_explicit,"Decoded from current local SigLA snapshot; dimensions withheld pending float validation. Site group is legacy document-label prefix heuristic, NOT source-explicit canonical site metadata."
CTX-0697,PH 2,PH,Tablet,,,,,,SIGLA,raw document metadata,https://sigla.phis.me/,CC BY-NC-SA 4.0,P-SIGLA-2026-09-27,source_explicit,"Decoded from current local SigLA snapshot; dimensions withheld pending float validation. Site group is legacy document-label prefix heuristic, NOT source-explicit canonical site metadata."
CTX-0698,PH 22a,PH,Tablet,,,MM IIB,,,SIGLA,raw document metadata,https://sigla.phis.me/,CC BY-NC-SA 4.0,P-SIGLA-2026-09-27,source_explicit,"Decoded from current local SigLA snapshot; dimensions withheld pending float validation. Site group is legacy document-label prefix heuristic, NOT source-explicit canonical site metadata."
CTX-0699,PH 22b,PH,Tablet,,,MM IIB,,,SIGLA,raw document metadata,https://sigla.phis.me/,CC BY-NC-SA 4.0,P-SIGLA-2026-09-27,source_explicit,"Decoded from current local SigLA snapshot; dimensions withheld pending float validation. Site group is legacy document-label prefix heuristic, NOT source-explicit canonical site metadata."
CTX-0700,PH 24,PH,Label,,,MM IIB,,,SIGLA,raw document metadata,https://sigla.phis.me/,CC BY-NC-SA 4.0,P-SIGLA-2026-09-27,source_explicit,"Decoded from current local SigLA snapshot; dimensions withheld pending float validation. Site group is legacy document-label prefix heuristic, NOT source-explicit canonical site metadata."
CTX-0701,PH 25,PH,Tablet,,,MM IIB,,,SIGLA,raw document metadata,https://sigla.phis.me/,CC BY-NC-SA 4.0,P-SIGLA-2026-09-27,source_explicit,"Decoded from current local SigLA snapshot; dimensions withheld pending float validation. Site group is legacy document-label prefix heuristic, NOT source-explicit canonical site metadata."
CTX-0702,PH 26,PH,Tablet,,,MM IIB,,,SIGLA,raw document metadata,https://sigla.phis.me/,CC BY-NC-SA 4.0,P-SIGLA-2026-09-27,source_explicit,"Decoded from current local SigLA snapshot; dimensions withheld pending float validation. Site group is legacy document-label prefix heuristic, NOT source-explicit canonical site metadata."
CTX-0703,PH 27,PH,Tablet,,,MM IIB,,,SIGLA,raw document metadata,https://sigla.phis.me/,CC BY-NC-SA 4.0,P-SIGLA-2026-09-27,source_explicit,"Decoded from current local SigLA snapshot; dimensions withheld pending float validation. Site group is legacy document-label prefix heuristic, NOT source-explicit canonical site metadata."
CTX-0704,PH 28a,PH,Tablet,,,MM IIB,,,SIGLA,raw document metadata,https://sigla.phis.me/,CC BY-NC-SA 4.0,P-SIGLA-2026-09-27,source_explicit,"Decoded from current local SigLA snapshot; dimensions withheld pending float validation. Site group is legacy document-label prefix heuristic, NOT source-explicit canonical site metadata."
CTX-0705,PH 28b,PH,Tablet,,,MM IIB,,,SIGLA,raw document metadata,https://sigla.phis.me/,CC BY-NC-SA 4.0,P-SIGLA-2026-09-27,source_explicit,"Decoded from current local SigLA snapshot; dimensions withheld pending float validation. Site group is legacy document-label prefix heuristic, NOT source-explicit canonical site metadata."
CTX-0706,PH 29a,PH,Tablet,,,,,,SIGLA,raw document metadata,https://sigla.phis.me/,CC BY-NC-SA 4.0,P-SIGLA-2026-09-27,source_explicit,"Decoded from current local SigLA snapshot; dimensions withheld pending float validation. Site group is legacy document-label prefix heuristic, NOT source-explicit canonical site metadata."
CTX-0707,PH 29b,PH,Tablet,,,,,,SIGLA,raw document metadata,https://sigla.phis.me/,CC BY-NC-SA 4.0,P-SIGLA-2026-09-27,source_explicit,"Decoded from current local SigLA snapshot; dimensions withheld pending float validation. Site group is legacy document-label prefix heuristic, NOT source-explicit canonical site metadata."
CTX-0708,PH 30,PH,Tablet,,,MM IIB,,,SIGLA,raw document metadata,https://sigla.phis.me/,CC BY-NC-SA 4.0,P-SIGLA-2026-09-27,source_explicit,"Decoded from current local SigLA snapshot; dimensions withheld pending float validation. Site group is legacy document-label prefix heuristic, NOT source-explicit canonical site metadata."
CTX-0709,PH 31a,PH,Tablet,,,,,,SIGLA,raw document metadata,https://sigla.phis.me/,CC BY-NC-SA 4.0,P-SIGLA-2026-09-27,source_explicit,"Decoded from current local SigLA snapshot; dimensions withheld pending float validation. Site group is legacy document-label prefix heuristic, NOT source-explicit canonical site metadata."
CTX-0710,PH 31b,PH,Tablet,,,,,,SIGLA,raw document metadata,https://sigla.phis.me/,CC BY-NC-SA 4.0,P-SIGLA-2026-09-27,source_explicit,"Decoded from current local SigLA snapshot; dimensions withheld pending float validation. Site group is legacy document-label prefix heuristic, NOT source-explicit canonical site metadata."
CTX-0711,PH 3a,PH,Tablet,,,MM IIIB,,,SIGLA,raw document metadata,https://sigla.phis.me/,CC BY-NC-SA 4.0,P-SIGLA-2026-09-27,source_explicit,"Decoded from current local SigLA snapshot; dimensions withheld pending float validation. Site group is legacy document-label prefix heuristic, NOT source-explicit canonical site metadata."
CTX-0712,PH 3b,PH,Tablet,,,MM IIIB,,,SIGLA,raw document metadata,https://sigla.phis.me/,CC BY-NC-SA 4.0,P-SIGLA-2026-09-27,source_explicit,"Decoded from current local SigLA snapshot; dimensions withheld pending float validation. Site group is legacy document-label prefix heuristic, NOT source-explicit canonical site metadata."
CTX-0713,PH 54,PH,Tablet,,,MM IIIA,,,SIGLA,raw document metadata,https://sigla.phis.me/,CC BY-NC-SA 4.0,P-SIGLA-2026-09-27,source_explicit,"Decoded from current local SigLA snapshot; dimensions withheld pending float validation. Site group is legacy document-label prefix heuristic, NOT source-explicit canonical site metadata."
CTX-0714,PH 6,PH,Tablet,,,MM IIB,,,SIGLA,raw document metadata,https://sigla.phis.me/,CC BY-NC-SA 4.0,P-SIGLA-2026-09-27,source_explicit,"Decoded from current local SigLA snapshot; dimensions withheld pending float validation. Site group is legacy document-label prefix heuristic, NOT source-explicit canonical site metadata."
CTX-0715,PH 7a,PH,Tablet,,,MM IIB,,,SIGLA,raw document metadata,https://sigla.phis.me/,CC BY-NC-SA 4.0,P-SIGLA-2026-09-27,source_explicit,"Decoded from current local SigLA snapshot; dimensions withheld pending float validation. Site group is legacy document-label prefix heuristic, NOT source-explicit canonical site metadata."
CTX-0716,PH 7b,PH,Tablet,,,MM IIB,,,SIGLA,raw document metadata,https://sigla.phis.me/,CC BY-NC-SA 4.0,P-SIGLA-2026-09-27,source_explicit,"Decoded from current local SigLA snapshot; dimensions withheld pending float validation. Site group is legacy document-label prefix heuristic, NOT source-explicit canonical site metadata."
CTX-0717,PH 8a,PH,Tablet,,,MM IIB,,,SIGLA,raw document metadata,https://sigla.phis.me/,CC BY-NC-SA 4.0,P-SIGLA-2026-09-27,source_explicit,"Decoded from current local SigLA snapshot; dimensions withheld pending float validation. Site group is legacy document-label prefix heuristic, NOT source-explicit canonical site metadata."
CTX-0718,PH 8b,PH,Tablet,,,MM IIB,,,SIGLA,raw document metadata,https://sigla.phis.me/,CC BY-NC-SA 4.0,P-SIGLA-2026-09-27,source_explicit,"Decoded from current local SigLA snapshot; dimensions withheld pending float validation. Site group is legacy document-label prefix heuristic, NOT source-explicit canonical site metadata."
CTX-0719,PH 9a,PH,Tablet,,,MM IIB,,,SIGLA,raw document metadata,https://sigla.phis.me/,CC BY-NC-SA 4.0,P-SIGLA-2026-09-27,source_explicit,"Decoded from current local SigLA snapshot; dimensions withheld pending float validation. Site group is legacy document-label prefix heuristic, NOT source-explicit canonical site metadata."
CTX-0720,PH 9b,PH,Tablet,,,MM IIB,,,SIGLA,raw document metadata,https://sigla.phis.me/,CC BY-NC-SA 4.0,P-SIGLA-2026-09-27,source_explicit,"Decoded from current local SigLA snapshot; dimensions withheld pending float validation. Site group is legacy document-label prefix heuristic, NOT source-explicit canonical site metadata."
CTX-0721,PH Wa 32,PH,Nodule,,,MM III,,,SIGLA,raw document metadata,https://sigla.phis.me/,CC BY-NC-SA 4.0,P-SIGLA-2026-09-27,source_explicit,"Decoded from current local SigLA snapshot; dimensions withheld pending float validation. Site group is legacy document-label prefix heuristic, NOT source-explicit canonical site metadata."
CTX-0722,PH Wb 33a,PH,Sealing,,,MM II,,,SIGLA,raw document metadata,https://sigla.phis.me/,CC BY-NC-SA 4.0,P-SIGLA-2026-09-27,source_explicit,"Decoded from current local SigLA snapshot; dimensions withheld pending float validation. Site group is legacy document-label prefix heuristic, NOT source-explicit canonical site metadata."
CTX-0723,PH Wb 33b,PH,Sealing,,,MM II,,,SIGLA,raw document metadata,https://sigla.phis.me/,CC BY-NC-SA 4.0,P-SIGLA-2026-09-27,source_explicit,"Decoded from current local SigLA snapshot; dimensions withheld pending float validation. Site group is legacy document-label prefix heuristic, NOT source-explicit canonical site metadata."
CTX-0724,PH Wb 34,PH,Sealing,,,MM II,,,SIGLA,raw document metadata,https://sigla.phis.me/,CC BY-NC-SA 4.0,P-SIGLA-2026-09-27,source_explicit,"Decoded from current local SigLA snapshot; dimensions withheld pending float validation. Site group is legacy document-label prefix heuristic, NOT source-explicit canonical site metadata."
CTX-0725,PH Wb 35,PH,Sealing,,,MM II,,,SIGLA,raw document metadata,https://sigla.phis.me/,CC BY-NC-SA 4.0,P-SIGLA-2026-09-27,source_explicit,"Decoded from current local SigLA snapshot; dimensions withheld pending float validation. Site group is legacy document-label prefix heuristic, NOT source-explicit canonical site metadata."
CTX-0726,PH Wb 36,PH,Sealing,,,MM II,,,SIGLA,raw document metadata,https://sigla.phis.me/,CC BY-NC-SA 4.0,P-SIGLA-2026-09-27,source_explicit,"Decoded from current local SigLA snapshot; dimensions withheld pending float validation. Site group is legacy document-label prefix heuristic, NOT source-explicit canonical site metadata."
CTX-0727,PH Wc 37a,PH,Roundel,,,MM II,,,SIGLA,raw document metadata,https://sigla.phis.me/,CC BY-NC-SA 4.0,P-SIGLA-2026-09-27,source_explicit,"Decoded from current local SigLA snapshot; dimensions withheld pending float validation. Site group is legacy document-label prefix heuristic, NOT source-explicit canonical site metadata."
CTX-0728,PH Wc 37b,PH,Roundel,,,MM II,,,SIGLA,raw document metadata,https://sigla.phis.me/,CC BY-NC-SA 4.0,P-SIGLA-2026-09-27,source_explicit,"Decoded from current local SigLA snapshot; dimensions withheld pending float validation. Site group is legacy document-label prefix heuristic, NOT source-explicit canonical site metadata."
CTX-0729,PH Wc 38,PH,Roundel,,,MM II,,,SIGLA,raw document metadata,https://sigla.phis.me/,CC BY-NC-SA 4.0,P-SIGLA-2026-09-27,source_explicit,"Decoded from current local SigLA snapshot; dimensions withheld pending float validation. Site group is legacy document-label prefix heuristic, NOT source-explicit canonical site metadata."
CTX-0730,PH Wc 39a,PH,Roundel,,,MM II,,,SIGLA,raw document metadata,https://sigla.phis.me/,CC BY-NC-SA 4.0,P-SIGLA-2026-09-27,source_explicit,"Decoded from current local SigLA snapshot; dimensions withheld pending float validation. Site group is legacy document-label prefix heuristic, NOT source-explicit canonical site metadata."
CTX-0731,PH Wc 39b,PH,Roundel,,,MM II,,,SIGLA,raw document metadata,https://sigla.phis.me/,CC BY-NC-SA 4.0,P-SIGLA-2026-09-27,source_explicit,"Decoded from current local SigLA snapshot; dimensions withheld pending float validation. Site group is legacy document-label prefix heuristic, NOT source-explicit canonical site metadata."
CTX-0732,PH Wc 40a,PH,Roundel,,,MM II,,,SIGLA,raw document metadata,https://sigla.phis.me/,CC BY-NC-SA 4.0,P-SIGLA-2026-09-27,source_explicit,"Decoded from current local SigLA snapshot; dimensions withheld pending float validation. Site group is legacy document-label prefix heuristic, NOT source-explicit canonical site metadata."
CTX-0733,PH Wc 40b,PH,Roundel,,,MM II,,,SIGLA,raw document metadata,https://sigla.phis.me/,CC BY-NC-SA 4.0,P-SIGLA-2026-09-27,source_explicit,"Decoded from current local SigLA snapshot; dimensions withheld pending float validation. Site group is legacy document-label prefix heuristic, NOT source-explicit canonical site metadata."
CTX-0734,PH Wc 41,PH,Roundel,,,MM II,,,SIGLA,raw document metadata,https://sigla.phis.me/,CC BY-NC-SA 4.0,P-SIGLA-2026-09-27,source_explicit,"Decoded from current local SigLA snapshot; dimensions withheld pending float validation. Site group is legacy document-label prefix heuristic, NOT source-explicit canonical site metadata."
CTX-0735,PH Wc 42,PH,Roundel,,,MM II,,,SIGLA,raw document metadata,https://sigla.phis.me/,CC BY-NC-SA 4.0,P-SIGLA-2026-09-27,source_explicit,"Decoded from current local SigLA snapshot; dimensions withheld pending float validation. Site group is legacy document-label prefix heuristic, NOT source-explicit canonical site metadata."
CTX-0736,PH Wc 43,PH,Roundel,,,MM II,,,SIGLA,raw document metadata,https://sigla.phis.me/,CC BY-NC-SA 4.0,P-SIGLA-2026-09-27,source_explicit,"Decoded from current local SigLA snapshot; dimensions withheld pending float validation. Site group is legacy document-label prefix heuristic, NOT source-explicit canonical site metadata."
CTX-0737,PH Wc 44,PH,Roundel,,,MM II,,,SIGLA,raw document metadata,https://sigla.phis.me/,CC BY-NC-SA 4.0,P-SIGLA-2026-09-27,source_explicit,"Decoded from current local SigLA snapshot; dimensions withheld pending float validation. Site group is legacy document-label prefix heuristic, NOT source-explicit canonical site metadata."
CTX-0738,PH Wc 45,PH,Roundel,,,MM II,,,SIGLA,raw document metadata,https://sigla.phis.me/,CC BY-NC-SA 4.0,P-SIGLA-2026-09-27,source_explicit,"Decoded from current local SigLA snapshot; dimensions withheld pending float validation. Site group is legacy document-label prefix heuristic, NOT source-explicit canonical site metadata."
CTX-0739,PH Wc 46,PH,Roundel,,,MM II,,,SIGLA,raw document metadata,https://sigla.phis.me/,CC BY-NC-SA 4.0,P-SIGLA-2026-09-27,source_explicit,"Decoded from current local SigLA snapshot; dimensions withheld pending float validation. Site group is legacy document-label prefix heuristic, NOT source-explicit canonical site metadata."
CTX-0740,PH Wc <47>,PH,Roundel,,,MM II,,,SIGLA,raw document metadata,https://sigla.phis.me/,CC BY-NC-SA 4.0,P-SIGLA-2026-09-27,source_explicit,"Decoded from current local SigLA snapshot; dimensions withheld pending float validation. Site group is legacy document-label prefix heuristic, NOT source-explicit canonical site metadata."
CTX-0741,PK 1a,PK,Tablet,,,LM I,,,SIGLA,raw document metadata,https://sigla.phis.me/,CC BY-NC-SA 4.0,P-SIGLA-2026-09-27,source_explicit,"Decoded from current local SigLA snapshot; dimensions withheld pending float validation. Site group is legacy document-label prefix heuristic, NOT source-explicit canonical site metadata."
CTX-0742,PK 1b,PK,Tablet,,,LM I,,,SIGLA,raw document metadata,https://sigla.phis.me/,CC BY-NC-SA 4.0,P-SIGLA-2026-09-27,source_explicit,"Decoded from current local SigLA snapshot; dimensions withheld pending float validation. Site group is legacy document-label prefix heuristic, NOT source-explicit canonical site metadata."
CTX-0743,PS Za 2,PS,Libation table,,,,,,SIGLA,raw document metadata,https://sigla.phis.me/,CC BY-NC-SA 4.0,P-SIGLA-2026-09-27,source_explicit,"Decoded from current local SigLA snapshot; dimensions withheld pending float validation. Site group is legacy document-label prefix heuristic, NOT source-explicit canonical site metadata."
CTX-0744,PYR 1,PYR,Tablet,,,,,,SIGLA,raw document metadata,https://sigla.phis.me/,CC BY-NC-SA 4.0,P-SIGLA-2026-09-27,source_explicit,"Decoded from current local SigLA snapshot; dimensions withheld pending float validation. Site group is legacy document-label prefix heuristic, NOT source-explicit canonical site metadata."
CTX-0745,PYR 2,PYR,Tablet,,,,,,SIGLA,raw document metadata,https://sigla.phis.me/,CC BY-NC-SA 4.0,P-SIGLA-2026-09-27,source_explicit,"Decoded from current local SigLA snapshot; dimensions withheld pending float validation. Site group is legacy document-label prefix heuristic, NOT source-explicit canonical site metadata."
CTX-0746,SY Za 4,SY,Libation table,,,,,,SIGLA,raw document metadata,https://sigla.phis.me/,CC BY-NC-SA 4.0,P-SIGLA-2026-09-27,source_explicit,"Decoded from current local SigLA snapshot; dimensions withheld pending float validation. Site group is legacy document-label prefix heuristic, NOT source-explicit canonical site metadata."
CTX-0747,THE 10,THE,Tablet,,,LM IA,,,SIGLA,raw document metadata,https://sigla.phis.me/,CC BY-NC-SA 4.0,P-SIGLA-2026-09-27,source_explicit,"Decoded from current local SigLA snapshot; dimensions withheld pending float validation. Site group is legacy document-label prefix heuristic, NOT source-explicit canonical site metadata."
CTX-0748,THE 11,THE,Tablet,,,LM IA,,,SIGLA,raw document metadata,https://sigla.phis.me/,CC BY-NC-SA 4.0,P-SIGLA-2026-09-27,source_explicit,"Decoded from current local SigLA snapshot; dimensions withheld pending float validation. Site group is legacy document-label prefix heuristic, NOT source-explicit canonical site metadata."
CTX-0749,THE 12,THE,Tablet,,,LM IA,,,SIGLA,raw document metadata,https://sigla.phis.me/,CC BY-NC-SA 4.0,P-SIGLA-2026-09-27,source_explicit,"Decoded from current local SigLA snapshot; dimensions withheld pending float validation. Site group is legacy document-label prefix heuristic, NOT source-explicit canonical site metadata."
CTX-0750,THE 7a,THE,Tablet,,,LM IA,,,SIGLA,raw document metadata,https://sigla.phis.me/,CC BY-NC-SA 4.0,P-SIGLA-2026-09-27,source_explicit,"Decoded from current local SigLA snapshot; dimensions withheld pending float validation. Site group is legacy document-label prefix heuristic, NOT source-explicit canonical site metadata."
CTX-0751,THE 7b,THE,Tablet,,,LM IA,,,SIGLA,raw document metadata,https://sigla.phis.me/,CC BY-NC-SA 4.0,P-SIGLA-2026-09-27,source_explicit,"Decoded from current local SigLA snapshot; dimensions withheld pending float validation. Site group is legacy document-label prefix heuristic, NOT source-explicit canonical site metadata."
CTX-0752,THE 8,THE,Tablet,,,LM IA,,,SIGLA,raw document metadata,https://sigla.phis.me/,CC BY-NC-SA 4.0,P-SIGLA-2026-09-27,source_explicit,"Decoded from current local SigLA snapshot; dimensions withheld pending float validation. Site group is legacy document-label prefix heuristic, NOT source-explicit canonical site metadata."
CTX-0753,THE 9,THE,Tablet,,,LM IA,,,SIGLA,raw document metadata,https://sigla.phis.me/,CC BY-NC-SA 4.0,P-SIGLA-2026-09-27,source_explicit,"Decoded from current local SigLA snapshot; dimensions withheld pending float validation. Site group is legacy document-label prefix heuristic, NOT source-explicit canonical site metadata."
CTX-0754,TY 2,TY,Tablet,,,LM IB,,,SIGLA,raw document metadata,https://sigla.phis.me/,CC BY-NC-SA 4.0,P-SIGLA-2026-09-27,source_explicit,"Decoded from current local SigLA snapshot; dimensions withheld pending float validation. Site group is legacy document-label prefix heuristic, NOT source-explicit canonical site metadata."
CTX-0755,TY 3a,TY,Tablet,,,LM IB,,,SIGLA,raw document metadata,https://sigla.phis.me/,CC BY-NC-SA 4.0,P-SIGLA-2026-09-27,source_explicit,"Decoded from current local SigLA snapshot; dimensions withheld pending float validation. Site group is legacy document-label prefix heuristic, NOT source-explicit canonical site metadata."
CTX-0756,TY 3b,TY,Tablet,,,LM IB,,,SIGLA,raw document metadata,https://sigla.phis.me/,CC BY-NC-SA 4.0,P-SIGLA-2026-09-27,source_explicit,"Decoded from current local SigLA snapshot; dimensions withheld pending float validation. Site group is legacy document-label prefix heuristic, NOT source-explicit canonical site metadata."
CTX-0757,ZA 10a,ZA,Tablet,,,LM IB,,,SIGLA,raw document metadata,https://sigla.phis.me/,CC BY-NC-SA 4.0,P-SIGLA-2026-09-27,source_explicit,"Decoded from current local SigLA snapshot; dimensions withheld pending float validation. Site group is legacy document-label prefix heuristic, NOT source-explicit canonical site metadata."
CTX-0758,ZA 10b,ZA,Tablet,,,LM IB,,,SIGLA,raw document metadata,https://sigla.phis.me/,CC BY-NC-SA 4.0,P-SIGLA-2026-09-27,source_explicit,"Decoded from current local SigLA snapshot; dimensions withheld pending float validation. Site group is legacy document-label prefix heuristic, NOT source-explicit canonical site metadata."
CTX-0759,ZA 11a,ZA,Tablet,,,LM IB,,,SIGLA,raw document metadata,https://sigla.phis.me/,CC BY-NC-SA 4.0,P-SIGLA-2026-09-27,source_explicit,"Decoded from current local SigLA snapshot; dimensions withheld pending float validation. Site group is legacy document-label prefix heuristic, NOT source-explicit canonical site metadata."
CTX-0760,ZA 11b,ZA,Tablet,,,LM IB,,,SIGLA,raw document metadata,https://sigla.phis.me/,CC BY-NC-SA 4.0,P-SIGLA-2026-09-27,source_explicit,"Decoded from current local SigLA snapshot; dimensions withheld pending float validation. Site group is legacy document-label prefix heuristic, NOT source-explicit canonical site metadata."
CTX-0761,ZA 12a,ZA,Tablet,,,LM IB,,,SIGLA,raw document metadata,https://sigla.phis.me/,CC BY-NC-SA 4.0,P-SIGLA-2026-09-27,source_explicit,"Decoded from current local SigLA snapshot; dimensions withheld pending float validation. Site group is legacy document-label prefix heuristic, NOT source-explicit canonical site metadata."
CTX-0762,ZA 12b,ZA,Tablet,,,LM IB,,,SIGLA,raw document metadata,https://sigla.phis.me/,CC BY-NC-SA 4.0,P-SIGLA-2026-09-27,source_explicit,"Decoded from current local SigLA snapshot; dimensions withheld pending float validation. Site group is legacy document-label prefix heuristic, NOT source-explicit canonical site metadata."
CTX-0763,ZA 13,ZA,Tablet,,,LM IB,,,SIGLA,raw document metadata,https://sigla.phis.me/,CC BY-NC-SA 4.0,P-SIGLA-2026-09-27,source_explicit,"Decoded from current local SigLA snapshot; dimensions withheld pending float validation. Site group is legacy document-label prefix heuristic, NOT source-explicit canonical site metadata."
CTX-0764,ZA 14,ZA,Tablet,,,LM IB,,,SIGLA,raw document metadata,https://sigla.phis.me/,CC BY-NC-SA 4.0,P-SIGLA-2026-09-27,source_explicit,"Decoded from current local SigLA snapshot; dimensions withheld pending float validation. Site group is legacy document-label prefix heuristic, NOT source-explicit canonical site metadata."
CTX-0765,ZA 15a,ZA,Tablet,,,LM IB,,,SIGLA,raw document metadata,https://sigla.phis.me/,CC BY-NC-SA 4.0,P-SIGLA-2026-09-27,source_explicit,"Decoded from current local SigLA snapshot; dimensions withheld pending float validation. Site group is legacy document-label prefix heuristic, NOT source-explicit canonical site metadata."
CTX-0766,ZA 15b,ZA,Tablet,,,LM IB,,,SIGLA,raw document metadata,https://sigla.phis.me/,CC BY-NC-SA 4.0,P-SIGLA-2026-09-27,source_explicit,"Decoded from current local SigLA snapshot; dimensions withheld pending float validation. Site group is legacy document-label prefix heuristic, NOT source-explicit canonical site metadata."
CTX-0767,ZA 16,ZA,Tablet,,,LM IB,,,SIGLA,raw document metadata,https://sigla.phis.me/,CC BY-NC-SA 4.0,P-SIGLA-2026-09-27,source_explicit,"Decoded from current local SigLA snapshot; dimensions withheld pending float validation. Site group is legacy document-label prefix heuristic, NOT source-explicit canonical site metadata."
CTX-0768,ZA 18a,ZA,Tablet,,,LM IB,,,SIGLA,raw document metadata,https://sigla.phis.me/,CC BY-NC-SA 4.0,P-SIGLA-2026-09-27,source_explicit,"Decoded from current local SigLA snapshot; dimensions withheld pending float validation. Site group is legacy document-label prefix heuristic, NOT source-explicit canonical site metadata."
CTX-0769,ZA 18b,ZA,Tablet,,,LM IB,,,SIGLA,raw document metadata,https://sigla.phis.me/,CC BY-NC-SA 4.0,P-SIGLA-2026-09-27,source_explicit,"Decoded from current local SigLA snapshot; dimensions withheld pending float validation. Site group is legacy document-label prefix heuristic, NOT source-explicit canonical site metadata."
CTX-0770,ZA 19,ZA,Tablet,,,LM IB,,,SIGLA,raw document metadata,https://sigla.phis.me/,CC BY-NC-SA 4.0,P-SIGLA-2026-09-27,source_explicit,"Decoded from current local SigLA snapshot; dimensions withheld pending float validation. Site group is legacy document-label prefix heuristic, NOT source-explicit canonical site metadata."
CTX-0771,ZA 1a,ZA,Tablet,,,LM I general,,,SIGLA,raw document metadata,https://sigla.phis.me/,CC BY-NC-SA 4.0,P-SIGLA-2026-09-27,source_explicit,"Decoded from current local SigLA snapshot; dimensions withheld pending float validation. Site group is legacy document-label prefix heuristic, NOT source-explicit canonical site metadata."
CTX-0772,ZA 1b,ZA,Tablet,,,LM I general,,,SIGLA,raw document metadata,https://sigla.phis.me/,CC BY-NC-SA 4.0,P-SIGLA-2026-09-27,source_explicit,"Decoded from current local SigLA snapshot; dimensions withheld pending float validation. Site group is legacy document-label prefix heuristic, NOT source-explicit canonical site metadata."
CTX-0773,ZA 20,ZA,Tablet,,,LM IB,,,SIGLA,raw document metadata,https://sigla.phis.me/,CC BY-NC-SA 4.0,P-SIGLA-2026-09-27,source_explicit,"Decoded from current local SigLA snapshot; dimensions withheld pending float validation. Site group is legacy document-label prefix heuristic, NOT source-explicit canonical site metadata."
CTX-0774,ZA 21a,ZA,Tablet,,,LM IB,,,SIGLA,raw document metadata,https://sigla.phis.me/,CC BY-NC-SA 4.0,P-SIGLA-2026-09-27,source_explicit,"Decoded from current local SigLA snapshot; dimensions withheld pending float validation. Site group is legacy document-label prefix heuristic, NOT source-explicit canonical site metadata."
CTX-0775,ZA 21b,ZA,Tablet,,,LM IB,,,SIGLA,raw document metadata,https://sigla.phis.me/,CC BY-NC-SA 4.0,P-SIGLA-2026-09-27,source_explicit,"Decoded from current local SigLA snapshot; dimensions withheld pending float validation. Site group is legacy document-label prefix heuristic, NOT source-explicit canonical site metadata."
CTX-0776,ZA 22,ZA,Tablet,,,LM IB,,,SIGLA,raw document metadata,https://sigla.phis.me/,CC BY-NC-SA 4.0,P-SIGLA-2026-09-27,source_explicit,"Decoded from current local SigLA snapshot; dimensions withheld pending float validation. Site group is legacy document-label prefix heuristic, NOT source-explicit canonical site metadata."
CTX-0777,ZA 23,ZA,Tablet,,,LM IB,,,SIGLA,raw document metadata,https://sigla.phis.me/,CC BY-NC-SA 4.0,P-SIGLA-2026-09-27,source_explicit,"Decoded from current local SigLA snapshot; dimensions withheld pending float validation. Site group is legacy document-label prefix heuristic, NOT source-explicit canonical site metadata."
CTX-0778,ZA 24a,ZA,Tablet,,,LM IB,,,SIGLA,raw document metadata,https://sigla.phis.me/,CC BY-NC-SA 4.0,P-SIGLA-2026-09-27,source_explicit,"Decoded from current local SigLA snapshot; dimensions withheld pending float validation. Site group is legacy document-label prefix heuristic, NOT source-explicit canonical site metadata."
CTX-0779,ZA 24b,ZA,Tablet,,,LM IB,,,SIGLA,raw document metadata,https://sigla.phis.me/,CC BY-NC-SA 4.0,P-SIGLA-2026-09-27,source_explicit,"Decoded from current local SigLA snapshot; dimensions withheld pending float validation. Site group is legacy document-label prefix heuristic, NOT source-explicit canonical site metadata."
CTX-0780,ZA 25,ZA,Tablet,,,LM IB,,,SIGLA,raw document metadata,https://sigla.phis.me/,CC BY-NC-SA 4.0,P-SIGLA-2026-09-27,source_explicit,"Decoded from current local SigLA snapshot; dimensions withheld pending float validation. Site group is legacy document-label prefix heuristic, NOT source-explicit canonical site metadata."
CTX-0781,ZA 26a,ZA,Tablet,,,LM IB,,,SIGLA,raw document metadata,https://sigla.phis.me/,CC BY-NC-SA 4.0,P-SIGLA-2026-09-27,source_explicit,"Decoded from current local SigLA snapshot; dimensions withheld pending float validation. Site group is legacy document-label prefix heuristic, NOT source-explicit canonical site metadata."
CTX-0782,ZA 26b,ZA,Tablet,,,LM IB,,,SIGLA,raw document metadata,https://sigla.phis.me/,CC BY-NC-SA 4.0,P-SIGLA-2026-09-27,source_explicit,"Decoded from current local SigLA snapshot; dimensions withheld pending float validation. Site group is legacy document-label prefix heuristic, NOT source-explicit canonical site metadata."
CTX-0783,ZA 27,ZA,Tablet,,,LM IB,,,SIGLA,raw document metadata,https://sigla.phis.me/,CC BY-NC-SA 4.0,P-SIGLA-2026-09-27,source_explicit,"Decoded from current local SigLA snapshot; dimensions withheld pending float validation. Site group is legacy document-label prefix heuristic, NOT source-explicit canonical site metadata."
CTX-0784,ZA 28,ZA,Tablet,,,LM IB,,,SIGLA,raw document metadata,https://sigla.phis.me/,CC BY-NC-SA 4.0,P-SIGLA-2026-09-27,source_explicit,"Decoded from current local SigLA snapshot; dimensions withheld pending float validation. Site group is legacy document-label prefix heuristic, NOT source-explicit canonical site metadata."
CTX-0785,ZA 29,ZA,Tablet,,,LM IB,,,SIGLA,raw document metadata,https://sigla.phis.me/,CC BY-NC-SA 4.0,P-SIGLA-2026-09-27,source_explicit,"Decoded from current local SigLA snapshot; dimensions withheld pending float validation. Site group is legacy document-label prefix heuristic, NOT source-explicit canonical site metadata."
CTX-0786,ZA 30,ZA,Tablet,,,LM IB,,,SIGLA,raw document metadata,https://sigla.phis.me/,CC BY-NC-SA 4.0,P-SIGLA-2026-09-27,source_explicit,"Decoded from current local SigLA snapshot; dimensions withheld pending float validation. Site group is legacy document-label prefix heuristic, NOT source-explicit canonical site metadata."
CTX-0787,ZA 31,ZA,Tablet,,,LM IB,,,SIGLA,raw document metadata,https://sigla.phis.me/,CC BY-NC-SA 4.0,P-SIGLA-2026-09-27,source_explicit,"Decoded from current local SigLA snapshot; dimensions withheld pending float validation. Site group is legacy document-label prefix heuristic, NOT source-explicit canonical site metadata."
CTX-0788,ZA 32,ZA,Tablet,,,LM IB,,,SIGLA,raw document metadata,https://sigla.phis.me/,CC BY-NC-SA 4.0,P-SIGLA-2026-09-27,source_explicit,"Decoded from current local SigLA snapshot; dimensions withheld pending float validation. Site group is legacy document-label prefix heuristic, NOT source-explicit canonical site metadata."
CTX-0789,ZA 33,ZA,Tablet,,,LM IB,,,SIGLA,raw document metadata,https://sigla.phis.me/,CC BY-NC-SA 4.0,P-SIGLA-2026-09-27,source_explicit,"Decoded from current local SigLA snapshot; dimensions withheld pending float validation. Site group is legacy document-label prefix heuristic, NOT source-explicit canonical site metadata."
CTX-0790,ZA 4a,ZA,Tablet,,,LM IB,,,SIGLA,raw document metadata,https://sigla.phis.me/,CC BY-NC-SA 4.0,P-SIGLA-2026-09-27,source_explicit,"Decoded from current local SigLA snapshot; dimensions withheld pending float validation. Site group is legacy document-label prefix heuristic, NOT source-explicit canonical site metadata."
CTX-0791,ZA 4b,ZA,Tablet,,,LM IB,,,SIGLA,raw document metadata,https://sigla.phis.me/,CC BY-NC-SA 4.0,P-SIGLA-2026-09-27,source_explicit,"Decoded from current local SigLA snapshot; dimensions withheld pending float validation. Site group is legacy document-label prefix heuristic, NOT source-explicit canonical site metadata."
CTX-0792,ZA 5a,ZA,Tablet,,,LM IB,,,SIGLA,raw document metadata,https://sigla.phis.me/,CC BY-NC-SA 4.0,P-SIGLA-2026-09-27,source_explicit,"Decoded from current local SigLA snapshot; dimensions withheld pending float validation. Site group is legacy document-label prefix heuristic, NOT source-explicit canonical site metadata."
CTX-0793,ZA 5b,ZA,Tablet,,,LM IB,,,SIGLA,raw document metadata,https://sigla.phis.me/,CC BY-NC-SA 4.0,P-SIGLA-2026-09-27,source_explicit,"Decoded from current local SigLA snapshot; dimensions withheld pending float validation. Site group is legacy document-label prefix heuristic, NOT source-explicit canonical site metadata."
CTX-0794,ZA 6a,ZA,Tablet,,,LM IB,,,SIGLA,raw document metadata,https://sigla.phis.me/,CC BY-NC-SA 4.0,P-SIGLA-2026-09-27,source_explicit,"Decoded from current local SigLA snapshot; dimensions withheld pending float validation. Site group is legacy document-label prefix heuristic, NOT source-explicit canonical site metadata."
CTX-0795,ZA 6b,ZA,Tablet,,,LM IB,,,SIGLA,raw document metadata,https://sigla.phis.me/,CC BY-NC-SA 4.0,P-SIGLA-2026-09-27,source_explicit,"Decoded from current local SigLA snapshot; dimensions withheld pending float validation. Site group is legacy document-label prefix heuristic, NOT source-explicit canonical site metadata."
CTX-0796,ZA 7a,ZA,Tablet,,,LM IB,,,SIGLA,raw document metadata,https://sigla.phis.me/,CC BY-NC-SA 4.0,P-SIGLA-2026-09-27,source_explicit,"Decoded from current local SigLA snapshot; dimensions withheld pending float validation. Site group is legacy document-label prefix heuristic, NOT source-explicit canonical site metadata."
CTX-0797,ZA 7b,ZA,Tablet,,,LM IB,,,SIGLA,raw document metadata,https://sigla.phis.me/,CC BY-NC-SA 4.0,P-SIGLA-2026-09-27,source_explicit,"Decoded from current local SigLA snapshot; dimensions withheld pending float validation. Site group is legacy document-label prefix heuristic, NOT source-explicit canonical site metadata."
CTX-0798,ZA 8,ZA,Tablet,,,LM IB,,,SIGLA,raw document metadata,https://sigla.phis.me/,CC BY-NC-SA 4.0,P-SIGLA-2026-09-27,source_explicit,"Decoded from current local SigLA snapshot; dimensions withheld pending float validation. Site group is legacy document-label prefix heuristic, NOT source-explicit canonical site metadata."
CTX-0799,ZA 9,ZA,Tablet,,,LM IB,,,SIGLA,raw document metadata,https://sigla.phis.me/,CC BY-NC-SA 4.0,P-SIGLA-2026-09-27,source_explicit,"Decoded from current local SigLA snapshot; dimensions withheld pending float validation. Site group is legacy document-label prefix heuristic, NOT source-explicit canonical site metadata."
CTX-0800,ZA Wc 2,ZA,Roundel,,,LM IB,,,SIGLA,raw document metadata,https://sigla.phis.me/,CC BY-NC-SA 4.0,P-SIGLA-2026-09-27,source_explicit,"Decoded from current local SigLA snapshot; dimensions withheld pending float validation. Site group is legacy document-label prefix heuristic, NOT source-explicit canonical site metadata."
CTX-0801,`KE Wc 2a,,Roundel,,,MM III,,,SIGLA,raw document metadata,https://sigla.phis.me/,CC BY-NC-SA 4.0,P-SIGLA-2026-09-27,source_explicit,"Decoded from current local SigLA snapshot; dimensions withheld pending float validation. Site group is legacy document-label prefix heuristic, NOT source-explicit canonical site metadata."
CTX-0802,`KE Wc 2b,,Roundel,,,MM III,,,SIGLA,raw document metadata,https://sigla.phis.me/,CC BY-NC-SA 4.0,P-SIGLA-2026-09-27,source_explicit,"Decoded from current local SigLA snapshot; dimensions withheld pending float validation. Site group is legacy document-label prefix heuristic, NOT source-explicit canonical site metadata."
