word_id,document_id,word_index,occurrence_numbers,sign_sequence,length,has_duplicate_occurrence,source_id,source_license,provenance_id,status,notes
SW-000001,ARKH 1a,0,1;2,AB059 AB039,2,False,SIGLA,CC BY-NC-SA 4.0,P-SIGLA-2026-09-27,source_defined_word,"Directly decoded from SigLA document word list; duplicate memberships retained, not corrected."
SW-000002,ARKH 1a,1,4,AB067,1,False,SIGLA,CC BY-NC-SA 4.0,P-SIGLA-2026-09-27,source_defined_word,"Directly decoded from SigLA document word list; duplicate memberships retained, not corrected."
SW-000003,ARKH 1a,2,5;6,AB008 AB060,2,False,SIGLA,CC BY-NC-SA 4.0,P-SIGLA-2026-09-27,source_defined_word,"Directly decoded from SigLA document word list; duplicate memberships retained, not corrected."
SW-000004,ARKH 1a,3,7;8;9;10,AB008 AB058 AB073 AB118,4,False,SIGLA,CC BY-NC-SA 4.0,P-SIGLA-2026-09-27,source_defined_word,"Directly decoded from SigLA document word list; duplicate memberships retained, not corrected."
SW-000005,ARKH 1a,4,12;13,AB008 AB003,2,False,SIGLA,CC BY-NC-SA 4.0,P-SIGLA-2026-09-27,source_defined_word,"Directly decoded from SigLA document word list; duplicate memberships retained, not corrected."
SW-000006,ARKH 1a,5,15;16;17;18,AB073 AB067 AB031 AB024,4,False,SIGLA,CC BY-NC-SA 4.0,P-SIGLA-2026-09-27,source_defined_word,"Directly decoded from SigLA document word list; duplicate memberships retained, not corrected."
SW-000007,ARKH 1b,0,1,AB008,1,False,SIGLA,CC BY-NC-SA 4.0,P-SIGLA-2026-09-27,source_defined_word,"Directly decoded from SigLA document word list; duplicate memberships retained, not corrected."
SW-000008,ARKH 1b,1,2;3,AB057 AB027,2,False,SIGLA,CC BY-NC-SA 4.0,P-SIGLA-2026-09-27,source_defined_word,"Directly decoded from SigLA document word list; duplicate memberships retained, not corrected."
SW-000009,ARKH 1b,2,4,AB056,1,False,SIGLA,CC BY-NC-SA 4.0,P-SIGLA-2026-09-27,source_defined_word,"Directly decoded from SigLA document word list; duplicate memberships retained, not corrected."
SW-000010,ARKH 1b,3,5,AB006,1,False,SIGLA,CC BY-NC-SA 4.0,P-SIGLA-2026-09-27,source_defined_word,"Directly decoded from SigLA document word list; duplicate memberships retained, not corrected."
SW-000011,ARKH 2,0,1;2;3,AB041 AB001 AB004,3,False,SIGLA,CC BY-NC-SA 4.0,P-SIGLA-2026-09-27,source_defined_word,"Directly decoded from SigLA document word list; duplicate memberships retained, not corrected."
SW-000012,ARKH 2,1,4;5;6,AB081 AB060 AB131,3,False,SIGLA,CC BY-NC-SA 4.0,P-SIGLA-2026-09-27,source_defined_word,"Directly decoded from SigLA document word list; duplicate memberships retained, not corrected."
SW-000013,ARKH 2,2,7;8;9;10;11,AB008 AB041 AB001 AB005 AB028,5,False,SIGLA,CC BY-NC-SA 4.0,P-SIGLA-2026-09-27,source_defined_word,"Directly decoded from SigLA document word list; duplicate memberships retained, not corrected."
SW-000014,ARKH 2,3,12;13;14;15;16;17,AB079 A301 AB009 AB045 AB021 AB118,6,False,SIGLA,CC BY-NC-SA 4.0,P-SIGLA-2026-09-27,source_defined_word,"Directly decoded from SigLA document word list; duplicate memberships retained, not corrected."
SW-000015,ARKH 2,4,18;19;20;21,AB008 AB058 AB050 AB054,4,False,SIGLA,CC BY-NC-SA 4.0,P-SIGLA-2026-09-27,source_defined_word,"Directly decoded from SigLA document word list; duplicate memberships retained, not corrected."
SW-000016,ARKH 2,5,22;23,AB026 AB073,2,False,SIGLA,CC BY-NC-SA 4.0,P-SIGLA-2026-09-27,source_defined_word,"Directly decoded from SigLA document word list; duplicate memberships retained, not corrected."
SW-000017,ARKH 3a,0,1;2,AB077 AB024,2,False,SIGLA,CC BY-NC-SA 4.0,P-SIGLA-2026-09-27,source_defined_word,"Directly decoded from SigLA document word list; duplicate memberships retained, not corrected."
SW-000018,ARKH 3a,1,7;8,AB067 AB055,2,False,SIGLA,CC BY-NC-SA 4.0,P-SIGLA-2026-09-27,source_defined_word,"Directly decoded from SigLA document word list; duplicate memberships retained, not corrected."
SW-000019,ARKH 3a,2,12,AB081,1,False,SIGLA,CC BY-NC-SA 4.0,P-SIGLA-2026-09-27,source_defined_word,"Directly decoded from SigLA document word list; duplicate memberships retained, not corrected."
SW-000020,ARKH 3b,0,2;3,AB057 AB039,2,False,SIGLA,CC BY-NC-SA 4.0,P-SIGLA-2026-09-27,source_defined_word,"Directly decoded from SigLA document word list; duplicate memberships retained, not corrected."
SW-000021,ARKH 3b,1,5;6,AB039 A314,2,False,SIGLA,CC BY-NC-SA 4.0,P-SIGLA-2026-09-27,source_defined_word,"Directly decoded from SigLA document word list; duplicate memberships retained, not corrected."
SW-000022,ARKH 4a,0,2;3,AB030 AB059,2,False,SIGLA,CC BY-NC-SA 4.0,P-SIGLA-2026-09-27,source_defined_word,"Directly decoded from SigLA document word list; duplicate memberships retained, not corrected."
SW-000023,ARKH 4a,1,4,AB059,1,False,SIGLA,CC BY-NC-SA 4.0,P-SIGLA-2026-09-27,source_defined_word,"Directly decoded from SigLA document word list; duplicate memberships retained, not corrected."
SW-000024,ARKH 4a,2,6;9,AB008 AB065,2,False,SIGLA,CC BY-NC-SA 4.0,P-SIGLA-2026-09-27,source_defined_word,"Directly decoded from SigLA document word list; duplicate memberships retained, not corrected."
SW-000025,ARKH 4a,3,10;11;13;14,AB045 AB058 AB047 AB004,4,False,SIGLA,CC BY-NC-SA 4.0,P-SIGLA-2026-09-27,source_defined_word,"Directly decoded from SigLA document word list; duplicate memberships retained, not corrected."
SW-000026,ARKH 4a,4,15;16;17;18,AB039 AB037 AB024 AB008,4,False,SIGLA,CC BY-NC-SA 4.0,P-SIGLA-2026-09-27,source_defined_word,"Directly decoded from SigLA document word list; duplicate memberships retained, not corrected."
SW-000027,ARKH 4b,0,2,AB027,1,False,SIGLA,CC BY-NC-SA 4.0,P-SIGLA-2026-09-27,source_defined_word,"Directly decoded from SigLA document word list; duplicate memberships retained, not corrected."
SW-000028,ARKH 4b,1,3,AB010,1,False,SIGLA,CC BY-NC-SA 4.0,P-SIGLA-2026-09-27,source_defined_word,"Directly decoded from SigLA document word list; duplicate memberships retained, not corrected."
SW-000029,ARKH 4b,2,4;5,AB045 AB073,2,False,SIGLA,CC BY-NC-SA 4.0,P-SIGLA-2026-09-27,source_defined_word,"Directly decoded from SigLA document word list; duplicate memberships retained, not corrected."
SW-000030,ARKH 4b,3,6;7,AB028 AB047,2,False,SIGLA,CC BY-NC-SA 4.0,P-SIGLA-2026-09-27,source_defined_word,"Directly decoded from SigLA document word list; duplicate memberships retained, not corrected."
SW-000031,ARKH 4b,4,8;9;10,AB008 AB067 AB002,3,False,SIGLA,CC BY-NC-SA 4.0,P-SIGLA-2026-09-27,source_defined_word,"Directly decoded from SigLA document word list; duplicate memberships retained, not corrected."
SW-000032,ARKH 4b,5,11;12;13,AB017 AB041 AB079,3,False,SIGLA,CC BY-NC-SA 4.0,P-SIGLA-2026-09-27,source_defined_word,"Directly decoded from SigLA document word list; duplicate memberships retained, not corrected."
SW-000033,ARKH 5,0,1;2;3;4;5,AB008 AB051 AB030 AB059 AB006,5,False,SIGLA,CC BY-NC-SA 4.0,P-SIGLA-2026-09-27,source_defined_word,"Directly decoded from SigLA document word list; duplicate memberships retained, not corrected."
SW-000034,ARKH 5,1,6;7;8,AB008 AB001 AB002,3,False,SIGLA,CC BY-NC-SA 4.0,P-SIGLA-2026-09-27,source_defined_word,"Directly decoded from SigLA document word list; duplicate memberships retained, not corrected."
SW-000035,ARKH 5,2,11,AB008,1,False,SIGLA,CC BY-NC-SA 4.0,P-SIGLA-2026-09-27,source_defined_word,"Directly decoded from SigLA document word list; duplicate memberships retained, not corrected."
SW-000036,ARKH 6,0,1;2;3,AB001 AB006 AB069,3,False,SIGLA,CC BY-NC-SA 4.0,P-SIGLA-2026-09-27,source_defined_word,"Directly decoded from SigLA document word list; duplicate memberships retained, not corrected."
SW-000037,ARKH 6,1,4,AB081,1,False,SIGLA,CC BY-NC-SA 4.0,P-SIGLA-2026-09-27,source_defined_word,"Directly decoded from SigLA document word list; duplicate memberships retained, not corrected."
SW-000038,ARKH 6,2,6,AB053,1,False,SIGLA,CC BY-NC-SA 4.0,P-SIGLA-2026-09-27,source_defined_word,"Directly decoded from SigLA document word list; duplicate memberships retained, not corrected."
SW-000039,ARKH 7,0,,,0,False,SIGLA,CC BY-NC-SA 4.0,P-SIGLA-2026-09-27,source_defined_word,"Directly decoded from SigLA document word list; duplicate memberships retained, not corrected."
SW-000040,GO 2a,0,1,AB002,1,False,SIGLA,CC BY-NC-SA 4.0,P-SIGLA-2026-09-27,source_defined_word,"Directly decoded from SigLA document word list; duplicate memberships retained, not corrected."
SW-000041,GO 2a,1,3,AB077,1,False,SIGLA,CC BY-NC-SA 4.0,P-SIGLA-2026-09-27,source_defined_word,"Directly decoded from SigLA document word list; duplicate memberships retained, not corrected."
SW-000042,GO 2a,2,5;6,AB041 AB004,2,False,SIGLA,CC BY-NC-SA 4.0,P-SIGLA-2026-09-27,source_defined_word,"Directly decoded from SigLA document word list; duplicate memberships retained, not corrected."
SW-000043,GO 2a,3,7;8;9,AB041 AB002 AB003,3,False,SIGLA,CC BY-NC-SA 4.0,P-SIGLA-2026-09-27,source_defined_word,"Directly decoded from SigLA document word list; duplicate memberships retained, not corrected."
SW-000044,GO 2a,4,11;12,AB081 AB009,2,False,SIGLA,CC BY-NC-SA 4.0,P-SIGLA-2026-09-27,source_defined_word,"Directly decoded from SigLA document word list; duplicate memberships retained, not corrected."
SW-000045,GO 2b,0,,,0,False,SIGLA,CC BY-NC-SA 4.0,P-SIGLA-2026-09-27,source_defined_word,"Directly decoded from SigLA document word list; duplicate memberships retained, not corrected."
SW-000046,GO 2b,1,3,AB001,1,False,SIGLA,CC BY-NC-SA 4.0,P-SIGLA-2026-09-27,source_defined_word,"Directly decoded from SigLA document word list; duplicate memberships retained, not corrected."
SW-000047,GO 2b,2,4,AB027,1,False,SIGLA,CC BY-NC-SA 4.0,P-SIGLA-2026-09-27,source_defined_word,"Directly decoded from SigLA document word list; duplicate memberships retained, not corrected."
SW-000048,GO 2b,3,,,0,False,SIGLA,CC BY-NC-SA 4.0,P-SIGLA-2026-09-27,source_defined_word,"Directly decoded from SigLA document word list; duplicate memberships retained, not corrected."
SW-000049,GO 2b,4,6;7,AB009 AB041,2,False,SIGLA,CC BY-NC-SA 4.0,P-SIGLA-2026-09-27,source_defined_word,"Directly decoded from SigLA document word list; duplicate memberships retained, not corrected."
SW-000050,GO Wc 1a,0,1;2;3;4;5;6,AB008 AB031 AB058 AB080 AB028 AB009,6,False,SIGLA,CC BY-NC-SA 4.0,P-SIGLA-2026-09-27,source_defined_word,"Directly decoded from SigLA document word list; duplicate memberships retained, not corrected."
SW-000051,HS Zg 1,0,1;2,AB008 AB080,2,False,SIGLA,CC BY-NC-SA 4.0,P-SIGLA-2026-09-27,source_defined_word,"Directly decoded from SigLA document word list; duplicate memberships retained, not corrected."
SW-000052,HT 1,0,1;2;3,AB078 AB076 AB010,3,False,SIGLA,CC BY-NC-SA 4.0,P-SIGLA-2026-09-27,source_defined_word,"Directly decoded from SigLA document word list; duplicate memberships retained, not corrected."
SW-000053,HT 1,1,4;5,AB067 AB002,2,False,SIGLA,CC BY-NC-SA 4.0,P-SIGLA-2026-09-27,source_defined_word,"Directly decoded from SigLA document word list; duplicate memberships retained, not corrected."
SW-000054,HT 1,2,6;7,AB079 AB058,2,False,SIGLA,CC BY-NC-SA 4.0,P-SIGLA-2026-09-27,source_defined_word,"Directly decoded from SigLA document word list; duplicate memberships retained, not corrected."
SW-000055,HT 1,3,8;9;10;11,AB007 AB007 AB017 AB044,4,False,SIGLA,CC BY-NC-SA 4.0,P-SIGLA-2026-09-27,source_defined_word,"Directly decoded from SigLA document word list; duplicate memberships retained, not corrected."
SW-000056,HT 1,4,12;13;14,AB081 AB056 AB055,3,False,SIGLA,CC BY-NC-SA 4.0,P-SIGLA-2026-09-27,source_defined_word,"Directly decoded from SigLA document word list; duplicate memberships retained, not corrected."
SW-000057,HT 1,5,15;16;17;18,AB008 AB060 AB006 AB027,4,False,SIGLA,CC BY-NC-SA 4.0,P-SIGLA-2026-09-27,source_defined_word,"Directly decoded from SigLA document word list; duplicate memberships retained, not corrected."
SW-000058,HT 100,0,7;8,AB081 AB002,2,False,SIGLA,CC BY-NC-SA 4.0,P-SIGLA-2026-09-27,source_defined_word,"Directly decoded from SigLA document word list; duplicate memberships retained, not corrected."
SW-000059,HT 100,1,9;10,AB031 AB076,2,False,SIGLA,CC BY-NC-SA 4.0,P-SIGLA-2026-09-27,source_defined_word,"Directly decoded from SigLA document word list; duplicate memberships retained, not corrected."
SW-000060,HT 101,0,1;2;3,AB079 AB022 AB007,3,False,SIGLA,CC BY-NC-SA 4.0,P-SIGLA-2026-09-27,source_defined_word,"Directly decoded from SigLA document word list; duplicate memberships retained, not corrected."
SW-000061,HT 101,1,8;9,AB031 AB076,2,False,SIGLA,CC BY-NC-SA 4.0,P-SIGLA-2026-09-27,source_defined_word,"Directly decoded from SigLA document word list; duplicate memberships retained, not corrected."
SW-000062,HT 101,2,15,AB081,1,False,SIGLA,CC BY-NC-SA 4.0,P-SIGLA-2026-09-27,source_defined_word,"Directly decoded from SigLA document word list; duplicate memberships retained, not corrected."
SW-000063,HT 101,3,16,AB056,1,False,SIGLA,CC BY-NC-SA 4.0,P-SIGLA-2026-09-27,source_defined_word,"Directly decoded from SigLA document word list; duplicate memberships retained, not corrected."
SW-000064,HT 102,0,1;2,AB077 AB003,2,False,SIGLA,CC BY-NC-SA 4.0,P-SIGLA-2026-09-27,source_defined_word,"Directly decoded from SigLA document word list; duplicate memberships retained, not corrected."
SW-000065,HT 102,1,3;4,AB031 AB076,2,False,SIGLA,CC BY-NC-SA 4.0,P-SIGLA-2026-09-27,source_defined_word,"Directly decoded from SigLA document word list; duplicate memberships retained, not corrected."
SW-000066,HT 102,2,6;7,AB056 AB030,2,False,SIGLA,CC BY-NC-SA 4.0,P-SIGLA-2026-09-27,source_defined_word,"Directly decoded from SigLA document word list; duplicate memberships retained, not corrected."
SW-000067,HT 102,3,13;14;15,AB007 AB053 AB006,3,False,SIGLA,CC BY-NC-SA 4.0,P-SIGLA-2026-09-27,source_defined_word,"Directly decoded from SigLA document word list; duplicate memberships retained, not corrected."
SW-000068,HT 102,4,16;17,AB080 AB079,2,False,SIGLA,CC BY-NC-SA 4.0,P-SIGLA-2026-09-27,source_defined_word,"Directly decoded from SigLA document word list; duplicate memberships retained, not corrected."
SW-000069,HT 102,5,19;20,AB028 AB077,2,False,SIGLA,CC BY-NC-SA 4.0,P-SIGLA-2026-09-27,source_defined_word,"Directly decoded from SigLA document word list; duplicate memberships retained, not corrected."
SW-000070,HT 102,6,21;22,AB081 AB002,2,False,SIGLA,CC BY-NC-SA 4.0,P-SIGLA-2026-09-27,source_defined_word,"Directly decoded from SigLA document word list; duplicate memberships retained, not corrected."
SW-000071,HT 103,0,1;2,AB010 AB066,2,False,SIGLA,CC BY-NC-SA 4.0,P-SIGLA-2026-09-27,source_defined_word,"Directly decoded from SigLA document word list; duplicate memberships retained, not corrected."
SW-000072,HT 103,1,4;5;6;7;8,AB056 AB001 AB081 AB009 AB024,5,False,SIGLA,CC BY-NC-SA 4.0,P-SIGLA-2026-09-27,source_defined_word,"Directly decoded from SigLA document word list; duplicate memberships retained, not corrected."
SW-000073,HT 103,2,11;12;13,AB001 AB081 AB006,3,False,SIGLA,CC BY-NC-SA 4.0,P-SIGLA-2026-09-27,source_defined_word,"Directly decoded from SigLA document word list; duplicate memberships retained, not corrected."
SW-000074,HT 103,3,14;15;16;17,AB001 AB081 AB009 AB024,4,False,SIGLA,CC BY-NC-SA 4.0,P-SIGLA-2026-09-27,source_defined_word,"Directly decoded from SigLA document word list; duplicate memberships retained, not corrected."
SW-000075,HT 103,4,18;19,AB067 AB060,2,False,SIGLA,CC BY-NC-SA 4.0,P-SIGLA-2026-09-27,source_defined_word,"Directly decoded from SigLA document word list; duplicate memberships retained, not corrected."
SW-000076,HT 104,0,1;2,AB059 AB003,2,False,SIGLA,CC BY-NC-SA 4.0,P-SIGLA-2026-09-27,source_defined_word,"Directly decoded from SigLA document word list; duplicate memberships retained, not corrected."
SW-000077,HT 104,1,4;5;6;7;8,AB001 AB081 AB009 AB024 AB037,5,False,SIGLA,CC BY-NC-SA 4.0,P-SIGLA-2026-09-27,source_defined_word,"Directly decoded from SigLA document word list; duplicate memberships retained, not corrected."
SW-000078,HT 104,2,10;11;12,AB028 AB051 AB037,3,False,SIGLA,CC BY-NC-SA 4.0,P-SIGLA-2026-09-27,source_defined_word,"Directly decoded from SigLA document word list; duplicate memberships retained, not corrected."
SW-000079,HT 104,3,14;15;16;17,AB003 AB001 AB058 AB037,4,False,SIGLA,CC BY-NC-SA 4.0,P-SIGLA-2026-09-27,source_defined_word,"Directly decoded from SigLA document word list; duplicate memberships retained, not corrected."
SW-000080,HT 104,4,18;19,AB081 AB002,2,False,SIGLA,CC BY-NC-SA 4.0,P-SIGLA-2026-09-27,source_defined_word,"Directly decoded from SigLA document word list; duplicate memberships retained, not corrected."
SW-000081,HT 108,0,1;2;3;4,AB067 AB027 AB059 AB006,4,False,SIGLA,CC BY-NC-SA 4.0,P-SIGLA-2026-09-27,source_defined_word,"Directly decoded from SigLA document word list; duplicate memberships retained, not corrected."
SW-000082,HT 108,1,7;8;9,AB007 AB006 AB002,3,False,SIGLA,CC BY-NC-SA 4.0,P-SIGLA-2026-09-27,source_defined_word,"Directly decoded from SigLA document word list; duplicate memberships retained, not corrected."
SW-000083,HT 108,2,10;11;12,AB051 AB058 AB030,3,False,SIGLA,CC BY-NC-SA 4.0,P-SIGLA-2026-09-27,source_defined_word,"Directly decoded from SigLA document word list; duplicate memberships retained, not corrected."
SW-000084,HT 108,3,14;15;16,AB076 AB037 AB065,3,False,SIGLA,CC BY-NC-SA 4.0,P-SIGLA-2026-09-27,source_defined_word,"Directly decoded from SigLA document word list; duplicate memberships retained, not corrected."
SW-000085,HT 109,0,1,AB027,1,False,SIGLA,CC BY-NC-SA 4.0,P-SIGLA-2026-09-27,source_defined_word,"Directly decoded from SigLA document word list; duplicate memberships retained, not corrected."
SW-000086,HT 109,1,,,0,False,SIGLA,CC BY-NC-SA 4.0,P-SIGLA-2026-09-27,source_defined_word,"Directly decoded from SigLA document word list; duplicate memberships retained, not corrected."
SW-000087,HT 109,2,3,AB059,1,False,SIGLA,CC BY-NC-SA 4.0,P-SIGLA-2026-09-27,source_defined_word,"Directly decoded from SigLA document word list; duplicate memberships retained, not corrected."
SW-000088,HT 109,3,4;5,AB081 AB002,2,False,SIGLA,CC BY-NC-SA 4.0,P-SIGLA-2026-09-27,source_defined_word,"Directly decoded from SigLA document word list; duplicate memberships retained, not corrected."
SW-000089,HT 109,4,6;7;8,AB008 AB060 AB065,3,False,SIGLA,CC BY-NC-SA 4.0,P-SIGLA-2026-09-27,source_defined_word,"Directly decoded from SigLA document word list; duplicate memberships retained, not corrected."
SW-000090,HT 10a,0,1;2;3,AB081 AB030 AB058,3,False,SIGLA,CC BY-NC-SA 4.0,P-SIGLA-2026-09-27,source_defined_word,"Directly decoded from SigLA document word list; duplicate memberships retained, not corrected."
SW-000091,HT 10a,1,4;5,AB031 AB080,2,False,SIGLA,CC BY-NC-SA 4.0,P-SIGLA-2026-09-27,source_defined_word,"Directly decoded from SigLA document word list; duplicate memberships retained, not corrected."
SW-000092,HT 10a,2,7;8,AB001 AB027,2,False,SIGLA,CC BY-NC-SA 4.0,P-SIGLA-2026-09-27,source_defined_word,"Directly decoded from SigLA document word list; duplicate memberships retained, not corrected."
SW-000093,HT 10a,3,10;11;12,AB010 A325 AB017,3,False,SIGLA,CC BY-NC-SA 4.0,P-SIGLA-2026-09-27,source_defined_word,"Directly decoded from SigLA document word list; duplicate memberships retained, not corrected."
SW-000094,HT 10a,4,15;16;17,AB010 A325 AB017,3,False,SIGLA,CC BY-NC-SA 4.0,P-SIGLA-2026-09-27,source_defined_word,"Directly decoded from SigLA document word list; duplicate memberships retained, not corrected."
SW-000095,HT 10a,5,19;20,A305 AB026,2,False,SIGLA,CC BY-NC-SA 4.0,P-SIGLA-2026-09-27,source_defined_word,"Directly decoded from SigLA document word list; duplicate memberships retained, not corrected."
SW-000096,HT 10a,6,22;23;24,AB001 AB053 AB001,3,False,SIGLA,CC BY-NC-SA 4.0,P-SIGLA-2026-09-27,source_defined_word,"Directly decoded from SigLA document word list; duplicate memberships retained, not corrected."
SW-000097,HT 10a,7,25;26,AB013 AB017,2,False,SIGLA,CC BY-NC-SA 4.0,P-SIGLA-2026-09-27,source_defined_word,"Directly decoded from SigLA document word list; duplicate memberships retained, not corrected."
SW-000098,HT 10b,0,1;2,AB010 AB037,2,False,SIGLA,CC BY-NC-SA 4.0,P-SIGLA-2026-09-27,source_defined_word,"Directly decoded from SigLA document word list; duplicate memberships retained, not corrected."
SW-000099,HT 10b,1,4;6,AB001 AB027,2,False,SIGLA,CC BY-NC-SA 4.0,P-SIGLA-2026-09-27,source_defined_word,"Directly decoded from SigLA document word list; duplicate memberships retained, not corrected."
SW-000100,HT 10b,2,7;8;9,AB059 AB053 AB006,3,False,SIGLA,CC BY-NC-SA 4.0,P-SIGLA-2026-09-27,source_defined_word,"Directly decoded from SigLA document word list; duplicate memberships retained, not corrected."
SW-000101,HT 10b,3,11;12,A312 AB059,2,False,SIGLA,CC BY-NC-SA 4.0,P-SIGLA-2026-09-27,source_defined_word,"Directly decoded from SigLA document word list; duplicate memberships retained, not corrected."
SW-000102,HT 10b,4,14;15;16,AB077 AB031 AB026,3,False,SIGLA,CC BY-NC-SA 4.0,P-SIGLA-2026-09-27,source_defined_word,"Directly decoded from SigLA document word list; duplicate memberships retained, not corrected."
SW-000103,HT 10b,5,18;19;20,AB059 AB006 AB037,3,False,SIGLA,CC BY-NC-SA 4.0,P-SIGLA-2026-09-27,source_defined_word,"Directly decoded from SigLA document word list; duplicate memberships retained, not corrected."
SW-000104,HT 110a,0,1;2;3;4;5,AB041 AB051 AB034 AB081 AB073,5,False,SIGLA,CC BY-NC-SA 4.0,P-SIGLA-2026-09-27,source_defined_word,"Directly decoded from SigLA document word list; duplicate memberships retained, not corrected."
SW-000105,HT 110a,1,7;8,AB081 AB003,2,False,SIGLA,CC BY-NC-SA 4.0,P-SIGLA-2026-09-27,source_defined_word,"Directly decoded from SigLA document word list; duplicate memberships retained, not corrected."
SW-000106,HT 110a,2,9;10,AB081 AB002,2,False,SIGLA,CC BY-NC-SA 4.0,P-SIGLA-2026-09-27,source_defined_word,"Directly decoded from SigLA document word list; duplicate memberships retained, not corrected."
SW-000107,HT 110a,3,,,0,False,SIGLA,CC BY-NC-SA 4.0,P-SIGLA-2026-09-27,source_defined_word,"Directly decoded from SigLA document word list; duplicate memberships retained, not corrected."
SW-000108,HT 110b,0,,,0,False,SIGLA,CC BY-NC-SA 4.0,P-SIGLA-2026-09-27,source_defined_word,"Directly decoded from SigLA document word list; duplicate memberships retained, not corrected."
SW-000109,HT 110b,1,3,AB002,1,False,SIGLA,CC BY-NC-SA 4.0,P-SIGLA-2026-09-27,source_defined_word,"Directly decoded from SigLA document word list; duplicate memberships retained, not corrected."
SW-000110,HT 112a,0,,,0,False,SIGLA,CC BY-NC-SA 4.0,P-SIGLA-2026-09-27,source_defined_word,"Directly decoded from SigLA document word list; duplicate memberships retained, not corrected."
SW-000111,HT 112a,1,3;4,AB069 AB003,2,False,SIGLA,CC BY-NC-SA 4.0,P-SIGLA-2026-09-27,source_defined_word,"Directly decoded from SigLA document word list; duplicate memberships retained, not corrected."
SW-000112,HT 112b,0,,,0,False,SIGLA,CC BY-NC-SA 4.0,P-SIGLA-2026-09-27,source_defined_word,"Directly decoded from SigLA document word list; duplicate memberships retained, not corrected."
SW-000113,HT 113,0,1;2;3,AB060 AB053 AB045,3,False,SIGLA,CC BY-NC-SA 4.0,P-SIGLA-2026-09-27,source_defined_word,"Directly decoded from SigLA document word list; duplicate memberships retained, not corrected."
SW-000114,HT 113,1,4;5,AB040 AB031,2,False,SIGLA,CC BY-NC-SA 4.0,P-SIGLA-2026-09-27,source_defined_word,"Directly decoded from SigLA document word list; duplicate memberships retained, not corrected."
SW-000115,HT 113 ter,0,1,AB073,1,False,SIGLA,CC BY-NC-SA 4.0,P-SIGLA-2026-09-27,source_defined_word,"Directly decoded from SigLA document word list; duplicate memberships retained, not corrected."
SW-000116,HT 114a,0,1;2;3,AB067 AB053 AB066,3,False,SIGLA,CC BY-NC-SA 4.0,P-SIGLA-2026-09-27,source_defined_word,"Directly decoded from SigLA document word list; duplicate memberships retained, not corrected."
SW-000117,HT 114a,1,4;5,AB031 AB076,2,False,SIGLA,CC BY-NC-SA 4.0,P-SIGLA-2026-09-27,source_defined_word,"Directly decoded from SigLA document word list; duplicate memberships retained, not corrected."
SW-000118,HT 115a,0,1;2;3;4,AB047 AB055 AB060 AB056,4,False,SIGLA,CC BY-NC-SA 4.0,P-SIGLA-2026-09-27,source_defined_word,"Directly decoded from SigLA document word list; duplicate memberships retained, not corrected."
SW-000119,HT 115a,1,7;8;9;10;11,AB053 AB059 AB080 AB055 AB040,5,False,SIGLA,CC BY-NC-SA 4.0,P-SIGLA-2026-09-27,source_defined_word,"Directly decoded from SigLA document word list; duplicate memberships retained, not corrected."
SW-000120,HT 115a,2,15;16;17;18;19,AB006 AB021 AB024 AB073 AB006,5,False,SIGLA,CC BY-NC-SA 4.0,P-SIGLA-2026-09-27,source_defined_word,"Directly decoded from SigLA document word list; duplicate memberships retained, not corrected."
SW-000121,HT 115a,3,20;21;22,AB009 AB081 AB069,3,False,SIGLA,CC BY-NC-SA 4.0,P-SIGLA-2026-09-27,source_defined_word,"Directly decoded from SigLA document word list; duplicate memberships retained, not corrected."
SW-000122,HT 115a,4,24;25;26,AB003 AB060 AB024,3,False,SIGLA,CC BY-NC-SA 4.0,P-SIGLA-2026-09-27,source_defined_word,"Directly decoded from SigLA document word list; duplicate memberships retained, not corrected."
SW-000123,HT 115a,5,27;28;29;30,AB008 AB009 AB057 A718,4,False,SIGLA,CC BY-NC-SA 4.0,P-SIGLA-2026-09-27,source_defined_word,"Directly decoded from SigLA document word list; duplicate memberships retained, not corrected."
SW-000124,HT 115a,6,31;32;33,AB077 AB011 AB026,3,False,SIGLA,CC BY-NC-SA 4.0,P-SIGLA-2026-09-27,source_defined_word,"Directly decoded from SigLA document word list; duplicate memberships retained, not corrected."
SW-000125,HT 115b,0,1,AB026,1,False,SIGLA,CC BY-NC-SA 4.0,P-SIGLA-2026-09-27,source_defined_word,"Directly decoded from SigLA document word list; duplicate memberships retained, not corrected."
SW-000126,HT 115b,1,2;3;4,AB003 AB060 AB024,3,False,SIGLA,CC BY-NC-SA 4.0,P-SIGLA-2026-09-27,source_defined_word,"Directly decoded from SigLA document word list; duplicate memberships retained, not corrected."
SW-000127,HT 115b,2,6;8;9,AB037 AB055 AB057,3,False,SIGLA,CC BY-NC-SA 4.0,P-SIGLA-2026-09-27,source_defined_word,"Directly decoded from SigLA document word list; duplicate memberships retained, not corrected."
SW-000128,HT 115b,3,10;11,AB055 AB040,2,False,SIGLA,CC BY-NC-SA 4.0,P-SIGLA-2026-09-27,source_defined_word,"Directly decoded from SigLA document word list; duplicate memberships retained, not corrected."
SW-000129,HT 115b,4,14;15;16,AB051 AB056 AB006,3,False,SIGLA,CC BY-NC-SA 4.0,P-SIGLA-2026-09-27,source_defined_word,"Directly decoded from SigLA document word list; duplicate memberships retained, not corrected."
SW-000130,HT 115b,5,17;19;20,AB081 AB026 AB080,3,False,SIGLA,CC BY-NC-SA 4.0,P-SIGLA-2026-09-27,source_defined_word,"Directly decoded from SigLA document word list; duplicate memberships retained, not corrected."
SW-000131,HT 115b,6,23;24;25,A306 AB069 AB057,3,False,SIGLA,CC BY-NC-SA 4.0,P-SIGLA-2026-09-27,source_defined_word,"Directly decoded from SigLA document word list; duplicate memberships retained, not corrected."
SW-000132,HT 115b,7,26;27,AB008 AB028,2,False,SIGLA,CC BY-NC-SA 4.0,P-SIGLA-2026-09-27,source_defined_word,"Directly decoded from SigLA document word list; duplicate memberships retained, not corrected."
SW-000133,HT 115b,8,31;32,AB081 AB059,2,False,SIGLA,CC BY-NC-SA 4.0,P-SIGLA-2026-09-27,source_defined_word,"Directly decoded from SigLA document word list; duplicate memberships retained, not corrected."
SW-000134,HT 116a,0,1;2;3,AB010 AB059 AB002,3,False,SIGLA,CC BY-NC-SA 4.0,P-SIGLA-2026-09-27,source_defined_word,"Directly decoded from SigLA document word list; duplicate memberships retained, not corrected."
SW-000135,HT 116a,1,5;6;7,AB081 AB003 AB057,3,False,SIGLA,CC BY-NC-SA 4.0,P-SIGLA-2026-09-27,source_defined_word,"Directly decoded from SigLA document word list; duplicate memberships retained, not corrected."
SW-000136,HT 116a,2,9;10,AB050 AB076,2,False,SIGLA,CC BY-NC-SA 4.0,P-SIGLA-2026-09-27,source_defined_word,"Directly decoded from SigLA document word list; duplicate memberships retained, not corrected."
SW-000137,HT 116a,3,18;19;20,AB039 AB034 AB004,3,False,SIGLA,CC BY-NC-SA 4.0,P-SIGLA-2026-09-27,source_defined_word,"Directly decoded from SigLA document word list; duplicate memberships retained, not corrected."
SW-000138,HT 116a,4,25;26;27,AB041 AB067 AB024,3,False,SIGLA,CC BY-NC-SA 4.0,P-SIGLA-2026-09-27,source_defined_word,"Directly decoded from SigLA document word list; duplicate memberships retained, not corrected."
SW-000139,HT 116a,5,30;31;32,AB016 AB055 AB080,3,False,SIGLA,CC BY-NC-SA 4.0,P-SIGLA-2026-09-27,source_defined_word,"Directly decoded from SigLA document word list; duplicate memberships retained, not corrected."
SW-000140,HT 116b,0,1;2,AB081 AB002,2,False,SIGLA,CC BY-NC-SA 4.0,P-SIGLA-2026-09-27,source_defined_word,"Directly decoded from SigLA document word list; duplicate memberships retained, not corrected."
SW-000141,HT 117a,0,1;2;3;4,AB080 AB077 AB053 AB004,4,False,SIGLA,CC BY-NC-SA 4.0,P-SIGLA-2026-09-27,source_defined_word,"Directly decoded from SigLA document word list; duplicate memberships retained, not corrected."
SW-000142,HT 117a,1,5;6,AB067 AB002,2,False,SIGLA,CC BY-NC-SA 4.0,P-SIGLA-2026-09-27,source_defined_word,"Directly decoded from SigLA document word list; duplicate memberships retained, not corrected."
SW-000143,HT 117a,2,7;8;9;10,AB010 AB073 AB006 AB041,4,False,SIGLA,CC BY-NC-SA 4.0,P-SIGLA-2026-09-27,source_defined_word,"Directly decoded from SigLA document word list; duplicate memberships retained, not corrected."
SW-000144,HT 117a,3,11;12,AB010 AB058,2,False,SIGLA,CC BY-NC-SA 4.0,P-SIGLA-2026-09-27,source_defined_word,"Directly decoded from SigLA document word list; duplicate memberships retained, not corrected."
SW-000145,HT 117a,4,13;14,AB073 AB069,2,False,SIGLA,CC BY-NC-SA 4.0,P-SIGLA-2026-09-27,source_defined_word,"Directly decoded from SigLA document word list; duplicate memberships retained, not corrected."
SW-000146,HT 117a,5,15;16;17,AB081 AB060 AB023,3,False,SIGLA,CC BY-NC-SA 4.0,P-SIGLA-2026-09-27,source_defined_word,"Directly decoded from SigLA document word list; duplicate memberships retained, not corrected."
SW-000147,HT 117a,6,18;19,AB080 AB026,2,False,SIGLA,CC BY-NC-SA 4.0,P-SIGLA-2026-09-27,source_defined_word,"Directly decoded from SigLA document word list; duplicate memberships retained, not corrected."
SW-000148,HT 117a,7,20;21;22,AB081 AB056 AB055,3,False,SIGLA,CC BY-NC-SA 4.0,P-SIGLA-2026-09-27,source_defined_word,"Directly decoded from SigLA document word list; duplicate memberships retained, not corrected."
SW-000149,HT 117a,8,23;24;25,AB069 AB065 AB080,3,False,SIGLA,CC BY-NC-SA 4.0,P-SIGLA-2026-09-27,source_defined_word,"Directly decoded from SigLA document word list; duplicate memberships retained, not corrected."
SW-000150,HT 117a,9,26;27;28,AB010 AB007 AB073,3,False,SIGLA,CC BY-NC-SA 4.0,P-SIGLA-2026-09-27,source_defined_word,"Directly decoded from SigLA document word list; duplicate memberships retained, not corrected."
SW-000151,HT 117a,10,29;30;31;32;33,AB073 AB026 AB059 AB060 AB027,5,False,SIGLA,CC BY-NC-SA 4.0,P-SIGLA-2026-09-27,source_defined_word,"Directly decoded from SigLA document word list; duplicate memberships retained, not corrected."
SW-000152,HT 117a,11,34;35;36,AB004 AB056 AB027,3,False,SIGLA,CC BY-NC-SA 4.0,P-SIGLA-2026-09-27,source_defined_word,"Directly decoded from SigLA document word list; duplicate memberships retained, not corrected."
SW-000153,HT 117a,12,37;38;39,AB006 AB001 AB027,3,False,SIGLA,CC BY-NC-SA 4.0,P-SIGLA-2026-09-27,source_defined_word,"Directly decoded from SigLA document word list; duplicate memberships retained, not corrected."
SW-000154,HT 117a,13,40;41,AB081 AB002,2,False,SIGLA,CC BY-NC-SA 4.0,P-SIGLA-2026-09-27,source_defined_word,"Directly decoded from SigLA document word list; duplicate memberships retained, not corrected."
SW-000155,HT 117a,14,42;43,AB031 AB059,2,False,SIGLA,CC BY-NC-SA 4.0,P-SIGLA-2026-09-27,source_defined_word,"Directly decoded from SigLA document word list; duplicate memberships retained, not corrected."
SW-000156,HT 117a,15,44;45;46;47,AB081 AB081 AB001 AB060,4,False,SIGLA,CC BY-NC-SA 4.0,P-SIGLA-2026-09-27,source_defined_word,"Directly decoded from SigLA document word list; duplicate memberships retained, not corrected."
SW-000157,HT 117a,16,48;49;50;51,AB070 AB031 AB028 AB037,4,False,SIGLA,CC BY-NC-SA 4.0,P-SIGLA-2026-09-27,source_defined_word,"Directly decoded from SigLA document word list; duplicate memberships retained, not corrected."
SW-000158,HT 117a,17,52;53;54,AB001 AB073 AB055,3,False,SIGLA,CC BY-NC-SA 4.0,P-SIGLA-2026-09-27,source_defined_word,"Directly decoded from SigLA document word list; duplicate memberships retained, not corrected."
SW-000159,HT 117a,18,55;56;57;58,AB001 AB024 AB081 AB037,4,False,SIGLA,CC BY-NC-SA 4.0,P-SIGLA-2026-09-27,source_defined_word,"Directly decoded from SigLA document word list; duplicate memberships retained, not corrected."
SW-000160,HT 117a,19,59;60;61,AB067 AB001 AB002,3,False,SIGLA,CC BY-NC-SA 4.0,P-SIGLA-2026-09-27,source_defined_word,"Directly decoded from SigLA document word list; duplicate memberships retained, not corrected."
SW-000161,HT 117b,0,1;2;3,AB021 AB069 AB024,3,False,SIGLA,CC BY-NC-SA 4.0,P-SIGLA-2026-09-27,source_defined_word,"Directly decoded from SigLA document word list; duplicate memberships retained, not corrected."
SW-000162,HT 117b,1,4;5;6,AB081 AB027 AB065,3,False,SIGLA,CC BY-NC-SA 4.0,P-SIGLA-2026-09-27,source_defined_word,"Directly decoded from SigLA document word list; duplicate memberships retained, not corrected."
SW-000163,HT 117b,2,7;8;9,AB007 AB067 AB009,3,False,SIGLA,CC BY-NC-SA 4.0,P-SIGLA-2026-09-27,source_defined_word,"Directly decoded from SigLA document word list; duplicate memberships retained, not corrected."
SW-000164,HT 118,0,3;4,AB080 AB007,2,False,SIGLA,CC BY-NC-SA 4.0,P-SIGLA-2026-09-27,source_defined_word,"Directly decoded from SigLA document word list; duplicate memberships retained, not corrected."
SW-000165,HT 118,1,6;7;8,AB016 AB016 AB026,3,False,SIGLA,CC BY-NC-SA 4.0,P-SIGLA-2026-09-27,source_defined_word,"Directly decoded from SigLA document word list; duplicate memberships retained, not corrected."
SW-000166,HT 118,2,10;11;12,AB008 AB053 AB058,3,False,SIGLA,CC BY-NC-SA 4.0,P-SIGLA-2026-09-27,source_defined_word,"Directly decoded from SigLA document word list; duplicate memberships retained, not corrected."
SW-000167,HT 118,3,14;15;16,AB053 AB026 AB080,3,False,SIGLA,CC BY-NC-SA 4.0,P-SIGLA-2026-09-27,source_defined_word,"Directly decoded from SigLA document word list; duplicate memberships retained, not corrected."
SW-000168,HT 118,4,17;18,AB081 AB002,2,False,SIGLA,CC BY-NC-SA 4.0,P-SIGLA-2026-09-27,source_defined_word,"Directly decoded from SigLA document word list; duplicate memberships retained, not corrected."
SW-000169,HT 119,0,3;4;5,AB053 AB073 AB041,3,False,SIGLA,CC BY-NC-SA 4.0,P-SIGLA-2026-09-27,source_defined_word,"Directly decoded from SigLA document word list; duplicate memberships retained, not corrected."
SW-000170,HT 119,1,6;7,AB070 AB057,2,False,SIGLA,CC BY-NC-SA 4.0,P-SIGLA-2026-09-27,source_defined_word,"Directly decoded from SigLA document word list; duplicate memberships retained, not corrected."
SW-000171,HT 119,2,8;9;10;11,AB081 AB056 AB006 AB069,4,False,SIGLA,CC BY-NC-SA 4.0,P-SIGLA-2026-09-27,source_defined_word,"Directly decoded from SigLA document word list; duplicate memberships retained, not corrected."
SW-000172,HT 119,3,13;14,AB057 A345,2,False,SIGLA,CC BY-NC-SA 4.0,P-SIGLA-2026-09-27,source_defined_word,"Directly decoded from SigLA document word list; duplicate memberships retained, not corrected."
SW-000173,HT 119,4,15;16,A306 AB069,2,False,SIGLA,CC BY-NC-SA 4.0,P-SIGLA-2026-09-27,source_defined_word,"Directly decoded from SigLA document word list; duplicate memberships retained, not corrected."
SW-000174,HT 119,5,17;18,A327 AB065,2,False,SIGLA,CC BY-NC-SA 4.0,P-SIGLA-2026-09-27,source_defined_word,"Directly decoded from SigLA document word list; duplicate memberships retained, not corrected."
SW-000175,HT 119,6,19;20,AB081 AB002,2,False,SIGLA,CC BY-NC-SA 4.0,P-SIGLA-2026-09-27,source_defined_word,"Directly decoded from SigLA document word list; duplicate memberships retained, not corrected."
SW-000176,HT 11a,0,1;2;3,AB008 AB026 AB060,3,False,SIGLA,CC BY-NC-SA 4.0,P-SIGLA-2026-09-27,source_defined_word,"Directly decoded from SigLA document word list; duplicate memberships retained, not corrected."
SW-000177,HT 11a,1,5;6;7,AB077 AB002 AB006,3,False,SIGLA,CC BY-NC-SA 4.0,P-SIGLA-2026-09-27,source_defined_word,"Directly decoded from SigLA document word list; duplicate memberships retained, not corrected."
SW-000178,HT 11a,2,10;11,A322 AB053,2,False,SIGLA,CC BY-NC-SA 4.0,P-SIGLA-2026-09-27,source_defined_word,"Directly decoded from SigLA document word list; duplicate memberships retained, not corrected."
SW-000179,HT 11a,3,12;13,AB081 AB002,2,False,SIGLA,CC BY-NC-SA 4.0,P-SIGLA-2026-09-27,source_defined_word,"Directly decoded from SigLA document word list; duplicate memberships retained, not corrected."
SW-000180,HT 11a,4,14;15;16,AB008 AB058 AB057,3,False,SIGLA,CC BY-NC-SA 4.0,P-SIGLA-2026-09-27,source_defined_word,"Directly decoded from SigLA document word list; duplicate memberships retained, not corrected."
SW-000181,HT 11a,5,17;18,AB100 AB028,2,False,SIGLA,CC BY-NC-SA 4.0,P-SIGLA-2026-09-27,source_defined_word,"Directly decoded from SigLA document word list; duplicate memberships retained, not corrected."
SW-000182,HT 11b,0,1;2,AB045 AB055,2,False,SIGLA,CC BY-NC-SA 4.0,P-SIGLA-2026-09-27,source_defined_word,"Directly decoded from SigLA document word list; duplicate memberships retained, not corrected."
SW-000183,HT 11b,1,3;4,AB026 AB076,2,False,SIGLA,CC BY-NC-SA 4.0,P-SIGLA-2026-09-27,source_defined_word,"Directly decoded from SigLA document word list; duplicate memberships retained, not corrected."
SW-000184,HT 11b,2,5,AB086,1,False,SIGLA,CC BY-NC-SA 4.0,P-SIGLA-2026-09-27,source_defined_word,"Directly decoded from SigLA document word list; duplicate memberships retained, not corrected."
SW-000185,HT 11b,3,9;10;11,AB026 AB079 AB006,3,False,SIGLA,CC BY-NC-SA 4.0,P-SIGLA-2026-09-27,source_defined_word,"Directly decoded from SigLA document word list; duplicate memberships retained, not corrected."
SW-000186,HT 11b,4,13;14;15,AB031 AB078 AB053,3,False,SIGLA,CC BY-NC-SA 4.0,P-SIGLA-2026-09-27,source_defined_word,"Directly decoded from SigLA document word list; duplicate memberships retained, not corrected."
SW-000187,HT 11b,5,17;18,AB081 AB002,2,False,SIGLA,CC BY-NC-SA 4.0,P-SIGLA-2026-09-27,source_defined_word,"Directly decoded from SigLA document word list; duplicate memberships retained, not corrected."
SW-000188,HT 12,0,1;2;3;4,AB016 AB037 AB001 AB004,4,False,SIGLA,CC BY-NC-SA 4.0,P-SIGLA-2026-09-27,source_defined_word,"Directly decoded from SigLA document word list; duplicate memberships retained, not corrected."
SW-000189,HT 12,1,7;8;9,AB078 AB069 AB024,3,False,SIGLA,CC BY-NC-SA 4.0,P-SIGLA-2026-09-27,source_defined_word,"Directly decoded from SigLA document word list; duplicate memberships retained, not corrected."
SW-000190,HT 12,2,18;19,AB001 AB028,2,False,SIGLA,CC BY-NC-SA 4.0,P-SIGLA-2026-09-27,source_defined_word,"Directly decoded from SigLA document word list; duplicate memberships retained, not corrected."
SW-000191,HT 120,0,1;2;3,AB001 AB078 AB060,3,False,SIGLA,CC BY-NC-SA 4.0,P-SIGLA-2026-09-27,source_defined_word,"Directly decoded from SigLA document word list; duplicate memberships retained, not corrected."
SW-000192,HT 120,1,4;5,AB001 AB013,2,False,SIGLA,CC BY-NC-SA 4.0,P-SIGLA-2026-09-27,source_defined_word,"Directly decoded from SigLA document word list; duplicate memberships retained, not corrected."
SW-000193,HT 120,2,10;11;12,AB001 AB010 AB049,3,False,SIGLA,CC BY-NC-SA 4.0,P-SIGLA-2026-09-27,source_defined_word,"Directly decoded from SigLA document word list; duplicate memberships retained, not corrected."
SW-000194,HT 120,3,14;15;16;17,AB067 AB027 AB059 AB006,4,False,SIGLA,CC BY-NC-SA 4.0,P-SIGLA-2026-09-27,source_defined_word,"Directly decoded from SigLA document word list; duplicate memberships retained, not corrected."
SW-000195,HT 120,4,20;21;22,AB003 AB028 AB005,3,False,SIGLA,CC BY-NC-SA 4.0,P-SIGLA-2026-09-27,source_defined_word,"Directly decoded from SigLA document word list; duplicate memberships retained, not corrected."
SW-000196,HT 121,0,1;2;3,AB067 AB053 AB066,3,False,SIGLA,CC BY-NC-SA 4.0,P-SIGLA-2026-09-27,source_defined_word,"Directly decoded from SigLA document word list; duplicate memberships retained, not corrected."
SW-000197,HT 121,1,5;6,AB031 AB076,2,False,SIGLA,CC BY-NC-SA 4.0,P-SIGLA-2026-09-27,source_defined_word,"Directly decoded from SigLA document word list; duplicate memberships retained, not corrected."
SW-000198,HT 122a,0,1;2,AB060 AB053,2,False,SIGLA,CC BY-NC-SA 4.0,P-SIGLA-2026-09-27,source_defined_word,"Directly decoded from SigLA document word list; duplicate memberships retained, not corrected."
SW-000199,HT 122a,1,3;4;5,AB010 AB045 AB017,3,False,SIGLA,CC BY-NC-SA 4.0,P-SIGLA-2026-09-27,source_defined_word,"Directly decoded from SigLA document word list; duplicate memberships retained, not corrected."
SW-000200,HT 122a,2,6;7;8,AB001 AB041 AB118,3,False,SIGLA,CC BY-NC-SA 4.0,P-SIGLA-2026-09-27,source_defined_word,"Directly decoded from SigLA document word list; duplicate memberships retained, not corrected."
SW-000201,HT 122a,3,9,AB003,1,False,SIGLA,CC BY-NC-SA 4.0,P-SIGLA-2026-09-27,source_defined_word,"Directly decoded from SigLA document word list; duplicate memberships retained, not corrected."
SW-000202,HT 122a,4,10,AB007,1,False,SIGLA,CC BY-NC-SA 4.0,P-SIGLA-2026-09-27,source_defined_word,"Directly decoded from SigLA document word list; duplicate memberships retained, not corrected."
SW-000203,HT 122a,5,11;12,AB004 AB067,2,False,SIGLA,CC BY-NC-SA 4.0,P-SIGLA-2026-09-27,source_defined_word,"Directly decoded from SigLA document word list; duplicate memberships retained, not corrected."
SW-000204,HT 122a,6,13;14;15,AB016 A310 AB028,3,False,SIGLA,CC BY-NC-SA 4.0,P-SIGLA-2026-09-27,source_defined_word,"Directly decoded from SigLA document word list; duplicate memberships retained, not corrected."
SW-000205,HT 122a,7,16;17;18;19,AB057 AB073 AB001 AB027,4,False,SIGLA,CC BY-NC-SA 4.0,P-SIGLA-2026-09-27,source_defined_word,"Directly decoded from SigLA document word list; duplicate memberships retained, not corrected."
SW-000206,HT 122a,8,20;21;22,AB041 AB001 AB027,3,False,SIGLA,CC BY-NC-SA 4.0,P-SIGLA-2026-09-27,source_defined_word,"Directly decoded from SigLA document word list; duplicate memberships retained, not corrected."
SW-000207,HT 122a,9,23;24;25,A324 AB007 AB060,3,False,SIGLA,CC BY-NC-SA 4.0,P-SIGLA-2026-09-27,source_defined_word,"Directly decoded from SigLA document word list; duplicate memberships retained, not corrected."
SW-000208,HT 122a,10,26;27,AB003 AB045,2,False,SIGLA,CC BY-NC-SA 4.0,P-SIGLA-2026-09-27,source_defined_word,"Directly decoded from SigLA document word list; duplicate memberships retained, not corrected."
SW-000209,HT 122a,11,28;29;30,AB081 AB056 AB055,3,False,SIGLA,CC BY-NC-SA 4.0,P-SIGLA-2026-09-27,source_defined_word,"Directly decoded from SigLA document word list; duplicate memberships retained, not corrected."
SW-000210,HT 122a,12,31;32;33,AB003 AB053 AB024,3,False,SIGLA,CC BY-NC-SA 4.0,P-SIGLA-2026-09-27,source_defined_word,"Directly decoded from SigLA document word list; duplicate memberships retained, not corrected."
SW-000211,HT 122a,13,34;35,A306 AB069,2,False,SIGLA,CC BY-NC-SA 4.0,P-SIGLA-2026-09-27,source_defined_word,"Directly decoded from SigLA document word list; duplicate memberships retained, not corrected."
SW-000212,HT 122a,14,36,AB051,1,False,SIGLA,CC BY-NC-SA 4.0,P-SIGLA-2026-09-27,source_defined_word,"Directly decoded from SigLA document word list; duplicate memberships retained, not corrected."
SW-000213,HT 122a,15,37;38;39,AB081 AB056 AB055,3,False,SIGLA,CC BY-NC-SA 4.0,P-SIGLA-2026-09-27,source_defined_word,"Directly decoded from SigLA document word list; duplicate memberships retained, not corrected."
SW-000214,HT 122a,16,40;41;42,AB001 AB053 AB001,3,False,SIGLA,CC BY-NC-SA 4.0,P-SIGLA-2026-09-27,source_defined_word,"Directly decoded from SigLA document word list; duplicate memberships retained, not corrected."
SW-000215,HT 122a,17,43;44,AB081 AB002,2,False,SIGLA,CC BY-NC-SA 4.0,P-SIGLA-2026-09-27,source_defined_word,"Directly decoded from SigLA document word list; duplicate memberships retained, not corrected."
SW-000216,HT 122a,18,45;46,AB081 AB001,2,False,SIGLA,CC BY-NC-SA 4.0,P-SIGLA-2026-09-27,source_defined_word,"Directly decoded from SigLA document word list; duplicate memberships retained, not corrected."
SW-000217,HT 122b,0,1;2,AB046 AB007,2,False,SIGLA,CC BY-NC-SA 4.0,P-SIGLA-2026-09-27,source_defined_word,"Directly decoded from SigLA document word list; duplicate memberships retained, not corrected."
SW-000218,HT 122b,1,5;6;7,A306 AB067 AB066,3,False,SIGLA,CC BY-NC-SA 4.0,P-SIGLA-2026-09-27,source_defined_word,"Directly decoded from SigLA document word list; duplicate memberships retained, not corrected."
SW-000219,HT 122b,2,,,0,False,SIGLA,CC BY-NC-SA 4.0,P-SIGLA-2026-09-27,source_defined_word,"Directly decoded from SigLA document word list; duplicate memberships retained, not corrected."
SW-000220,HT 122b,3,9;10;11;12;13;14,AB008 AB060 AB065 AB010 AB045 AB017,6,False,SIGLA,CC BY-NC-SA 4.0,P-SIGLA-2026-09-27,source_defined_word,"Directly decoded from SigLA document word list; duplicate memberships retained, not corrected."
SW-000221,HT 122b,4,15;16;17,AB016 AB016 AB026,3,False,SIGLA,CC BY-NC-SA 4.0,P-SIGLA-2026-09-27,source_defined_word,"Directly decoded from SigLA document word list; duplicate memberships retained, not corrected."
SW-000222,HT 122b,5,19;20,AB001 AB027,2,False,SIGLA,CC BY-NC-SA 4.0,P-SIGLA-2026-09-27,source_defined_word,"Directly decoded from SigLA document word list; duplicate memberships retained, not corrected."
SW-000223,HT 122b,6,21;22,AB081 AB002,2,False,SIGLA,CC BY-NC-SA 4.0,P-SIGLA-2026-09-27,source_defined_word,"Directly decoded from SigLA document word list; duplicate memberships retained, not corrected."
SW-000224,HT 122b,7,23;24;25;26,AB011 AB005 AB081 AB002,4,False,SIGLA,CC BY-NC-SA 4.0,P-SIGLA-2026-09-27,source_defined_word,"Directly decoded from SigLA document word list; duplicate memberships retained, not corrected."
SW-000225,HT 123a,0,1;2;3,AB067 AB059 AB028,3,False,SIGLA,CC BY-NC-SA 4.0,P-SIGLA-2026-09-27,source_defined_word,"Directly decoded from SigLA document word list; duplicate memberships retained, not corrected."
SW-000226,HT 123a,1,5,A308,1,False,SIGLA,CC BY-NC-SA 4.0,P-SIGLA-2026-09-27,source_defined_word,"Directly decoded from SigLA document word list; duplicate memberships retained, not corrected."
SW-000227,HT 123a,2,7;9,AB067 AB002,2,False,SIGLA,CC BY-NC-SA 4.0,P-SIGLA-2026-09-27,source_defined_word,"Directly decoded from SigLA document word list; duplicate memberships retained, not corrected."
SW-000228,HT 123a,3,11;12,AB050 AB131,2,False,SIGLA,CC BY-NC-SA 4.0,P-SIGLA-2026-09-27,source_defined_word,"Directly decoded from SigLA document word list; duplicate memberships retained, not corrected."
SW-000229,HT 123a,4,17;19,AB067 AB002,2,False,SIGLA,CC BY-NC-SA 4.0,P-SIGLA-2026-09-27,source_defined_word,"Directly decoded from SigLA document word list; duplicate memberships retained, not corrected."
SW-000230,HT 123a,5,21;22,AB031 AB026,2,False,SIGLA,CC BY-NC-SA 4.0,P-SIGLA-2026-09-27,source_defined_word,"Directly decoded from SigLA document word list; duplicate memberships retained, not corrected."
SW-000231,HT 123a,6,27;28,AB067 AB002,2,False,SIGLA,CC BY-NC-SA 4.0,P-SIGLA-2026-09-27,source_defined_word,"Directly decoded from SigLA document word list; duplicate memberships retained, not corrected."
SW-000232,HT 123a,7,31;32,AB001 AB067,2,False,SIGLA,CC BY-NC-SA 4.0,P-SIGLA-2026-09-27,source_defined_word,"Directly decoded from SigLA document word list; duplicate memberships retained, not corrected."
SW-000233,HT 123a,8,37;39,AB067 AB002,2,False,SIGLA,CC BY-NC-SA 4.0,P-SIGLA-2026-09-27,source_defined_word,"Directly decoded from SigLA document word list; duplicate memberships retained, not corrected."
SW-000234,HT 123a,9,42;43,AB081 AB002,2,False,SIGLA,CC BY-NC-SA 4.0,P-SIGLA-2026-09-27,source_defined_word,"Directly decoded from SigLA document word list; duplicate memberships retained, not corrected."
SW-000235,HT 123a,10,47;48,AB081 AB002,2,False,SIGLA,CC BY-NC-SA 4.0,P-SIGLA-2026-09-27,source_defined_word,"Directly decoded from SigLA document word list; duplicate memberships retained, not corrected."
SW-000236,HT 123a,11,50;51,AB067 AB002,2,False,SIGLA,CC BY-NC-SA 4.0,P-SIGLA-2026-09-27,source_defined_word,"Directly decoded from SigLA document word list; duplicate memberships retained, not corrected."
SW-000237,HT 123b,0,6;7;8,AB037 AB001 AB059,3,False,SIGLA,CC BY-NC-SA 4.0,P-SIGLA-2026-09-27,source_defined_word,"Directly decoded from SigLA document word list; duplicate memberships retained, not corrected."
SW-000238,HT 123b,1,10;11,AB039 AB031,2,False,SIGLA,CC BY-NC-SA 4.0,P-SIGLA-2026-09-27,source_defined_word,"Directly decoded from SigLA document word list; duplicate memberships retained, not corrected."
SW-000239,HT 123b,2,13,AB188,1,False,SIGLA,CC BY-NC-SA 4.0,P-SIGLA-2026-09-27,source_defined_word,"Directly decoded from SigLA document word list; duplicate memberships retained, not corrected."
SW-000240,HT 123b,3,14,AB051,1,False,SIGLA,CC BY-NC-SA 4.0,P-SIGLA-2026-09-27,source_defined_word,"Directly decoded from SigLA document word list; duplicate memberships retained, not corrected."
SW-000241,HT 123b,4,15;16;17;18,AB069 AB002 AB007 AB001,4,False,SIGLA,CC BY-NC-SA 4.0,P-SIGLA-2026-09-27,source_defined_word,"Directly decoded from SigLA document word list; duplicate memberships retained, not corrected."
SW-000242,HT 123b,5,21;22,AB077 AB006,2,False,SIGLA,CC BY-NC-SA 4.0,P-SIGLA-2026-09-27,source_defined_word,"Directly decoded from SigLA document word list; duplicate memberships retained, not corrected."
SW-000243,HT 123b,6,23;24,AB041 AB051,2,False,SIGLA,CC BY-NC-SA 4.0,P-SIGLA-2026-09-27,source_defined_word,"Directly decoded from SigLA document word list; duplicate memberships retained, not corrected."
SW-000244,HT 123b,7,26;27;28;29,AB051 AB080 AB028 AB006,4,False,SIGLA,CC BY-NC-SA 4.0,P-SIGLA-2026-09-27,source_defined_word,"Directly decoded from SigLA document word list; duplicate memberships retained, not corrected."
SW-000245,HT 123b,8,32;33,AB081 AB002,2,False,SIGLA,CC BY-NC-SA 4.0,P-SIGLA-2026-09-27,source_defined_word,"Directly decoded from SigLA document word list; duplicate memberships retained, not corrected."
SW-000246,HT 123b,9,34;35,AB067 AB002,2,False,SIGLA,CC BY-NC-SA 4.0,P-SIGLA-2026-09-27,source_defined_word,"Directly decoded from SigLA document word list; duplicate memberships retained, not corrected."
SW-000247,HT 126a,0,1;2;3,AB001 AB006 AB041,3,False,SIGLA,CC BY-NC-SA 4.0,P-SIGLA-2026-09-27,source_defined_word,"Directly decoded from SigLA document word list; duplicate memberships retained, not corrected."
SW-000248,HT 126a,1,5;6,AB008 AB006,2,False,SIGLA,CC BY-NC-SA 4.0,P-SIGLA-2026-09-27,source_defined_word,"Directly decoded from SigLA document word list; duplicate memberships retained, not corrected."
SW-000249,HT 126a,2,8,AB010,1,False,SIGLA,CC BY-NC-SA 4.0,P-SIGLA-2026-09-27,source_defined_word,"Directly decoded from SigLA document word list; duplicate memberships retained, not corrected."
SW-000250,HT 126a,3,10;11;12,AB041 AB007 AB057,3,False,SIGLA,CC BY-NC-SA 4.0,P-SIGLA-2026-09-27,source_defined_word,"Directly decoded from SigLA document word list; duplicate memberships retained, not corrected."
SW-000251,HT 126a,4,13;14,AB010 AB049,2,False,SIGLA,CC BY-NC-SA 4.0,P-SIGLA-2026-09-27,source_defined_word,"Directly decoded from SigLA document word list; duplicate memberships retained, not corrected."
SW-000252,HT 126a,5,15,AB039,1,False,SIGLA,CC BY-NC-SA 4.0,P-SIGLA-2026-09-27,source_defined_word,"Directly decoded from SigLA document word list; duplicate memberships retained, not corrected."
SW-000253,HT 127a,0,1;2;3,AB051 AB024 AB073,3,False,SIGLA,CC BY-NC-SA 4.0,P-SIGLA-2026-09-27,source_defined_word,"Directly decoded from SigLA document word list; duplicate memberships retained, not corrected."
SW-000254,HT 127a,1,4;5;6;7,A629 AB001 AB047 AB081,4,False,SIGLA,CC BY-NC-SA 4.0,P-SIGLA-2026-09-27,source_defined_word,"Directly decoded from SigLA document word list; duplicate memberships retained, not corrected."
SW-000255,HT 127b,0,1,AB024,1,False,SIGLA,CC BY-NC-SA 4.0,P-SIGLA-2026-09-27,source_defined_word,"Directly decoded from SigLA document word list; duplicate memberships retained, not corrected."
SW-000256,HT 127b,1,2;3,AB081 AB002,2,False,SIGLA,CC BY-NC-SA 4.0,P-SIGLA-2026-09-27,source_defined_word,"Directly decoded from SigLA document word list; duplicate memberships retained, not corrected."
SW-000257,HT 127b,2,10;11,AB081 AB002,2,False,SIGLA,CC BY-NC-SA 4.0,P-SIGLA-2026-09-27,source_defined_word,"Directly decoded from SigLA document word list; duplicate memberships retained, not corrected."
SW-000258,HT 128a,0,2;3,AB003 AB060,2,False,SIGLA,CC BY-NC-SA 4.0,P-SIGLA-2026-09-27,source_defined_word,"Directly decoded from SigLA document word list; duplicate memberships retained, not corrected."
SW-000259,HT 128a,1,4;5;6;7;8,AB069 AB026 AB056 AB009 AB013,5,False,SIGLA,CC BY-NC-SA 4.0,P-SIGLA-2026-09-27,source_defined_word,"Directly decoded from SigLA document word list; duplicate memberships retained, not corrected."
SW-000260,HT 128a,2,10;11;12;13,AB054 AB069 AB080 AB027,4,False,SIGLA,CC BY-NC-SA 4.0,P-SIGLA-2026-09-27,source_defined_word,"Directly decoded from SigLA document word list; duplicate memberships retained, not corrected."
SW-000261,HT 128a,3,15;16,AB073 AB059,2,False,SIGLA,CC BY-NC-SA 4.0,P-SIGLA-2026-09-27,source_defined_word,"Directly decoded from SigLA document word list; duplicate memberships retained, not corrected."
SW-000262,HT 128a,4,20,AB007,1,False,SIGLA,CC BY-NC-SA 4.0,P-SIGLA-2026-09-27,source_defined_word,"Directly decoded from SigLA document word list; duplicate memberships retained, not corrected."
SW-000263,HT 128a,5,21,A579,1,False,SIGLA,CC BY-NC-SA 4.0,P-SIGLA-2026-09-27,source_defined_word,"Directly decoded from SigLA document word list; duplicate memberships retained, not corrected."
SW-000264,HT 128a,6,22;23,AB080 AB053,2,False,SIGLA,CC BY-NC-SA 4.0,P-SIGLA-2026-09-27,source_defined_word,"Directly decoded from SigLA document word list; duplicate memberships retained, not corrected."
SW-000265,HT 128b,0,2;3,AB100 A329,2,False,SIGLA,CC BY-NC-SA 4.0,P-SIGLA-2026-09-27,source_defined_word,"Directly decoded from SigLA document word list; duplicate memberships retained, not corrected."
SW-000266,HT 128b,1,5,AB026,1,False,SIGLA,CC BY-NC-SA 4.0,P-SIGLA-2026-09-27,source_defined_word,"Directly decoded from SigLA document word list; duplicate memberships retained, not corrected."
SW-000267,HT 129,0,1;2;3,AB069 AB026 AB066,3,False,SIGLA,CC BY-NC-SA 4.0,P-SIGLA-2026-09-27,source_defined_word,"Directly decoded from SigLA document word list; duplicate memberships retained, not corrected."
SW-000268,HT 129,1,9;10;11;12,AB069 AB021 AB053 AB006,4,False,SIGLA,CC BY-NC-SA 4.0,P-SIGLA-2026-09-27,source_defined_word,"Directly decoded from SigLA document word list; duplicate memberships retained, not corrected."
SW-000269,HT 13,0,1;2;3;4,AB077 AB010 AB045 AB059,4,False,SIGLA,CC BY-NC-SA 4.0,P-SIGLA-2026-09-27,source_defined_word,"Directly decoded from SigLA document word list; duplicate memberships retained, not corrected."
SW-000270,HT 13,1,7;8,AB027 AB017,2,False,SIGLA,CC BY-NC-SA 4.0,P-SIGLA-2026-09-27,source_defined_word,"Directly decoded from SigLA document word list; duplicate memberships retained, not corrected."
SW-000271,HT 13,2,10;11,AB004 AB069,2,False,SIGLA,CC BY-NC-SA 4.0,P-SIGLA-2026-09-27,source_defined_word,"Directly decoded from SigLA document word list; duplicate memberships retained, not corrected."
SW-000272,HT 13,3,12;13,AB004 AB067,2,False,SIGLA,CC BY-NC-SA 4.0,P-SIGLA-2026-09-27,source_defined_word,"Directly decoded from SigLA document word list; duplicate memberships retained, not corrected."
SW-000273,HT 13,4,15;16;17,AB081 AB079 AB030,3,False,SIGLA,CC BY-NC-SA 4.0,P-SIGLA-2026-09-27,source_defined_word,"Directly decoded from SigLA document word list; duplicate memberships retained, not corrected."
SW-000274,HT 13,5,18;19;20,AB001 AB041 AB118,3,False,SIGLA,CC BY-NC-SA 4.0,P-SIGLA-2026-09-27,source_defined_word,"Directly decoded from SigLA document word list; duplicate memberships retained, not corrected."
SW-000275,HT 13,6,21;22;23;24,AB028 AB051 AB024 AB041,4,False,SIGLA,CC BY-NC-SA 4.0,P-SIGLA-2026-09-27,source_defined_word,"Directly decoded from SigLA document word list; duplicate memberships retained, not corrected."
SW-000276,HT 13,7,25;26,AB081 AB002,2,False,SIGLA,CC BY-NC-SA 4.0,P-SIGLA-2026-09-27,source_defined_word,"Directly decoded from SigLA document word list; duplicate memberships retained, not corrected."
SW-000277,HT 130,0,2;3,AB031 AB076,2,False,SIGLA,CC BY-NC-SA 4.0,P-SIGLA-2026-09-27,source_defined_word,"Directly decoded from SigLA document word list; duplicate memberships retained, not corrected."
SW-000278,HT 130,1,6,AB076,1,False,SIGLA,CC BY-NC-SA 4.0,P-SIGLA-2026-09-27,source_defined_word,"Directly decoded from SigLA document word list; duplicate memberships retained, not corrected."
SW-000279,HT 130,2,7,AB002,1,False,SIGLA,CC BY-NC-SA 4.0,P-SIGLA-2026-09-27,source_defined_word,"Directly decoded from SigLA document word list; duplicate memberships retained, not corrected."
SW-000280,HT 131a,0,,,0,False,SIGLA,CC BY-NC-SA 4.0,P-SIGLA-2026-09-27,source_defined_word,"Directly decoded from SigLA document word list; duplicate memberships retained, not corrected."
SW-000281,HT 131a,1,3;4;5,AB028 AB016 AB118,3,False,SIGLA,CC BY-NC-SA 4.0,P-SIGLA-2026-09-27,source_defined_word,"Directly decoded from SigLA document word list; duplicate memberships retained, not corrected."
SW-000282,HT 131b,0,,,0,False,SIGLA,CC BY-NC-SA 4.0,P-SIGLA-2026-09-27,source_defined_word,"Directly decoded from SigLA document word list; duplicate memberships retained, not corrected."
SW-000283,HT 131b,1,5;6;7;8,AB011 AB005 AB081 AB002,4,False,SIGLA,CC BY-NC-SA 4.0,P-SIGLA-2026-09-27,source_defined_word,"Directly decoded from SigLA document word list; duplicate memberships retained, not corrected."
SW-000284,HT 132,0,1;2,AB008 AB009,2,False,SIGLA,CC BY-NC-SA 4.0,P-SIGLA-2026-09-27,source_defined_word,"Directly decoded from SigLA document word list; duplicate memberships retained, not corrected."
SW-000285,HT 132,1,4;5;6,AB016 AB027 AB005,3,False,SIGLA,CC BY-NC-SA 4.0,P-SIGLA-2026-09-27,source_defined_word,"Directly decoded from SigLA document word list; duplicate memberships retained, not corrected."
SW-000286,HT 133,0,1;2,AB008 AB051,2,False,SIGLA,CC BY-NC-SA 4.0,P-SIGLA-2026-09-27,source_defined_word,"Directly decoded from SigLA document word list; duplicate memberships retained, not corrected."
SW-000287,HT 135a,0,1;2;3,AB024 AB073 AB006,3,False,SIGLA,CC BY-NC-SA 4.0,P-SIGLA-2026-09-27,source_defined_word,"Directly decoded from SigLA document word list; duplicate memberships retained, not corrected."
SW-000288,HT 135a,1,4;5,AB073 AB069,2,False,SIGLA,CC BY-NC-SA 4.0,P-SIGLA-2026-09-27,source_defined_word,"Directly decoded from SigLA document word list; duplicate memberships retained, not corrected."
SW-000289,HT 135a,2,6;7,AB073 AB077,2,False,SIGLA,CC BY-NC-SA 4.0,P-SIGLA-2026-09-27,source_defined_word,"Directly decoded from SigLA document word list; duplicate memberships retained, not corrected."
SW-000290,HT 135a,3,8;9;10,AB006 AB021 AB024,3,False,SIGLA,CC BY-NC-SA 4.0,P-SIGLA-2026-09-27,source_defined_word,"Directly decoded from SigLA document word list; duplicate memberships retained, not corrected."
SW-000291,HT 135a,4,11,AB073,1,False,SIGLA,CC BY-NC-SA 4.0,P-SIGLA-2026-09-27,source_defined_word,"Directly decoded from SigLA document word list; duplicate memberships retained, not corrected."
SW-000292,HT 135b,0,2;3;4,AB034 AB059 AB024,3,False,SIGLA,CC BY-NC-SA 4.0,P-SIGLA-2026-09-27,source_defined_word,"Directly decoded from SigLA document word list; duplicate memberships retained, not corrected."
SW-000293,HT 136a,0,,,0,False,SIGLA,CC BY-NC-SA 4.0,P-SIGLA-2026-09-27,source_defined_word,"Directly decoded from SigLA document word list; duplicate memberships retained, not corrected."
SW-000294,HT 137,0,,,0,False,SIGLA,CC BY-NC-SA 4.0,P-SIGLA-2026-09-27,source_defined_word,"Directly decoded from SigLA document word list; duplicate memberships retained, not corrected."
SW-000295,HT 137,1,,,0,False,SIGLA,CC BY-NC-SA 4.0,P-SIGLA-2026-09-27,source_defined_word,"Directly decoded from SigLA document word list; duplicate memberships retained, not corrected."
SW-000296,HT 137,2,3,AB066,1,False,SIGLA,CC BY-NC-SA 4.0,P-SIGLA-2026-09-27,source_defined_word,"Directly decoded from SigLA document word list; duplicate memberships retained, not corrected."
SW-000297,HT 139,0,2;3;4,AB050 AB080 AB081,3,False,SIGLA,CC BY-NC-SA 4.0,P-SIGLA-2026-09-27,source_defined_word,"Directly decoded from SigLA document word list; duplicate memberships retained, not corrected."
SW-000298,HT 139,1,8;9,AB077 AB076,2,False,SIGLA,CC BY-NC-SA 4.0,P-SIGLA-2026-09-27,source_defined_word,"Directly decoded from SigLA document word list; duplicate memberships retained, not corrected."
SW-000299,HT 14,0,1;2,AB050 AB131,2,False,SIGLA,CC BY-NC-SA 4.0,P-SIGLA-2026-09-27,source_defined_word,"Directly decoded from SigLA document word list; duplicate memberships retained, not corrected."
SW-000300,HT 14,1,10;11;12;13,AB008 AB029 AB006 AB051,4,False,SIGLA,CC BY-NC-SA 4.0,P-SIGLA-2026-09-27,source_defined_word,"Directly decoded from SigLA document word list; duplicate memberships retained, not corrected."
SW-000301,HT 140,0,1;2;3,AB010 AB034 AB041,3,False,SIGLA,CC BY-NC-SA 4.0,P-SIGLA-2026-09-27,source_defined_word,"Directly decoded from SigLA document word list; duplicate memberships retained, not corrected."
SW-000302,HT 140,1,4;5;6,AB086 AB041 AB030,3,False,SIGLA,CC BY-NC-SA 4.0,P-SIGLA-2026-09-27,source_defined_word,"Directly decoded from SigLA document word list; duplicate memberships retained, not corrected."
SW-000303,HT 140,2,7;8,AB046 AB007,2,False,SIGLA,CC BY-NC-SA 4.0,P-SIGLA-2026-09-27,source_defined_word,"Directly decoded from SigLA document word list; duplicate memberships retained, not corrected."
SW-000304,HT 140,3,12;13;14,AB010 AB034 AB041,3,False,SIGLA,CC BY-NC-SA 4.0,P-SIGLA-2026-09-27,source_defined_word,"Directly decoded from SigLA document word list; duplicate memberships retained, not corrected."
SW-000305,HT 140,4,16;17,AB118 AB077,2,False,SIGLA,CC BY-NC-SA 4.0,P-SIGLA-2026-09-27,source_defined_word,"Directly decoded from SigLA document word list; duplicate memberships retained, not corrected."
SW-000306,HT 140,5,18;19,AB077 AB080,2,False,SIGLA,CC BY-NC-SA 4.0,P-SIGLA-2026-09-27,source_defined_word,"Directly decoded from SigLA document word list; duplicate memberships retained, not corrected."
SW-000307,HT 140,6,28;29,AB077 AB003,2,False,SIGLA,CC BY-NC-SA 4.0,P-SIGLA-2026-09-27,source_defined_word,"Directly decoded from SigLA document word list; duplicate memberships retained, not corrected."
SW-000308,HT 141,0,2;3,AB008 AB053,2,False,SIGLA,CC BY-NC-SA 4.0,P-SIGLA-2026-09-27,source_defined_word,"Directly decoded from SigLA document word list; duplicate memberships retained, not corrected."
SW-000309,HT 141,1,4;5,AB026 AB007,2,False,SIGLA,CC BY-NC-SA 4.0,P-SIGLA-2026-09-27,source_defined_word,"Directly decoded from SigLA document word list; duplicate memberships retained, not corrected."
SW-000310,HT 142,0,,,0,False,SIGLA,CC BY-NC-SA 4.0,P-SIGLA-2026-09-27,source_defined_word,"Directly decoded from SigLA document word list; duplicate memberships retained, not corrected."
SW-000311,HT 144,0,,,0,False,SIGLA,CC BY-NC-SA 4.0,P-SIGLA-2026-09-27,source_defined_word,"Directly decoded from SigLA document word list; duplicate memberships retained, not corrected."
SW-000312,HT 144,1,2,AB061,1,False,SIGLA,CC BY-NC-SA 4.0,P-SIGLA-2026-09-27,source_defined_word,"Directly decoded from SigLA document word list; duplicate memberships retained, not corrected."
SW-000313,HT 144,2,,,0,False,SIGLA,CC BY-NC-SA 4.0,P-SIGLA-2026-09-27,source_defined_word,"Directly decoded from SigLA document word list; duplicate memberships retained, not corrected."
SW-000314,HT 146,0,1,AB078,1,False,SIGLA,CC BY-NC-SA 4.0,P-SIGLA-2026-09-27,source_defined_word,"Directly decoded from SigLA document word list; duplicate memberships retained, not corrected."
SW-000315,HT 146,1,2;3,AB053 A305,2,False,SIGLA,CC BY-NC-SA 4.0,P-SIGLA-2026-09-27,source_defined_word,"Directly decoded from SigLA document word list; duplicate memberships retained, not corrected."
SW-000316,HT 146,2,5;6;7,AB053 AB077 AB059,3,False,SIGLA,CC BY-NC-SA 4.0,P-SIGLA-2026-09-27,source_defined_word,"Directly decoded from SigLA document word list; duplicate memberships retained, not corrected."
SW-000317,HT 147,0,1,AB060,1,False,SIGLA,CC BY-NC-SA 4.0,P-SIGLA-2026-09-27,source_defined_word,"Directly decoded from SigLA document word list; duplicate memberships retained, not corrected."
SW-000318,HT 15,0,1;2;3,AB010 AB034 AB041,3,False,SIGLA,CC BY-NC-SA 4.0,P-SIGLA-2026-09-27,source_defined_word,"Directly decoded from SigLA document word list; duplicate memberships retained, not corrected."
SW-000319,HT 15,1,5;6;7,AB051 AB123 AB008,3,False,SIGLA,CC BY-NC-SA 4.0,P-SIGLA-2026-09-27,source_defined_word,"Directly decoded from SigLA document word list; duplicate memberships retained, not corrected."
SW-000320,HT 15,2,10;11,AB067 AB002,2,False,SIGLA,CC BY-NC-SA 4.0,P-SIGLA-2026-09-27,source_defined_word,"Directly decoded from SigLA document word list; duplicate memberships retained, not corrected."
SW-000321,HT 154,0,2,AB037,1,False,SIGLA,CC BY-NC-SA 4.0,P-SIGLA-2026-09-27,source_defined_word,"Directly decoded from SigLA document word list; duplicate memberships retained, not corrected."
SW-000322,HT 154,1,3,AB067,1,False,SIGLA,CC BY-NC-SA 4.0,P-SIGLA-2026-09-27,source_defined_word,"Directly decoded from SigLA document word list; duplicate memberships retained, not corrected."
SW-000323,HT 154A,0,1;2;3;4,AB069 AB013 AB003 AB057,4,False,SIGLA,CC BY-NC-SA 4.0,P-SIGLA-2026-09-27,source_defined_word,"Directly decoded from SigLA document word list; duplicate memberships retained, not corrected."
SW-000324,HT 154A,1,,,0,False,SIGLA,CC BY-NC-SA 4.0,P-SIGLA-2026-09-27,source_defined_word,"Directly decoded from SigLA document word list; duplicate memberships retained, not corrected."
SW-000325,HT 154A,2,,,0,False,SIGLA,CC BY-NC-SA 4.0,P-SIGLA-2026-09-27,source_defined_word,"Directly decoded from SigLA document word list; duplicate memberships retained, not corrected."
SW-000326,HT 154C,0,1;2,AB006 AB073,2,False,SIGLA,CC BY-NC-SA 4.0,P-SIGLA-2026-09-27,source_defined_word,"Directly decoded from SigLA document word list; duplicate memberships retained, not corrected."
SW-000327,HT 154C,1,,,0,False,SIGLA,CC BY-NC-SA 4.0,P-SIGLA-2026-09-27,source_defined_word,"Directly decoded from SigLA document word list; duplicate memberships retained, not corrected."
SW-000328,HT 154E,0,,,0,False,SIGLA,CC BY-NC-SA 4.0,P-SIGLA-2026-09-27,source_defined_word,"Directly decoded from SigLA document word list; duplicate memberships retained, not corrected."
SW-000329,HT 154G,0,,,0,False,SIGLA,CC BY-NC-SA 4.0,P-SIGLA-2026-09-27,source_defined_word,"Directly decoded from SigLA document word list; duplicate memberships retained, not corrected."
SW-000330,HT 154Ja,0,1;2,AB055 AB027,2,False,SIGLA,CC BY-NC-SA 4.0,P-SIGLA-2026-09-27,source_defined_word,"Directly decoded from SigLA document word list; duplicate memberships retained, not corrected."
SW-000331,HT 154Jb,0,,,0,False,SIGLA,CC BY-NC-SA 4.0,P-SIGLA-2026-09-27,source_defined_word,"Directly decoded from SigLA document word list; duplicate memberships retained, not corrected."
SW-000332,HT 154K,0,,,0,False,SIGLA,CC BY-NC-SA 4.0,P-SIGLA-2026-09-27,source_defined_word,"Directly decoded from SigLA document word list; duplicate memberships retained, not corrected."
SW-000333,HT 154K,1,,,0,False,SIGLA,CC BY-NC-SA 4.0,P-SIGLA-2026-09-27,source_defined_word,"Directly decoded from SigLA document word list; duplicate memberships retained, not corrected."
SW-000334,HT 154M,0,,,0,False,SIGLA,CC BY-NC-SA 4.0,P-SIGLA-2026-09-27,source_defined_word,"Directly decoded from SigLA document word list; duplicate memberships retained, not corrected."
SW-000335,HT 154M,1,,,0,False,SIGLA,CC BY-NC-SA 4.0,P-SIGLA-2026-09-27,source_defined_word,"Directly decoded from SigLA document word list; duplicate memberships retained, not corrected."
SW-000336,HT 154N,0,1,AB041,1,False,SIGLA,CC BY-NC-SA 4.0,P-SIGLA-2026-09-27,source_defined_word,"Directly decoded from SigLA document word list; duplicate memberships retained, not corrected."
SW-000337,HT 154N,1,2,AB041,1,False,SIGLA,CC BY-NC-SA 4.0,P-SIGLA-2026-09-27,source_defined_word,"Directly decoded from SigLA document word list; duplicate memberships retained, not corrected."
SW-000338,HT 16,0,1;2;3,AB077 AB081 AB003,3,False,SIGLA,CC BY-NC-SA 4.0,P-SIGLA-2026-09-27,source_defined_word,"Directly decoded from SigLA document word list; duplicate memberships retained, not corrected."
SW-000339,HT 16,1,4;5;6,AB007 AB006 AB010,3,False,SIGLA,CC BY-NC-SA 4.0,P-SIGLA-2026-09-27,source_defined_word,"Directly decoded from SigLA document word list; duplicate memberships retained, not corrected."
SW-000340,HT 16,2,13;14,AB031 AB011,2,False,SIGLA,CC BY-NC-SA 4.0,P-SIGLA-2026-09-27,source_defined_word,"Directly decoded from SigLA document word list; duplicate memberships retained, not corrected."
SW-000341,HT 17,0,1;2;3,AB060 AB164 AB037,3,False,SIGLA,CC BY-NC-SA 4.0,P-SIGLA-2026-09-27,source_defined_word,"Directly decoded from SigLA document word list; duplicate memberships retained, not corrected."
SW-000342,HT 17,1,7;8,AB031 AB002,2,False,SIGLA,CC BY-NC-SA 4.0,P-SIGLA-2026-09-27,source_defined_word,"Directly decoded from SigLA document word list; duplicate memberships retained, not corrected."
SW-000343,HT 17,2,9;10;11,AB041 AB001 AB027,3,False,SIGLA,CC BY-NC-SA 4.0,P-SIGLA-2026-09-27,source_defined_word,"Directly decoded from SigLA document word list; duplicate memberships retained, not corrected."
SW-000344,HT 18,0,1;2,AB003 AB009,2,False,SIGLA,CC BY-NC-SA 4.0,P-SIGLA-2026-09-27,source_defined_word,"Directly decoded from SigLA document word list; duplicate memberships retained, not corrected."
SW-000345,HT 18,1,6;7,AB031 AB076,2,False,SIGLA,CC BY-NC-SA 4.0,P-SIGLA-2026-09-27,source_defined_word,"Directly decoded from SigLA document word list; duplicate memberships retained, not corrected."
SW-000346,HT 19,0,1;2;3,AB060 AB164 AB037,3,False,SIGLA,CC BY-NC-SA 4.0,P-SIGLA-2026-09-27,source_defined_word,"Directly decoded from SigLA document word list; duplicate memberships retained, not corrected."
SW-000347,HT 19,1,6;7,AB031 AB002,2,False,SIGLA,CC BY-NC-SA 4.0,P-SIGLA-2026-09-27,source_defined_word,"Directly decoded from SigLA document word list; duplicate memberships retained, not corrected."
SW-000348,HT 19,2,9;10;11,AB051 AB013 AB007,3,False,SIGLA,CC BY-NC-SA 4.0,P-SIGLA-2026-09-27,source_defined_word,"Directly decoded from SigLA document word list; duplicate memberships retained, not corrected."
SW-000349,HT 2,0,1;2;3,AB008 AB077 AB026,3,False,SIGLA,CC BY-NC-SA 4.0,P-SIGLA-2026-09-27,source_defined_word,"Directly decoded from SigLA document word list; duplicate memberships retained, not corrected."
SW-000350,HT 2,1,7;8;9;10,AB067 AB027 AB059 AB006,4,False,SIGLA,CC BY-NC-SA 4.0,P-SIGLA-2026-09-27,source_defined_word,"Directly decoded from SigLA document word list; duplicate memberships retained, not corrected."
SW-000351,HT 20,0,1;2;3,AB003 AB002 AB058,3,False,SIGLA,CC BY-NC-SA 4.0,P-SIGLA-2026-09-27,source_defined_word,"Directly decoded from SigLA document word list; duplicate memberships retained, not corrected."
SW-000352,HT 20,1,4;5;6,AB081 AB080 AB065,3,False,SIGLA,CC BY-NC-SA 4.0,P-SIGLA-2026-09-27,source_defined_word,"Directly decoded from SigLA document word list; duplicate memberships retained, not corrected."
SW-000353,HT 20,2,8;9;10,AB078 AB081 AB027,3,False,SIGLA,CC BY-NC-SA 4.0,P-SIGLA-2026-09-27,source_defined_word,"Directly decoded from SigLA document word list; duplicate memberships retained, not corrected."
SW-000354,HT 20,3,15;16;17,AB031 AB027 AB065,3,False,SIGLA,CC BY-NC-SA 4.0,P-SIGLA-2026-09-27,source_defined_word,"Directly decoded from SigLA document word list; duplicate memberships retained, not corrected."
SW-000355,HT 21,0,1;2;3;4,AB039 AB059 AB077 AB009,4,False,SIGLA,CC BY-NC-SA 4.0,P-SIGLA-2026-09-27,source_defined_word,"Directly decoded from SigLA document word list; duplicate memberships retained, not corrected."
SW-000356,HT 23a,0,1;2,AB077 AB006,2,False,SIGLA,CC BY-NC-SA 4.0,P-SIGLA-2026-09-27,source_defined_word,"Directly decoded from SigLA document word list; duplicate memberships retained, not corrected."
SW-000357,HT 23a,1,19;20;21;22,AB021 AB053 AB069 AB016,4,False,SIGLA,CC BY-NC-SA 4.0,P-SIGLA-2026-09-27,source_defined_word,"Directly decoded from SigLA document word list; duplicate memberships retained, not corrected."
SW-000358,HT 23a,2,24;25;26,AB031 AB031 AB013,3,False,SIGLA,CC BY-NC-SA 4.0,P-SIGLA-2026-09-27,source_defined_word,"Directly decoded from SigLA document word list; duplicate memberships retained, not corrected."
SW-000359,HT 23a,3,29;30,AB070 AB026,2,False,SIGLA,CC BY-NC-SA 4.0,P-SIGLA-2026-09-27,source_defined_word,"Directly decoded from SigLA document word list; duplicate memberships retained, not corrected."
SW-000360,HT 23b,0,1;2,AB030 AB060,2,False,SIGLA,CC BY-NC-SA 4.0,P-SIGLA-2026-09-27,source_defined_word,"Directly decoded from SigLA document word list; duplicate memberships retained, not corrected."
SW-000361,HT 23b,1,8,AB023,1,False,SIGLA,CC BY-NC-SA 4.0,P-SIGLA-2026-09-27,source_defined_word,"Directly decoded from SigLA document word list; duplicate memberships retained, not corrected."
SW-000362,HT 23b,2,9,AB050,1,False,SIGLA,CC BY-NC-SA 4.0,P-SIGLA-2026-09-27,source_defined_word,"Directly decoded from SigLA document word list; duplicate memberships retained, not corrected."
SW-000363,HT 23b,3,,,0,False,SIGLA,CC BY-NC-SA 4.0,P-SIGLA-2026-09-27,source_defined_word,"Directly decoded from SigLA document word list; duplicate memberships retained, not corrected."
SW-000364,HT 24a,0,1;2;3;4,AB081 AB056 AB053 AB057,4,False,SIGLA,CC BY-NC-SA 4.0,P-SIGLA-2026-09-27,source_defined_word,"Directly decoded from SigLA document word list; duplicate memberships retained, not corrected."
SW-000365,HT 24a,1,11;12;13;14,AB003 AB031 AB053 AB057,4,False,SIGLA,CC BY-NC-SA 4.0,P-SIGLA-2026-09-27,source_defined_word,"Directly decoded from SigLA document word list; duplicate memberships retained, not corrected."
SW-000366,HT 24a,2,16;18;19,AB026 AB028 AB070,3,False,SIGLA,CC BY-NC-SA 4.0,P-SIGLA-2026-09-27,source_defined_word,"Directly decoded from SigLA document word list; duplicate memberships retained, not corrected."
SW-000367,HT 25a,0,1;2;3,AB007 AB006 AB010,3,False,SIGLA,CC BY-NC-SA 4.0,P-SIGLA-2026-09-27,source_defined_word,"Directly decoded from SigLA document word list; duplicate memberships retained, not corrected."
SW-000368,HT 25a,1,4;5,AB026 AB030,2,False,SIGLA,CC BY-NC-SA 4.0,P-SIGLA-2026-09-27,source_defined_word,"Directly decoded from SigLA document word list; duplicate memberships retained, not corrected."
SW-000369,HT 25a,2,6;7;8,AB010 AB027 AB040,3,False,SIGLA,CC BY-NC-SA 4.0,P-SIGLA-2026-09-27,source_defined_word,"Directly decoded from SigLA document word list; duplicate memberships retained, not corrected."
SW-000370,HT 25a,3,9;10;11,AB007 AB006 AB010,3,False,SIGLA,CC BY-NC-SA 4.0,P-SIGLA-2026-09-27,source_defined_word,"Directly decoded from SigLA document word list; duplicate memberships retained, not corrected."
SW-000371,HT 25a,4,12;13;14;15,AB008 AB053 AB030 AB059,4,False,SIGLA,CC BY-NC-SA 4.0,P-SIGLA-2026-09-27,source_defined_word,"Directly decoded from SigLA document word list; duplicate memberships retained, not corrected."
SW-000372,HT 25a,5,16;17;18,AB069 AB078 AB055,3,False,SIGLA,CC BY-NC-SA 4.0,P-SIGLA-2026-09-27,source_defined_word,"Directly decoded from SigLA document word list; duplicate memberships retained, not corrected."
SW-000373,HT 25a,6,19;20;21,AB079 AB065 AB029,3,False,SIGLA,CC BY-NC-SA 4.0,P-SIGLA-2026-09-27,source_defined_word,"Directly decoded from SigLA document word list; duplicate memberships retained, not corrected."
SW-000374,HT 25a,7,22;23;24,AB051 AB026 AB040,3,False,SIGLA,CC BY-NC-SA 4.0,P-SIGLA-2026-09-27,source_defined_word,"Directly decoded from SigLA document word list; duplicate memberships retained, not corrected."
SW-000375,HT 25a,8,25;26;27,AB028 AB067 AB060,3,False,SIGLA,CC BY-NC-SA 4.0,P-SIGLA-2026-09-27,source_defined_word,"Directly decoded from SigLA document word list; duplicate memberships retained, not corrected."
SW-000376,HT 25b,0,,,0,False,SIGLA,CC BY-NC-SA 4.0,P-SIGLA-2026-09-27,source_defined_word,"Directly decoded from SigLA document word list; duplicate memberships retained, not corrected."
SW-000377,HT 25b,1,2;3,AB081 AB002,2,False,SIGLA,CC BY-NC-SA 4.0,P-SIGLA-2026-09-27,source_defined_word,"Directly decoded from SigLA document word list; duplicate memberships retained, not corrected."
SW-000378,HT 25b,2,4;5;6,AB040 AB004 AB002,3,False,SIGLA,CC BY-NC-SA 4.0,P-SIGLA-2026-09-27,source_defined_word,"Directly decoded from SigLA document word list; duplicate memberships retained, not corrected."
SW-000379,HT 25b,3,7;8,AB028 AB037,2,False,SIGLA,CC BY-NC-SA 4.0,P-SIGLA-2026-09-27,source_defined_word,"Directly decoded from SigLA document word list; duplicate memberships retained, not corrected."
SW-000380,HT 25b,4,11;12,AB081 AB002,2,False,SIGLA,CC BY-NC-SA 4.0,P-SIGLA-2026-09-27,source_defined_word,"Directly decoded from SigLA document word list; duplicate memberships retained, not corrected."
SW-000381,HT 26a,0,2;3;4,A312 AB004 AB004,3,False,SIGLA,CC BY-NC-SA 4.0,P-SIGLA-2026-09-27,source_defined_word,"Directly decoded from SigLA document word list; duplicate memberships retained, not corrected."
SW-000382,HT 26a,1,5;6,AB059 AB037,2,False,SIGLA,CC BY-NC-SA 4.0,P-SIGLA-2026-09-27,source_defined_word,"Directly decoded from SigLA document word list; duplicate memberships retained, not corrected."
SW-000383,HT 26a,2,7;8;9;10,AB073 AB067 AB009 AB006,4,False,SIGLA,CC BY-NC-SA 4.0,P-SIGLA-2026-09-27,source_defined_word,"Directly decoded from SigLA document word list; duplicate memberships retained, not corrected."
SW-000384,HT 26a,3,11;12;13,AB010 AB055 AB021,3,False,SIGLA,CC BY-NC-SA 4.0,P-SIGLA-2026-09-27,source_defined_word,"Directly decoded from SigLA document word list; duplicate memberships retained, not corrected."
SW-000385,HT 26b,0,,,0,False,SIGLA,CC BY-NC-SA 4.0,P-SIGLA-2026-09-27,source_defined_word,"Directly decoded from SigLA document word list; duplicate memberships retained, not corrected."
SW-000386,HT 26b,1,4;5;6,AB003 AB002 AB030,3,False,SIGLA,CC BY-NC-SA 4.0,P-SIGLA-2026-09-27,source_defined_word,"Directly decoded from SigLA document word list; duplicate memberships retained, not corrected."
SW-000387,HT 26b,2,7;8;9;10,AB077 AB010 AB079 AB030,4,False,SIGLA,CC BY-NC-SA 4.0,P-SIGLA-2026-09-27,source_defined_word,"Directly decoded from SigLA document word list; duplicate memberships retained, not corrected."
SW-000388,HT 26b,3,12;13,AB028 A308,2,False,SIGLA,CC BY-NC-SA 4.0,P-SIGLA-2026-09-27,source_defined_word,"Directly decoded from SigLA document word list; duplicate memberships retained, not corrected."
SW-000389,HT 26b,4,14;15,AB188 AB086,2,False,SIGLA,CC BY-NC-SA 4.0,P-SIGLA-2026-09-27,source_defined_word,"Directly decoded from SigLA document word list; duplicate memberships retained, not corrected."
SW-000390,HT 27a,0,1;2;3,AB037 AB030 AB059,3,False,SIGLA,CC BY-NC-SA 4.0,P-SIGLA-2026-09-27,source_defined_word,"Directly decoded from SigLA document word list; duplicate memberships retained, not corrected."
SW-000391,HT 27a,1,8;9;10;11,AB028 AB073 AB031 AB060,4,False,SIGLA,CC BY-NC-SA 4.0,P-SIGLA-2026-09-27,source_defined_word,"Directly decoded from SigLA document word list; duplicate memberships retained, not corrected."
SW-000392,HT 27a,2,12,AB078,1,False,SIGLA,CC BY-NC-SA 4.0,P-SIGLA-2026-09-27,source_defined_word,"Directly decoded from SigLA document word list; duplicate memberships retained, not corrected."
SW-000393,HT 27a,3,13;14,AB067 AB001,2,False,SIGLA,CC BY-NC-SA 4.0,P-SIGLA-2026-09-27,source_defined_word,"Directly decoded from SigLA document word list; duplicate memberships retained, not corrected."
SW-000394,HT 27a,4,15;16,AB067 A310,2,False,SIGLA,CC BY-NC-SA 4.0,P-SIGLA-2026-09-27,source_defined_word,"Directly decoded from SigLA document word list; duplicate memberships retained, not corrected."
SW-000395,HT 27a,5,17;18,AB081 A305,2,False,SIGLA,CC BY-NC-SA 4.0,P-SIGLA-2026-09-27,source_defined_word,"Directly decoded from SigLA document word list; duplicate memberships retained, not corrected."
SW-000396,HT 27a,6,19;20;21,AB031 AB060 AB007,3,False,SIGLA,CC BY-NC-SA 4.0,P-SIGLA-2026-09-27,source_defined_word,"Directly decoded from SigLA document word list; duplicate memberships retained, not corrected."
SW-000397,HT 27a,7,23;24,AB081 AB002,2,False,SIGLA,CC BY-NC-SA 4.0,P-SIGLA-2026-09-27,source_defined_word,"Directly decoded from SigLA document word list; duplicate memberships retained, not corrected."
SW-000398,HT 27b,0,1;2,AB073 AB001,2,False,SIGLA,CC BY-NC-SA 4.0,P-SIGLA-2026-09-27,source_defined_word,"Directly decoded from SigLA document word list; duplicate memberships retained, not corrected."
SW-000399,HT 27b,1,,,0,False,SIGLA,CC BY-NC-SA 4.0,P-SIGLA-2026-09-27,source_defined_word,"Directly decoded from SigLA document word list; duplicate memberships retained, not corrected."
SW-000400,HT 27b,2,11;12,AB003 AB009,2,False,SIGLA,CC BY-NC-SA 4.0,P-SIGLA-2026-09-27,source_defined_word,"Directly decoded from SigLA document word list; duplicate memberships retained, not corrected."
SW-000401,HT 28a,0,1;2;3;4,AB008 AB041 AB057 AB077,4,False,SIGLA,CC BY-NC-SA 4.0,P-SIGLA-2026-09-27,source_defined_word,"Directly decoded from SigLA document word list; duplicate memberships retained, not corrected."
SW-000402,HT 28a,1,5;6,AB057 AB021,2,False,SIGLA,CC BY-NC-SA 4.0,P-SIGLA-2026-09-27,source_defined_word,"Directly decoded from SigLA document word list; duplicate memberships retained, not corrected."
SW-000403,HT 28a,2,14;15,AB031 AB072,2,False,SIGLA,CC BY-NC-SA 4.0,P-SIGLA-2026-09-27,source_defined_word,"Directly decoded from SigLA document word list; duplicate memberships retained, not corrected."
SW-000404,HT 28a,3,21;22;23;24,AB008 AB026 AB001 AB060,4,False,SIGLA,CC BY-NC-SA 4.0,P-SIGLA-2026-09-27,source_defined_word,"Directly decoded from SigLA document word list; duplicate memberships retained, not corrected."
SW-000405,HT 28a,4,28;29;30,AB028 AB059 AB057,3,False,SIGLA,CC BY-NC-SA 4.0,P-SIGLA-2026-09-27,source_defined_word,"Directly decoded from SigLA document word list; duplicate memberships retained, not corrected."
SW-000406,HT 28b,0,1;2;3;4,AB008 AB041 AB057 AB077,4,False,SIGLA,CC BY-NC-SA 4.0,P-SIGLA-2026-09-27,source_defined_word,"Directly decoded from SigLA document word list; duplicate memberships retained, not corrected."
SW-000407,HT 28b,1,5;6;7;8,AB010 AB073 AB006 AB041,4,False,SIGLA,CC BY-NC-SA 4.0,P-SIGLA-2026-09-27,source_defined_word,"Directly decoded from SigLA document word list; duplicate memberships retained, not corrected."
SW-000408,HT 28b,2,9;10,AB031 AB076,2,False,SIGLA,CC BY-NC-SA 4.0,P-SIGLA-2026-09-27,source_defined_word,"Directly decoded from SigLA document word list; duplicate memberships retained, not corrected."
SW-000409,HT 28b,3,15;16,AB050 AB076,2,False,SIGLA,CC BY-NC-SA 4.0,P-SIGLA-2026-09-27,source_defined_word,"Directly decoded from SigLA document word list; duplicate memberships retained, not corrected."
SW-000410,HT 28b,4,18;19,AB057 AB021,2,False,SIGLA,CC BY-NC-SA 4.0,P-SIGLA-2026-09-27,source_defined_word,"Directly decoded from SigLA document word list; duplicate memberships retained, not corrected."
SW-000411,HT 28b,5,22;23;24,AB040 AB007 AB006,3,False,SIGLA,CC BY-NC-SA 4.0,P-SIGLA-2026-09-27,source_defined_word,"Directly decoded from SigLA document word list; duplicate memberships retained, not corrected."
SW-000412,HT 29,0,1;2;3,AB026 AB080 AB059,3,False,SIGLA,CC BY-NC-SA 4.0,P-SIGLA-2026-09-27,source_defined_word,"Directly decoded from SigLA document word list; duplicate memberships retained, not corrected."
SW-000413,HT 29,1,5;6;7,AB003 AB057 AB027,3,False,SIGLA,CC BY-NC-SA 4.0,P-SIGLA-2026-09-27,source_defined_word,"Directly decoded from SigLA document word list; duplicate memberships retained, not corrected."
SW-000414,HT 29,2,9;10;12,AB007 AB057 AB028,3,False,SIGLA,CC BY-NC-SA 4.0,P-SIGLA-2026-09-27,source_defined_word,"Directly decoded from SigLA document word list; duplicate memberships retained, not corrected."
SW-000415,HT 29,3,13;14;15,AB031 A323 AB073,3,False,SIGLA,CC BY-NC-SA 4.0,P-SIGLA-2026-09-27,source_defined_word,"Directly decoded from SigLA document word list; duplicate memberships retained, not corrected."
SW-000416,HT 29,4,16;17;18,A340 AB067 AB059,3,False,SIGLA,CC BY-NC-SA 4.0,P-SIGLA-2026-09-27,source_defined_word,"Directly decoded from SigLA document word list; duplicate memberships retained, not corrected."
SW-000417,HT 29,5,22;23;24;26,AB008 AB027 AB001 AB028,4,False,SIGLA,CC BY-NC-SA 4.0,P-SIGLA-2026-09-27,source_defined_word,"Directly decoded from SigLA document word list; duplicate memberships retained, not corrected."
SW-000418,HT 29,6,27;28;30;31,AB077 AB051 AB080 AB024,4,False,SIGLA,CC BY-NC-SA 4.0,P-SIGLA-2026-09-27,source_defined_word,"Directly decoded from SigLA document word list; duplicate memberships retained, not corrected."
SW-000419,HT 3,0,1;2,AB080 AB007,2,False,SIGLA,CC BY-NC-SA 4.0,P-SIGLA-2026-09-27,source_defined_word,"Directly decoded from SigLA document word list; duplicate memberships retained, not corrected."
SW-000420,HT 3,1,3;4,AB007 AB006,2,False,SIGLA,CC BY-NC-SA 4.0,P-SIGLA-2026-09-27,source_defined_word,"Directly decoded from SigLA document word list; duplicate memberships retained, not corrected."
SW-000421,HT 3,2,5;6;7,AB078 AB076 AB057,3,False,SIGLA,CC BY-NC-SA 4.0,P-SIGLA-2026-09-27,source_defined_word,"Directly decoded from SigLA document word list; duplicate memberships retained, not corrected."
SW-000422,HT 3,3,,,0,False,SIGLA,CC BY-NC-SA 4.0,P-SIGLA-2026-09-27,source_defined_word,"Directly decoded from SigLA document word list; duplicate memberships retained, not corrected."
SW-000423,HT 3,4,10;11,AB023 AB026,2,False,SIGLA,CC BY-NC-SA 4.0,P-SIGLA-2026-09-27,source_defined_word,"Directly decoded from SigLA document word list; duplicate memberships retained, not corrected."
SW-000424,HT 3,5,12,AB026,1,False,SIGLA,CC BY-NC-SA 4.0,P-SIGLA-2026-09-27,source_defined_word,"Directly decoded from SigLA document word list; duplicate memberships retained, not corrected."
SW-000425,HT 3,6,13;14;15;16,AB041 AB069 AB076 AB027,4,False,SIGLA,CC BY-NC-SA 4.0,P-SIGLA-2026-09-27,source_defined_word,"Directly decoded from SigLA document word list; duplicate memberships retained, not corrected."
SW-000426,HT 3,7,,,0,False,SIGLA,CC BY-NC-SA 4.0,P-SIGLA-2026-09-27,source_defined_word,"Directly decoded from SigLA document word list; duplicate memberships retained, not corrected."
SW-000427,HT 3,8,18;19;20,AB081 AB056 AB055,3,False,SIGLA,CC BY-NC-SA 4.0,P-SIGLA-2026-09-27,source_defined_word,"Directly decoded from SigLA document word list; duplicate memberships retained, not corrected."
SW-000428,HT 3,9,21;22,AB080 AB007,2,False,SIGLA,CC BY-NC-SA 4.0,P-SIGLA-2026-09-27,source_defined_word,"Directly decoded from SigLA document word list; duplicate memberships retained, not corrected."
SW-000429,HT 3,10,23,AB001,1,False,SIGLA,CC BY-NC-SA 4.0,P-SIGLA-2026-09-27,source_defined_word,"Directly decoded from SigLA document word list; duplicate memberships retained, not corrected."
SW-000430,HT 30,0,2;3,AB031 AB076,2,False,SIGLA,CC BY-NC-SA 4.0,P-SIGLA-2026-09-27,source_defined_word,"Directly decoded from SigLA document word list; duplicate memberships retained, not corrected."
SW-000431,HT 30,1,15;16;17,AB031 AB060 AB060,3,False,SIGLA,CC BY-NC-SA 4.0,P-SIGLA-2026-09-27,source_defined_word,"Directly decoded from SigLA document word list; duplicate memberships retained, not corrected."
SW-000432,HT 30,2,20;21,AB067 AB002,2,False,SIGLA,CC BY-NC-SA 4.0,P-SIGLA-2026-09-27,source_defined_word,"Directly decoded from SigLA document word list; duplicate memberships retained, not corrected."
SW-000433,HT 31,0,2;3,AB037 AB031,2,False,SIGLA,CC BY-NC-SA 4.0,P-SIGLA-2026-09-27,source_defined_word,"Directly decoded from SigLA document word list; duplicate memberships retained, not corrected."
SW-000434,HT 31,1,4;5,AB050 AB070,2,False,SIGLA,CC BY-NC-SA 4.0,P-SIGLA-2026-09-27,source_defined_word,"Directly decoded from SigLA document word list; duplicate memberships retained, not corrected."
SW-000435,HT 31,2,8;9,AB016 AB056,2,False,SIGLA,CC BY-NC-SA 4.0,P-SIGLA-2026-09-27,source_defined_word,"Directly decoded from SigLA document word list; duplicate memberships retained, not corrected."
SW-000436,HT 31,3,11;12,AB058 AB050,2,False,SIGLA,CC BY-NC-SA 4.0,P-SIGLA-2026-09-27,source_defined_word,"Directly decoded from SigLA document word list; duplicate memberships retained, not corrected."
SW-000437,HT 31,4,14;15;16,AB077 AB002 AB056,3,False,SIGLA,CC BY-NC-SA 4.0,P-SIGLA-2026-09-27,source_defined_word,"Directly decoded from SigLA document word list; duplicate memberships retained, not corrected."
SW-000438,HT 31,5,17;18;19,AB031 AB057 AB080,3,False,SIGLA,CC BY-NC-SA 4.0,P-SIGLA-2026-09-27,source_defined_word,"Directly decoded from SigLA document word list; duplicate memberships retained, not corrected."
SW-000439,HT 31,6,20;21;22;23;24,AB067 AB045 AB080 A323 AB006,5,False,SIGLA,CC BY-NC-SA 4.0,P-SIGLA-2026-09-27,source_defined_word,"Directly decoded from SigLA document word list; duplicate memberships retained, not corrected."
SW-000440,HT 31,7,27;28;29,AB058 AB056 AB060,3,False,SIGLA,CC BY-NC-SA 4.0,P-SIGLA-2026-09-27,source_defined_word,"Directly decoded from SigLA document word list; duplicate memberships retained, not corrected."
SW-000441,HT 31,8,31;32;33,AB003 AB059 AB078,3,False,SIGLA,CC BY-NC-SA 4.0,P-SIGLA-2026-09-27,source_defined_word,"Directly decoded from SigLA document word list; duplicate memberships retained, not corrected."
SW-000442,HT 32,0,2;3,AB031 AB076,2,False,SIGLA,CC BY-NC-SA 4.0,P-SIGLA-2026-09-27,source_defined_word,"Directly decoded from SigLA document word list; duplicate memberships retained, not corrected."
SW-000443,HT 32,1,13;14,AB058 AB027,2,False,SIGLA,CC BY-NC-SA 4.0,P-SIGLA-2026-09-27,source_defined_word,"Directly decoded from SigLA document word list; duplicate memberships retained, not corrected."
SW-000444,HT 33,0,,,0,False,SIGLA,CC BY-NC-SA 4.0,P-SIGLA-2026-09-27,source_defined_word,"Directly decoded from SigLA document word list; duplicate memberships retained, not corrected."
SW-000445,HT 33,1,2;3,AB031 AB076,2,False,SIGLA,CC BY-NC-SA 4.0,P-SIGLA-2026-09-27,source_defined_word,"Directly decoded from SigLA document word list; duplicate memberships retained, not corrected."
SW-000446,HT 34,0,1;2;3,AB001 AB065 AB004,3,False,SIGLA,CC BY-NC-SA 4.0,P-SIGLA-2026-09-27,source_defined_word,"Directly decoded from SigLA document word list; duplicate memberships retained, not corrected."
SW-000447,HT 34,1,4;5,AB041 A516,2,False,SIGLA,CC BY-NC-SA 4.0,P-SIGLA-2026-09-27,source_defined_word,"Directly decoded from SigLA document word list; duplicate memberships retained, not corrected."
SW-000448,HT 34,2,6;7,AB031 AB076,2,False,SIGLA,CC BY-NC-SA 4.0,P-SIGLA-2026-09-27,source_defined_word,"Directly decoded from SigLA document word list; duplicate memberships retained, not corrected."
SW-000449,HT 34,3,23;24,AB067 AB002,2,False,SIGLA,CC BY-NC-SA 4.0,P-SIGLA-2026-09-27,source_defined_word,"Directly decoded from SigLA document word list; duplicate memberships retained, not corrected."
SW-000450,HT 35,0,1;2;3,AB037 AB037 AB081,3,False,SIGLA,CC BY-NC-SA 4.0,P-SIGLA-2026-09-27,source_defined_word,"Directly decoded from SigLA document word list; duplicate memberships retained, not corrected."
SW-000451,HT 35,1,5;6;7,AB028 AB081 AB059,3,False,SIGLA,CC BY-NC-SA 4.0,P-SIGLA-2026-09-27,source_defined_word,"Directly decoded from SigLA document word list; duplicate memberships retained, not corrected."
SW-000452,HT 36,0,1;2,AB046 AB007,2,False,SIGLA,CC BY-NC-SA 4.0,P-SIGLA-2026-09-27,source_defined_word,"Directly decoded from SigLA document word list; duplicate memberships retained, not corrected."
SW-000453,HT 36,1,9;10;11,AB051 AB079 AB054,3,False,SIGLA,CC BY-NC-SA 4.0,P-SIGLA-2026-09-27,source_defined_word,"Directly decoded from SigLA document word list; duplicate memberships retained, not corrected."
SW-000454,HT 37,0,2;3,AB077 AB067,2,False,SIGLA,CC BY-NC-SA 4.0,P-SIGLA-2026-09-27,source_defined_word,"Directly decoded from SigLA document word list; duplicate memberships retained, not corrected."
SW-000455,HT 37,1,5;6,AB027 AB058,2,False,SIGLA,CC BY-NC-SA 4.0,P-SIGLA-2026-09-27,source_defined_word,"Directly decoded from SigLA document word list; duplicate memberships retained, not corrected."
SW-000456,HT 37,2,,,0,False,SIGLA,CC BY-NC-SA 4.0,P-SIGLA-2026-09-27,source_defined_word,"Directly decoded from SigLA document word list; duplicate memberships retained, not corrected."
SW-000457,HT 37,3,9;10;11,AB067 A310 AB027,3,False,SIGLA,CC BY-NC-SA 4.0,P-SIGLA-2026-09-27,source_defined_word,"Directly decoded from SigLA document word list; duplicate memberships retained, not corrected."
SW-000458,HT 37,4,12;13,AB067 AB002,2,False,SIGLA,CC BY-NC-SA 4.0,P-SIGLA-2026-09-27,source_defined_word,"Directly decoded from SigLA document word list; duplicate memberships retained, not corrected."
SW-000459,HT 37,5,14;15,AB077 AB067,2,False,SIGLA,CC BY-NC-SA 4.0,P-SIGLA-2026-09-27,source_defined_word,"Directly decoded from SigLA document word list; duplicate memberships retained, not corrected."
SW-000460,HT 37,6,16;17,AB008 AB006,2,False,SIGLA,CC BY-NC-SA 4.0,P-SIGLA-2026-09-27,source_defined_word,"Directly decoded from SigLA document word list; duplicate memberships retained, not corrected."
SW-000461,HT 37,7,19,AB078,1,False,SIGLA,CC BY-NC-SA 4.0,P-SIGLA-2026-09-27,source_defined_word,"Directly decoded from SigLA document word list; duplicate memberships retained, not corrected."
SW-000462,HT 38,0,2;3;4,AB001 AB002 AB003,3,False,SIGLA,CC BY-NC-SA 4.0,P-SIGLA-2026-09-27,source_defined_word,"Directly decoded from SigLA document word list; duplicate memberships retained, not corrected."
SW-000463,HT 39,0,1;2;3,AB059 AB028 AB123,3,False,SIGLA,CC BY-NC-SA 4.0,P-SIGLA-2026-09-27,source_defined_word,"Directly decoded from SigLA document word list; duplicate memberships retained, not corrected."
SW-000464,HT 39,1,4;5;6,AB081 AB027 AB065,3,False,SIGLA,CC BY-NC-SA 4.0,P-SIGLA-2026-09-27,source_defined_word,"Directly decoded from SigLA document word list; duplicate memberships retained, not corrected."
SW-000465,HT 39,2,7,AB081,1,False,SIGLA,CC BY-NC-SA 4.0,P-SIGLA-2026-09-27,source_defined_word,"Directly decoded from SigLA document word list; duplicate memberships retained, not corrected."
SW-000466,HT 39,3,8;9;10,AB031 AB080 AB037,3,False,SIGLA,CC BY-NC-SA 4.0,P-SIGLA-2026-09-27,source_defined_word,"Directly decoded from SigLA document word list; duplicate memberships retained, not corrected."
SW-000467,HT 39,4,11;12,AB081 AB027,2,False,SIGLA,CC BY-NC-SA 4.0,P-SIGLA-2026-09-27,source_defined_word,"Directly decoded from SigLA document word list; duplicate memberships retained, not corrected."
SW-000468,HT 39,5,13;14,AB081 AB002,2,False,SIGLA,CC BY-NC-SA 4.0,P-SIGLA-2026-09-27,source_defined_word,"Directly decoded from SigLA document word list; duplicate memberships retained, not corrected."
SW-000469,HT 4,0,2;3;4;5;6,A306 AB037 AB077 AB008 AB027,5,False,SIGLA,CC BY-NC-SA 4.0,P-SIGLA-2026-09-27,source_defined_word,"Directly decoded from SigLA document word list; duplicate memberships retained, not corrected."
SW-000470,HT 4,1,8;9;10,AB051 AB053 AB004,3,False,SIGLA,CC BY-NC-SA 4.0,P-SIGLA-2026-09-27,source_defined_word,"Directly decoded from SigLA document word list; duplicate memberships retained, not corrected."
SW-000471,HT 4,2,11;12,AB003 AB027,2,False,SIGLA,CC BY-NC-SA 4.0,P-SIGLA-2026-09-27,source_defined_word,"Directly decoded from SigLA document word list; duplicate memberships retained, not corrected."
SW-000472,HT 4,3,13;14;15;16,AB059 AB039 AB041 AB007,4,False,SIGLA,CC BY-NC-SA 4.0,P-SIGLA-2026-09-27,source_defined_word,"Directly decoded from SigLA document word list; duplicate memberships retained, not corrected."
SW-000473,HT 40,0,1;2;3,AB055 AB051 A331,3,False,SIGLA,CC BY-NC-SA 4.0,P-SIGLA-2026-09-27,source_defined_word,"Directly decoded from SigLA document word list; duplicate memberships retained, not corrected."
SW-000474,HT 40,1,6;7;8,AB067 AB001 AB059,3,False,SIGLA,CC BY-NC-SA 4.0,P-SIGLA-2026-09-27,source_defined_word,"Directly decoded from SigLA document word list; duplicate memberships retained, not corrected."
SW-000475,HT 40,2,10;11,AB081 AB002,2,False,SIGLA,CC BY-NC-SA 4.0,P-SIGLA-2026-09-27,source_defined_word,"Directly decoded from SigLA document word list; duplicate memberships retained, not corrected."
SW-000476,HT 40,3,12,AB081,1,False,SIGLA,CC BY-NC-SA 4.0,P-SIGLA-2026-09-27,source_defined_word,"Directly decoded from SigLA document word list; duplicate memberships retained, not corrected."
SW-000477,HT 41a,0,1;2,AB078 AB069,2,False,SIGLA,CC BY-NC-SA 4.0,P-SIGLA-2026-09-27,source_defined_word,"Directly decoded from SigLA document word list; duplicate memberships retained, not corrected."
SW-000478,HT 41a,1,7;8;9,AB073 AB001 AB030,3,False,SIGLA,CC BY-NC-SA 4.0,P-SIGLA-2026-09-27,source_defined_word,"Directly decoded from SigLA document word list; duplicate memberships retained, not corrected."
SW-000479,HT 41a,2,10;11,AB003 AB057,2,False,SIGLA,CC BY-NC-SA 4.0,P-SIGLA-2026-09-27,source_defined_word,"Directly decoded from SigLA document word list; duplicate memberships retained, not corrected."
SW-000480,HT 41b,0,,,0,False,SIGLA,CC BY-NC-SA 4.0,P-SIGLA-2026-09-27,source_defined_word,"Directly decoded from SigLA document word list; duplicate memberships retained, not corrected."
SW-000481,HT 42+59,0,1,AB059,1,False,SIGLA,CC BY-NC-SA 4.0,P-SIGLA-2026-09-27,source_defined_word,"Directly decoded from SigLA document word list; duplicate memberships retained, not corrected."
SW-000482,HT 42+59,1,6;7,AB031 AB002,2,False,SIGLA,CC BY-NC-SA 4.0,P-SIGLA-2026-09-27,source_defined_word,"Directly decoded from SigLA document word list; duplicate memberships retained, not corrected."
SW-000483,HT 42+59,2,10,AB081,1,False,SIGLA,CC BY-NC-SA 4.0,P-SIGLA-2026-09-27,source_defined_word,"Directly decoded from SigLA document word list; duplicate memberships retained, not corrected."
SW-000484,HT 42+59,3,13;14,AB058 AB051,2,False,SIGLA,CC BY-NC-SA 4.0,P-SIGLA-2026-09-27,source_defined_word,"Directly decoded from SigLA document word list; duplicate memberships retained, not corrected."
SW-000485,HT 42+59,4,15;16,AB027 AB069,2,False,SIGLA,CC BY-NC-SA 4.0,P-SIGLA-2026-09-27,source_defined_word,"Directly decoded from SigLA document word list; duplicate memberships retained, not corrected."
SW-000486,HT 43,0,1;2;3,AB080 AB041 AB051,3,False,SIGLA,CC BY-NC-SA 4.0,P-SIGLA-2026-09-27,source_defined_word,"Directly decoded from SigLA document word list; duplicate memberships retained, not corrected."
SW-000487,HT 43,1,4;5;6,AB003 A342 AB028,3,False,SIGLA,CC BY-NC-SA 4.0,P-SIGLA-2026-09-27,source_defined_word,"Directly decoded from SigLA document word list; duplicate memberships retained, not corrected."
SW-000488,HT 44a,0,1;2;3,AB028 AB016 AB118,3,False,SIGLA,CC BY-NC-SA 4.0,P-SIGLA-2026-09-27,source_defined_word,"Directly decoded from SigLA document word list; duplicate memberships retained, not corrected."
SW-000489,HT 44b,0,1,AB057,1,False,SIGLA,CC BY-NC-SA 4.0,P-SIGLA-2026-09-27,source_defined_word,"Directly decoded from SigLA document word list; duplicate memberships retained, not corrected."
SW-000490,HT 45a,0,2,AB003,1,False,SIGLA,CC BY-NC-SA 4.0,P-SIGLA-2026-09-27,source_defined_word,"Directly decoded from SigLA document word list; duplicate memberships retained, not corrected."
SW-000491,HT 45b,0,5,AB081,1,False,SIGLA,CC BY-NC-SA 4.0,P-SIGLA-2026-09-27,source_defined_word,"Directly decoded from SigLA document word list; duplicate memberships retained, not corrected."
SW-000492,HT 45b,1,11;13,AB002 AB008,2,False,SIGLA,CC BY-NC-SA 4.0,P-SIGLA-2026-09-27,source_defined_word,"Directly decoded from SigLA document word list; duplicate memberships retained, not corrected."
SW-000493,HT 46a,0,1;2,AB023 AB026,2,False,SIGLA,CC BY-NC-SA 4.0,P-SIGLA-2026-09-27,source_defined_word,"Directly decoded from SigLA document word list; duplicate memberships retained, not corrected."
SW-000494,HT 46a,1,,,0,False,SIGLA,CC BY-NC-SA 4.0,P-SIGLA-2026-09-27,source_defined_word,"Directly decoded from SigLA document word list; duplicate memberships retained, not corrected."
SW-000495,HT 46a,2,4;5,AB081 AB002,2,False,SIGLA,CC BY-NC-SA 4.0,P-SIGLA-2026-09-27,source_defined_word,"Directly decoded from SigLA document word list; duplicate memberships retained, not corrected."
SW-000496,HT 47a,0,1,AB077,1,False,SIGLA,CC BY-NC-SA 4.0,P-SIGLA-2026-09-27,source_defined_word,"Directly decoded from SigLA document word list; duplicate memberships retained, not corrected."
SW-000497,HT 47a,1,3;4;5;6,AB081 AB056 AB006 AB069,4,False,SIGLA,CC BY-NC-SA 4.0,P-SIGLA-2026-09-27,source_defined_word,"Directly decoded from SigLA document word list; duplicate memberships retained, not corrected."
SW-000498,HT 47a,2,7,AB051,1,False,SIGLA,CC BY-NC-SA 4.0,P-SIGLA-2026-09-27,source_defined_word,"Directly decoded from SigLA document word list; duplicate memberships retained, not corrected."
SW-000499,HT 47a,3,8,AB010,1,False,SIGLA,CC BY-NC-SA 4.0,P-SIGLA-2026-09-27,source_defined_word,"Directly decoded from SigLA document word list; duplicate memberships retained, not corrected."
SW-000500,HT 47a,4,9,AB039,1,False,SIGLA,CC BY-NC-SA 4.0,P-SIGLA-2026-09-27,source_defined_word,"Directly decoded from SigLA document word list; duplicate memberships retained, not corrected."
SW-000501,HT 47a,5,10;11;12,AB067 AB001 AB002,3,False,SIGLA,CC BY-NC-SA 4.0,P-SIGLA-2026-09-27,source_defined_word,"Directly decoded from SigLA document word list; duplicate memberships retained, not corrected."
SW-000502,HT 47a,6,,,0,False,SIGLA,CC BY-NC-SA 4.0,P-SIGLA-2026-09-27,source_defined_word,"Directly decoded from SigLA document word list; duplicate memberships retained, not corrected."
SW-000503,HT 47a,7,14;15;16,AB073 AB055 AB073,3,False,SIGLA,CC BY-NC-SA 4.0,P-SIGLA-2026-09-27,source_defined_word,"Directly decoded from SigLA document word list; duplicate memberships retained, not corrected."
SW-000504,HT 47b,0,1;2;3,AB060 AB006 AB027,3,False,SIGLA,CC BY-NC-SA 4.0,P-SIGLA-2026-09-27,source_defined_word,"Directly decoded from SigLA document word list; duplicate memberships retained, not corrected."
SW-000505,HT 49a,0,2;3,AB076 AB051,2,False,SIGLA,CC BY-NC-SA 4.0,P-SIGLA-2026-09-27,source_defined_word,"Directly decoded from SigLA document word list; duplicate memberships retained, not corrected."
SW-000506,HT 49a,1,4;5;6,AB059 AB006 AB037,3,False,SIGLA,CC BY-NC-SA 4.0,P-SIGLA-2026-09-27,source_defined_word,"Directly decoded from SigLA document word list; duplicate memberships retained, not corrected."
SW-000507,HT 49a,2,,,0,False,SIGLA,CC BY-NC-SA 4.0,P-SIGLA-2026-09-27,source_defined_word,"Directly decoded from SigLA document word list; duplicate memberships retained, not corrected."
SW-000508,HT 49a,3,8,AB053,1,False,SIGLA,CC BY-NC-SA 4.0,P-SIGLA-2026-09-27,source_defined_word,"Directly decoded from SigLA document word list; duplicate memberships retained, not corrected."
SW-000509,HT 49a,4,9;10,AB058 AB067,2,False,SIGLA,CC BY-NC-SA 4.0,P-SIGLA-2026-09-27,source_defined_word,"Directly decoded from SigLA document word list; duplicate memberships retained, not corrected."
SW-000510,HT 49a,5,,,0,False,SIGLA,CC BY-NC-SA 4.0,P-SIGLA-2026-09-27,source_defined_word,"Directly decoded from SigLA document word list; duplicate memberships retained, not corrected."
SW-000511,HT 49a,6,12;13;14,AB037 AB051 AB030,3,False,SIGLA,CC BY-NC-SA 4.0,P-SIGLA-2026-09-27,source_defined_word,"Directly decoded from SigLA document word list; duplicate memberships retained, not corrected."
SW-000512,HT 49a,7,,,0,False,SIGLA,CC BY-NC-SA 4.0,P-SIGLA-2026-09-27,source_defined_word,"Directly decoded from SigLA document word list; duplicate memberships retained, not corrected."
SW-000513,HT 49a,8,17;18,AB041 AB060,2,False,SIGLA,CC BY-NC-SA 4.0,P-SIGLA-2026-09-27,source_defined_word,"Directly decoded from SigLA document word list; duplicate memberships retained, not corrected."
SW-000514,HT 49a,9,19;20,AB008 AB026,2,False,SIGLA,CC BY-NC-SA 4.0,P-SIGLA-2026-09-27,source_defined_word,"Directly decoded from SigLA document word list; duplicate memberships retained, not corrected."
SW-000515,HT 49a,10,23;24;25,AB081 AB056 AB055,3,False,SIGLA,CC BY-NC-SA 4.0,P-SIGLA-2026-09-27,source_defined_word,"Directly decoded from SigLA document word list; duplicate memberships retained, not corrected."
SW-000516,HT 49a,11,26;27;28,AB069 AB058 AB029,3,False,SIGLA,CC BY-NC-SA 4.0,P-SIGLA-2026-09-27,source_defined_word,"Directly decoded from SigLA document word list; duplicate memberships retained, not corrected."
SW-000517,HT 49b,0,1,AB081,1,False,SIGLA,CC BY-NC-SA 4.0,P-SIGLA-2026-09-27,source_defined_word,"Directly decoded from SigLA document word list; duplicate memberships retained, not corrected."
SW-000518,HT 49b,1,2,AB028,1,False,SIGLA,CC BY-NC-SA 4.0,P-SIGLA-2026-09-27,source_defined_word,"Directly decoded from SigLA document word list; duplicate memberships retained, not corrected."
SW-000519,HT 49b,2,3,AB059,1,False,SIGLA,CC BY-NC-SA 4.0,P-SIGLA-2026-09-27,source_defined_word,"Directly decoded from SigLA document word list; duplicate memberships retained, not corrected."
SW-000520,HT 49b,3,,,0,False,SIGLA,CC BY-NC-SA 4.0,P-SIGLA-2026-09-27,source_defined_word,"Directly decoded from SigLA document word list; duplicate memberships retained, not corrected."
SW-000521,HT 49b,4,5,AB077,1,False,SIGLA,CC BY-NC-SA 4.0,P-SIGLA-2026-09-27,source_defined_word,"Directly decoded from SigLA document word list; duplicate memberships retained, not corrected."
SW-000522,HT 49b,5,,,0,False,SIGLA,CC BY-NC-SA 4.0,P-SIGLA-2026-09-27,source_defined_word,"Directly decoded from SigLA document word list; duplicate memberships retained, not corrected."
SW-000523,HT 49b,6,,,0,False,SIGLA,CC BY-NC-SA 4.0,P-SIGLA-2026-09-27,source_defined_word,"Directly decoded from SigLA document word list; duplicate memberships retained, not corrected."
SW-000524,HT 5,0,1,A307,1,False,SIGLA,CC BY-NC-SA 4.0,P-SIGLA-2026-09-27,source_defined_word,"Directly decoded from SigLA document word list; duplicate memberships retained, not corrected."
SW-000525,HT 5,1,2;3,AB080 AB041,2,False,SIGLA,CC BY-NC-SA 4.0,P-SIGLA-2026-09-27,source_defined_word,"Directly decoded from SigLA document word list; duplicate memberships retained, not corrected."
SW-000526,HT 5,2,5;6,AB040 AB051,2,False,SIGLA,CC BY-NC-SA 4.0,P-SIGLA-2026-09-27,source_defined_word,"Directly decoded from SigLA document word list; duplicate memberships retained, not corrected."
SW-000527,HT 5,3,,,0,False,SIGLA,CC BY-NC-SA 4.0,P-SIGLA-2026-09-27,source_defined_word,"Directly decoded from SigLA document word list; duplicate memberships retained, not corrected."
SW-000528,HT 50a,0,,,0,False,SIGLA,CC BY-NC-SA 4.0,P-SIGLA-2026-09-27,source_defined_word,"Directly decoded from SigLA document word list; duplicate memberships retained, not corrected."
SW-000529,HT 50b,0,,,0,False,SIGLA,CC BY-NC-SA 4.0,P-SIGLA-2026-09-27,source_defined_word,"Directly decoded from SigLA document word list; duplicate memberships retained, not corrected."
SW-000530,HT 51a,0,5;6,AB037 AB030,2,False,SIGLA,CC BY-NC-SA 4.0,P-SIGLA-2026-09-27,source_defined_word,"Directly decoded from SigLA document word list; duplicate memberships retained, not corrected."
SW-000531,HT 51a,1,8,AB027,1,False,SIGLA,CC BY-NC-SA 4.0,P-SIGLA-2026-09-27,source_defined_word,"Directly decoded from SigLA document word list; duplicate memberships retained, not corrected."
SW-000532,HT 51b,0,1;2;3,AB081 AB013 AB059,3,False,SIGLA,CC BY-NC-SA 4.0,P-SIGLA-2026-09-27,source_defined_word,"Directly decoded from SigLA document word list; duplicate memberships retained, not corrected."
SW-000533,HT 51b,1,4;5,AB079 AB051,2,False,SIGLA,CC BY-NC-SA 4.0,P-SIGLA-2026-09-27,source_defined_word,"Directly decoded from SigLA document word list; duplicate memberships retained, not corrected."
SW-000534,HT 51b,2,8,AB041,1,False,SIGLA,CC BY-NC-SA 4.0,P-SIGLA-2026-09-27,source_defined_word,"Directly decoded from SigLA document word list; duplicate memberships retained, not corrected."
SW-000535,HT 52a,0,1;2,AB031 AB080,2,False,SIGLA,CC BY-NC-SA 4.0,P-SIGLA-2026-09-27,source_defined_word,"Directly decoded from SigLA document word list; duplicate memberships retained, not corrected."
SW-000536,HT 52a,1,5;6;7,AB007 AB077 AB069,3,False,SIGLA,CC BY-NC-SA 4.0,P-SIGLA-2026-09-27,source_defined_word,"Directly decoded from SigLA document word list; duplicate memberships retained, not corrected."
SW-000537,HT 52b,0,1,AB024,1,False,SIGLA,CC BY-NC-SA 4.0,P-SIGLA-2026-09-27,source_defined_word,"Directly decoded from SigLA document word list; duplicate memberships retained, not corrected."
SW-000538,HT 53a,0,,,0,False,SIGLA,CC BY-NC-SA 4.0,P-SIGLA-2026-09-27,source_defined_word,"Directly decoded from SigLA document word list; duplicate memberships retained, not corrected."
SW-000539,HT 53a,1,2;3,AB031 AB024,2,False,SIGLA,CC BY-NC-SA 4.0,P-SIGLA-2026-09-27,source_defined_word,"Directly decoded from SigLA document word list; duplicate memberships retained, not corrected."
SW-000540,HT 53a,2,,,0,False,SIGLA,CC BY-NC-SA 4.0,P-SIGLA-2026-09-27,source_defined_word,"Directly decoded from SigLA document word list; duplicate memberships retained, not corrected."
SW-000541,HT 53a,3,,,0,False,SIGLA,CC BY-NC-SA 4.0,P-SIGLA-2026-09-27,source_defined_word,"Directly decoded from SigLA document word list; duplicate memberships retained, not corrected."
SW-000542,HT 53a,4,7,AB060,1,False,SIGLA,CC BY-NC-SA 4.0,P-SIGLA-2026-09-27,source_defined_word,"Directly decoded from SigLA document word list; duplicate memberships retained, not corrected."
SW-000543,HT 53b,0,,,0,False,SIGLA,CC BY-NC-SA 4.0,P-SIGLA-2026-09-27,source_defined_word,"Directly decoded from SigLA document word list; duplicate memberships retained, not corrected."
SW-000544,HT 53b,1,2;3,AB081 AB027,2,False,SIGLA,CC BY-NC-SA 4.0,P-SIGLA-2026-09-27,source_defined_word,"Directly decoded from SigLA document word list; duplicate memberships retained, not corrected."
SW-000545,HT 54a,0,,,0,False,SIGLA,CC BY-NC-SA 4.0,P-SIGLA-2026-09-27,source_defined_word,"Directly decoded from SigLA document word list; duplicate memberships retained, not corrected."
SW-000546,HT 54a,1,3;4;5;6,AB081 AB073 AB006 AB078,4,False,SIGLA,CC BY-NC-SA 4.0,P-SIGLA-2026-09-27,source_defined_word,"Directly decoded from SigLA document word list; duplicate memberships retained, not corrected."
SW-000547,HT 54a,2,7,AB067,1,False,SIGLA,CC BY-NC-SA 4.0,P-SIGLA-2026-09-27,source_defined_word,"Directly decoded from SigLA document word list; duplicate memberships retained, not corrected."
SW-000548,HT 54a,3,8;9,AB073 AB076,2,False,SIGLA,CC BY-NC-SA 4.0,P-SIGLA-2026-09-27,source_defined_word,"Directly decoded from SigLA document word list; duplicate memberships retained, not corrected."
SW-000549,HT 54b,0,1,AB067,1,False,SIGLA,CC BY-NC-SA 4.0,P-SIGLA-2026-09-27,source_defined_word,"Directly decoded from SigLA document word list; duplicate memberships retained, not corrected."
SW-000550,HT 55a,0,1;2,AB067 AB002,2,False,SIGLA,CC BY-NC-SA 4.0,P-SIGLA-2026-09-27,source_defined_word,"Directly decoded from SigLA document word list; duplicate memberships retained, not corrected."
SW-000551,HT 55a,1,3;4,AB080 AB027,2,False,SIGLA,CC BY-NC-SA 4.0,P-SIGLA-2026-09-27,source_defined_word,"Directly decoded from SigLA document word list; duplicate memberships retained, not corrected."
SW-000552,HT 55a,2,6;7,AB041 AB026,2,False,SIGLA,CC BY-NC-SA 4.0,P-SIGLA-2026-09-27,source_defined_word,"Directly decoded from SigLA document word list; duplicate memberships retained, not corrected."
SW-000553,HT 55a,3,8,AB024,1,False,SIGLA,CC BY-NC-SA 4.0,P-SIGLA-2026-09-27,source_defined_word,"Directly decoded from SigLA document word list; duplicate memberships retained, not corrected."
SW-000554,HT 55a,4,9,AB069,1,False,SIGLA,CC BY-NC-SA 4.0,P-SIGLA-2026-09-27,source_defined_word,"Directly decoded from SigLA document word list; duplicate memberships retained, not corrected."
SW-000555,HT 55a,5,,,0,False,SIGLA,CC BY-NC-SA 4.0,P-SIGLA-2026-09-27,source_defined_word,"Directly decoded from SigLA document word list; duplicate memberships retained, not corrected."
SW-000556,HT 55b,0,1,AB004,1,False,SIGLA,CC BY-NC-SA 4.0,P-SIGLA-2026-09-27,source_defined_word,"Directly decoded from SigLA document word list; duplicate memberships retained, not corrected."
SW-000557,HT 55b,1,2,AB078,1,False,SIGLA,CC BY-NC-SA 4.0,P-SIGLA-2026-09-27,source_defined_word,"Directly decoded from SigLA document word list; duplicate memberships retained, not corrected."
SW-000558,HT 55b,2,3;4,AB053 AB057,2,False,SIGLA,CC BY-NC-SA 4.0,P-SIGLA-2026-09-27,source_defined_word,"Directly decoded from SigLA document word list; duplicate memberships retained, not corrected."
SW-000559,HT 55b,3,5,AB028,1,False,SIGLA,CC BY-NC-SA 4.0,P-SIGLA-2026-09-27,source_defined_word,"Directly decoded from SigLA document word list; duplicate memberships retained, not corrected."
SW-000560,HT 56a,0,2,AB031,1,False,SIGLA,CC BY-NC-SA 4.0,P-SIGLA-2026-09-27,source_defined_word,"Directly decoded from SigLA document word list; duplicate memberships retained, not corrected."
SW-000561,HT 56a,1,4,AB010,1,False,SIGLA,CC BY-NC-SA 4.0,P-SIGLA-2026-09-27,source_defined_word,"Directly decoded from SigLA document word list; duplicate memberships retained, not corrected."
SW-000562,HT 57a,0,1;3;4,AB001 AB078 AB060,3,False,SIGLA,CC BY-NC-SA 4.0,P-SIGLA-2026-09-27,source_defined_word,"Directly decoded from SigLA document word list; duplicate memberships retained, not corrected."
SW-000563,HT 57a,1,5,AB008,1,False,SIGLA,CC BY-NC-SA 4.0,P-SIGLA-2026-09-27,source_defined_word,"Directly decoded from SigLA document word list; duplicate memberships retained, not corrected."
SW-000564,HT 58,0,1;2;3;4,AB078 AB037 AB060 AB051,4,False,SIGLA,CC BY-NC-SA 4.0,P-SIGLA-2026-09-27,source_defined_word,"Directly decoded from SigLA document word list; duplicate memberships retained, not corrected."
SW-000565,HT 58,1,10,AB010,1,False,SIGLA,CC BY-NC-SA 4.0,P-SIGLA-2026-09-27,source_defined_word,"Directly decoded from SigLA document word list; duplicate memberships retained, not corrected."
SW-000566,HT 61,0,1;2,AB073 AB037,2,False,SIGLA,CC BY-NC-SA 4.0,P-SIGLA-2026-09-27,source_defined_word,"Directly decoded from SigLA document word list; duplicate memberships retained, not corrected."
SW-000567,HT 62+73,0,2;3,AB031 AB060,2,False,SIGLA,CC BY-NC-SA 4.0,P-SIGLA-2026-09-27,source_defined_word,"Directly decoded from SigLA document word list; duplicate memberships retained, not corrected."
SW-000568,HT 62+73,1,7,AB006,1,False,SIGLA,CC BY-NC-SA 4.0,P-SIGLA-2026-09-27,source_defined_word,"Directly decoded from SigLA document word list; duplicate memberships retained, not corrected."
SW-000569,HT 62+73,2,10;11,AB077 AB081,2,False,SIGLA,CC BY-NC-SA 4.0,P-SIGLA-2026-09-27,source_defined_word,"Directly decoded from SigLA document word list; duplicate memberships retained, not corrected."
SW-000570,HT 62+73,3,12;13,AB028 AB037,2,False,SIGLA,CC BY-NC-SA 4.0,P-SIGLA-2026-09-27,source_defined_word,"Directly decoded from SigLA document word list; duplicate memberships retained, not corrected."
SW-000571,HT 62+73,4,18,AB100,1,False,SIGLA,CC BY-NC-SA 4.0,P-SIGLA-2026-09-27,source_defined_word,"Directly decoded from SigLA document word list; duplicate memberships retained, not corrected."
SW-000572,HT 62+73,5,20,AB070,1,False,SIGLA,CC BY-NC-SA 4.0,P-SIGLA-2026-09-27,source_defined_word,"Directly decoded from SigLA document word list; duplicate memberships retained, not corrected."
SW-000573,HT 62+73,6,21,AB055,1,False,SIGLA,CC BY-NC-SA 4.0,P-SIGLA-2026-09-27,source_defined_word,"Directly decoded from SigLA document word list; duplicate memberships retained, not corrected."
SW-000574,HT 62+73,7,22,AB081,1,False,SIGLA,CC BY-NC-SA 4.0,P-SIGLA-2026-09-27,source_defined_word,"Directly decoded from SigLA document word list; duplicate memberships retained, not corrected."
SW-000575,HT 62+73,8,23;24;25,AB003 AB028 AB067,3,False,SIGLA,CC BY-NC-SA 4.0,P-SIGLA-2026-09-27,source_defined_word,"Directly decoded from SigLA document word list; duplicate memberships retained, not corrected."
SW-000576,HT 62+73,9,26;27;28,AB031 AB002 AB078,3,False,SIGLA,CC BY-NC-SA 4.0,P-SIGLA-2026-09-27,source_defined_word,"Directly decoded from SigLA document word list; duplicate memberships retained, not corrected."
SW-000577,HT 63,0,3;4,AB077 AB037,2,False,SIGLA,CC BY-NC-SA 4.0,P-SIGLA-2026-09-27,source_defined_word,"Directly decoded from SigLA document word list; duplicate memberships retained, not corrected."
SW-000578,HT 63,1,5;6,AB058 AB029,2,False,SIGLA,CC BY-NC-SA 4.0,P-SIGLA-2026-09-27,source_defined_word,"Directly decoded from SigLA document word list; duplicate memberships retained, not corrected."
SW-000579,HT 63,2,7,AB079,1,False,SIGLA,CC BY-NC-SA 4.0,P-SIGLA-2026-09-27,source_defined_word,"Directly decoded from SigLA document word list; duplicate memberships retained, not corrected."
SW-000580,HT 64,0,1;2;3,AB081 AB079 AB006,3,False,SIGLA,CC BY-NC-SA 4.0,P-SIGLA-2026-09-27,source_defined_word,"Directly decoded from SigLA document word list; duplicate memberships retained, not corrected."
SW-000581,HT 64,1,4,AB006,1,False,SIGLA,CC BY-NC-SA 4.0,P-SIGLA-2026-09-27,source_defined_word,"Directly decoded from SigLA document word list; duplicate memberships retained, not corrected."
SW-000582,HT 64,2,5;6,AB026 AB080,2,False,SIGLA,CC BY-NC-SA 4.0,P-SIGLA-2026-09-27,source_defined_word,"Directly decoded from SigLA document word list; duplicate memberships retained, not corrected."
SW-000583,HT 66,0,3,AB007,1,False,SIGLA,CC BY-NC-SA 4.0,P-SIGLA-2026-09-27,source_defined_word,"Directly decoded from SigLA document word list; duplicate memberships retained, not corrected."
SW-000584,HT 66,1,4,AB059,1,False,SIGLA,CC BY-NC-SA 4.0,P-SIGLA-2026-09-27,source_defined_word,"Directly decoded from SigLA document word list; duplicate memberships retained, not corrected."
SW-000585,HT 66,2,5;6,AB059 AB073,2,False,SIGLA,CC BY-NC-SA 4.0,P-SIGLA-2026-09-27,source_defined_word,"Directly decoded from SigLA document word list; duplicate memberships retained, not corrected."
SW-000586,HT 66,3,7,AB027,1,False,SIGLA,CC BY-NC-SA 4.0,P-SIGLA-2026-09-27,source_defined_word,"Directly decoded from SigLA document word list; duplicate memberships retained, not corrected."
SW-000587,HT 68,0,1,AB065,1,False,SIGLA,CC BY-NC-SA 4.0,P-SIGLA-2026-09-27,source_defined_word,"Directly decoded from SigLA document word list; duplicate memberships retained, not corrected."
SW-000588,HT 69,0,2;3,AB080 AB007,2,False,SIGLA,CC BY-NC-SA 4.0,P-SIGLA-2026-09-27,source_defined_word,"Directly decoded from SigLA document word list; duplicate memberships retained, not corrected."
SW-000589,HT 6a,0,1;2,AB077 AB003,2,False,SIGLA,CC BY-NC-SA 4.0,P-SIGLA-2026-09-27,source_defined_word,"Directly decoded from SigLA document word list; duplicate memberships retained, not corrected."
SW-000590,HT 6a,1,3;4;5,AB001 AB059 AB060,3,False,SIGLA,CC BY-NC-SA 4.0,P-SIGLA-2026-09-27,source_defined_word,"Directly decoded from SigLA document word list; duplicate memberships retained, not corrected."
SW-000591,HT 6a,2,8;9;10,AB039 AB059 AB057,3,False,SIGLA,CC BY-NC-SA 4.0,P-SIGLA-2026-09-27,source_defined_word,"Directly decoded from SigLA document word list; duplicate memberships retained, not corrected."
SW-000592,HT 6a,3,12,A717,1,False,SIGLA,CC BY-NC-SA 4.0,P-SIGLA-2026-09-27,source_defined_word,"Directly decoded from SigLA document word list; duplicate memberships retained, not corrected."
SW-000593,HT 6a,4,13;14,AB080 A321,2,False,SIGLA,CC BY-NC-SA 4.0,P-SIGLA-2026-09-27,source_defined_word,"Directly decoded from SigLA document word list; duplicate memberships retained, not corrected."
SW-000594,HT 6a,5,15;16;17;18,AB061 AB076 AB007 AB024,4,False,SIGLA,CC BY-NC-SA 4.0,P-SIGLA-2026-09-27,source_defined_word,"Directly decoded from SigLA document word list; duplicate memberships retained, not corrected."
SW-000595,HT 6a,6,19;20;21,AB077 AB003 AB078,3,False,SIGLA,CC BY-NC-SA 4.0,P-SIGLA-2026-09-27,source_defined_word,"Directly decoded from SigLA document word list; duplicate memberships retained, not corrected."
SW-000596,HT 6a,7,24;25;26,AB001 AB078 AB060,3,False,SIGLA,CC BY-NC-SA 4.0,P-SIGLA-2026-09-27,source_defined_word,"Directly decoded from SigLA document word list; duplicate memberships retained, not corrected."
SW-000597,HT 6a,8,27;28;29,AB078 AB039 AB059,3,False,SIGLA,CC BY-NC-SA 4.0,P-SIGLA-2026-09-27,source_defined_word,"Directly decoded from SigLA document word list; duplicate memberships retained, not corrected."
SW-000598,HT 6b,0,1;2;3;4,AB054 AB051 AB030 AB073,4,False,SIGLA,CC BY-NC-SA 4.0,P-SIGLA-2026-09-27,source_defined_word,"Directly decoded from SigLA document word list; duplicate memberships retained, not corrected."
SW-000599,HT 6b,1,6;7;8,AB060 AB037 AB009,3,False,SIGLA,CC BY-NC-SA 4.0,P-SIGLA-2026-09-27,source_defined_word,"Directly decoded from SigLA document word list; duplicate memberships retained, not corrected."
SW-000600,HT 6b,2,9;10;12,AB080 AB053 AB028,3,False,SIGLA,CC BY-NC-SA 4.0,P-SIGLA-2026-09-27,source_defined_word,"Directly decoded from SigLA document word list; duplicate memberships retained, not corrected."
SW-000601,HT 6b,3,13;14;15,AB051 AB001 AB080,3,False,SIGLA,CC BY-NC-SA 4.0,P-SIGLA-2026-09-27,source_defined_word,"Directly decoded from SigLA document word list; duplicate memberships retained, not corrected."
SW-000602,HT 6b,4,16;17,AB051 AB067,2,False,SIGLA,CC BY-NC-SA 4.0,P-SIGLA-2026-09-27,source_defined_word,"Directly decoded from SigLA document word list; duplicate memberships retained, not corrected."
SW-000603,HT 6b,5,19;20,AB031 AB080,2,False,SIGLA,CC BY-NC-SA 4.0,P-SIGLA-2026-09-27,source_defined_word,"Directly decoded from SigLA document word list; duplicate memberships retained, not corrected."
SW-000604,HT 6b,6,21;22;23,AB056 AB030 AB006,3,False,SIGLA,CC BY-NC-SA 4.0,P-SIGLA-2026-09-27,source_defined_word,"Directly decoded from SigLA document word list; duplicate memberships retained, not corrected."
SW-000605,HT 70,0,3;4;5,AB016 AB118 AB031,3,False,SIGLA,CC BY-NC-SA 4.0,P-SIGLA-2026-09-27,source_defined_word,"Directly decoded from SigLA document word list; duplicate memberships retained, not corrected."
SW-000606,HT 70,1,,,0,False,SIGLA,CC BY-NC-SA 4.0,P-SIGLA-2026-09-27,source_defined_word,"Directly decoded from SigLA document word list; duplicate memberships retained, not corrected."
SW-000607,HT 72,0,1;2,AB041 AB100,2,False,SIGLA,CC BY-NC-SA 4.0,P-SIGLA-2026-09-27,source_defined_word,"Directly decoded from SigLA document word list; duplicate memberships retained, not corrected."
SW-000608,HT 72,1,,,0,False,SIGLA,CC BY-NC-SA 4.0,P-SIGLA-2026-09-27,source_defined_word,"Directly decoded from SigLA document word list; duplicate memberships retained, not corrected."
SW-000609,HT 74,0,1;2,AB081 AB002,2,False,SIGLA,CC BY-NC-SA 4.0,P-SIGLA-2026-09-27,source_defined_word,"Directly decoded from SigLA document word list; duplicate memberships retained, not corrected."
SW-000610,HT 74,1,,,0,False,SIGLA,CC BY-NC-SA 4.0,P-SIGLA-2026-09-27,source_defined_word,"Directly decoded from SigLA document word list; duplicate memberships retained, not corrected."
SW-000611,HT 75,0,1;2,AB077 AB026,2,False,SIGLA,CC BY-NC-SA 4.0,P-SIGLA-2026-09-27,source_defined_word,"Directly decoded from SigLA document word list; duplicate memberships retained, not corrected."
SW-000612,HT 78,0,1;2,AB023 A312,2,False,SIGLA,CC BY-NC-SA 4.0,P-SIGLA-2026-09-27,source_defined_word,"Directly decoded from SigLA document word list; duplicate memberships retained, not corrected."
SW-000613,HT 79+83,0,1,AB028,1,False,SIGLA,CC BY-NC-SA 4.0,P-SIGLA-2026-09-27,source_defined_word,"Directly decoded from SigLA document word list; duplicate memberships retained, not corrected."
SW-000614,HT 79+83,1,3,AB077,1,False,SIGLA,CC BY-NC-SA 4.0,P-SIGLA-2026-09-27,source_defined_word,"Directly decoded from SigLA document word list; duplicate memberships retained, not corrected."
SW-000615,HT 79+83,2,4;5,AB001 AB056,2,False,SIGLA,CC BY-NC-SA 4.0,P-SIGLA-2026-09-27,source_defined_word,"Directly decoded from SigLA document word list; duplicate memberships retained, not corrected."
SW-000616,HT 79+83,3,6;7;8,AB069 AB003 AB053,3,False,SIGLA,CC BY-NC-SA 4.0,P-SIGLA-2026-09-27,source_defined_word,"Directly decoded from SigLA document word list; duplicate memberships retained, not corrected."
SW-000617,HT 79+83,4,9,AB069,1,False,SIGLA,CC BY-NC-SA 4.0,P-SIGLA-2026-09-27,source_defined_word,"Directly decoded from SigLA document word list; duplicate memberships retained, not corrected."
SW-000618,HT 79+83,5,11;12,AB081 AB030,2,False,SIGLA,CC BY-NC-SA 4.0,P-SIGLA-2026-09-27,source_defined_word,"Directly decoded from SigLA document word list; duplicate memberships retained, not corrected."
SW-000619,HT 79+83,6,13,AB079,1,False,SIGLA,CC BY-NC-SA 4.0,P-SIGLA-2026-09-27,source_defined_word,"Directly decoded from SigLA document word list; duplicate memberships retained, not corrected."
SW-000620,HT 7a,0,1;2,AB078 AB037,2,False,SIGLA,CC BY-NC-SA 4.0,P-SIGLA-2026-09-27,source_defined_word,"Directly decoded from SigLA document word list; duplicate memberships retained, not corrected."
SW-000621,HT 7a,1,4;5;6,AB028 AB026 AB057,3,False,SIGLA,CC BY-NC-SA 4.0,P-SIGLA-2026-09-27,source_defined_word,"Directly decoded from SigLA document word list; duplicate memberships retained, not corrected."
SW-000622,HT 7a,2,7;8,AB051 AB057,2,False,SIGLA,CC BY-NC-SA 4.0,P-SIGLA-2026-09-27,source_defined_word,"Directly decoded from SigLA document word list; duplicate memberships retained, not corrected."
SW-000623,HT 7a,3,9;10;11,AB059 AB006 AB037,3,False,SIGLA,CC BY-NC-SA 4.0,P-SIGLA-2026-09-27,source_defined_word,"Directly decoded from SigLA document word list; duplicate memberships retained, not corrected."
SW-000624,HT 7a,4,12;13,AB001 AB027,2,False,SIGLA,CC BY-NC-SA 4.0,P-SIGLA-2026-09-27,source_defined_word,"Directly decoded from SigLA document word list; duplicate memberships retained, not corrected."
SW-000625,HT 7a,5,14;15,AB004 AB069,2,False,SIGLA,CC BY-NC-SA 4.0,P-SIGLA-2026-09-27,source_defined_word,"Directly decoded from SigLA document word list; duplicate memberships retained, not corrected."
SW-000626,HT 7b,0,1;2;3,AB021 AB069 AB024,3,False,SIGLA,CC BY-NC-SA 4.0,P-SIGLA-2026-09-27,source_defined_word,"Directly decoded from SigLA document word list; duplicate memberships retained, not corrected."
SW-000627,HT 7b,1,4;5;6,AB001 AB026 A329,3,False,SIGLA,CC BY-NC-SA 4.0,P-SIGLA-2026-09-27,source_defined_word,"Directly decoded from SigLA document word list; duplicate memberships retained, not corrected."
SW-000628,HT 80,0,1;2,AB065 AB060,2,False,SIGLA,CC BY-NC-SA 4.0,P-SIGLA-2026-09-27,source_defined_word,"Directly decoded from SigLA document word list; duplicate memberships retained, not corrected."
SW-000629,HT 81,0,1;2,AB008 AB009,2,False,SIGLA,CC BY-NC-SA 4.0,P-SIGLA-2026-09-27,source_defined_word,"Directly decoded from SigLA document word list; duplicate memberships retained, not corrected."
SW-000630,HT 81,1,5;6;7,AB053 AB058 AB080,3,False,SIGLA,CC BY-NC-SA 4.0,P-SIGLA-2026-09-27,source_defined_word,"Directly decoded from SigLA document word list; duplicate memberships retained, not corrected."
SW-000631,HT 81,2,9,AB067,1,False,SIGLA,CC BY-NC-SA 4.0,P-SIGLA-2026-09-27,source_defined_word,"Directly decoded from SigLA document word list; duplicate memberships retained, not corrected."
SW-000632,HT 82,0,,,0,False,SIGLA,CC BY-NC-SA 4.0,P-SIGLA-2026-09-27,source_defined_word,"Directly decoded from SigLA document word list; duplicate memberships retained, not corrected."
SW-000633,HT 84,0,1;2;3,AB021 AB057 AB051,3,False,SIGLA,CC BY-NC-SA 4.0,P-SIGLA-2026-09-27,source_defined_word,"Directly decoded from SigLA document word list; duplicate memberships retained, not corrected."
SW-000634,HT 84,1,,,0,False,SIGLA,CC BY-NC-SA 4.0,P-SIGLA-2026-09-27,source_defined_word,"Directly decoded from SigLA document word list; duplicate memberships retained, not corrected."
SW-000635,HT 84,2,5;6,AB055 AB037,2,False,SIGLA,CC BY-NC-SA 4.0,P-SIGLA-2026-09-27,source_defined_word,"Directly decoded from SigLA document word list; duplicate memberships retained, not corrected."
SW-000636,HT 85a,0,1;2,AB008 AB051,2,False,SIGLA,CC BY-NC-SA 4.0,P-SIGLA-2026-09-27,source_defined_word,"Directly decoded from SigLA document word list; duplicate memberships retained, not corrected."
SW-000637,HT 85a,1,5;6;7,AB001 AB053 AB001,3,False,SIGLA,CC BY-NC-SA 4.0,P-SIGLA-2026-09-27,source_defined_word,"Directly decoded from SigLA document word list; duplicate memberships retained, not corrected."
SW-000638,HT 85a,2,8;9,AB056 AB030,2,False,SIGLA,CC BY-NC-SA 4.0,P-SIGLA-2026-09-27,source_defined_word,"Directly decoded from SigLA document word list; duplicate memberships retained, not corrected."
SW-000639,HT 85a,3,10;11;12,AB010 A325 AB017,3,False,SIGLA,CC BY-NC-SA 4.0,P-SIGLA-2026-09-27,source_defined_word,"Directly decoded from SigLA document word list; duplicate memberships retained, not corrected."
SW-000640,HT 85a,4,13;14;15,AB001 AB041 AB118,3,False,SIGLA,CC BY-NC-SA 4.0,P-SIGLA-2026-09-27,source_defined_word,"Directly decoded from SigLA document word list; duplicate memberships retained, not corrected."
SW-000641,HT 85a,5,16;17;18,AB081 AB079 AB030,3,False,SIGLA,CC BY-NC-SA 4.0,P-SIGLA-2026-09-27,source_defined_word,"Directly decoded from SigLA document word list; duplicate memberships retained, not corrected."
SW-000642,HT 85a,6,19;20,AB004 AB044,2,False,SIGLA,CC BY-NC-SA 4.0,P-SIGLA-2026-09-27,source_defined_word,"Directly decoded from SigLA document word list; duplicate memberships retained, not corrected."
SW-000643,HT 85a,7,21;22,AB001 AB027,2,False,SIGLA,CC BY-NC-SA 4.0,P-SIGLA-2026-09-27,source_defined_word,"Directly decoded from SigLA document word list; duplicate memberships retained, not corrected."
SW-000644,HT 85a,8,23;24,AB081 AB002,2,False,SIGLA,CC BY-NC-SA 4.0,P-SIGLA-2026-09-27,source_defined_word,"Directly decoded from SigLA document word list; duplicate memberships retained, not corrected."
SW-000645,HT 85b,0,1;2;3;4,AB067 AB067 AB060 AB057,4,False,SIGLA,CC BY-NC-SA 4.0,P-SIGLA-2026-09-27,source_defined_word,"Directly decoded from SigLA document word list; duplicate memberships retained, not corrected."
SW-000646,HT 85b,1,5;6;7,AB067 AB027 AB066,3,False,SIGLA,CC BY-NC-SA 4.0,P-SIGLA-2026-09-27,source_defined_word,"Directly decoded from SigLA document word list; duplicate memberships retained, not corrected."
SW-000647,HT 85b,2,8;9,AB078 AB077,2,False,SIGLA,CC BY-NC-SA 4.0,P-SIGLA-2026-09-27,source_defined_word,"Directly decoded from SigLA document word list; duplicate memberships retained, not corrected."
SW-000648,HT 85b,3,11;12,AB004 AB069,2,False,SIGLA,CC BY-NC-SA 4.0,P-SIGLA-2026-09-27,source_defined_word,"Directly decoded from SigLA document word list; duplicate memberships retained, not corrected."
SW-000649,HT 85b,4,19;20,AB013 AB017,2,False,SIGLA,CC BY-NC-SA 4.0,P-SIGLA-2026-09-27,source_defined_word,"Directly decoded from SigLA document word list; duplicate memberships retained, not corrected."
SW-000650,HT 85b,5,21;22;23,AB027 AB007 AB009,3,False,SIGLA,CC BY-NC-SA 4.0,P-SIGLA-2026-09-27,source_defined_word,"Directly decoded from SigLA document word list; duplicate memberships retained, not corrected."
SW-000651,HT 85b,6,24;25;26;27,AB054 AB051 AB030 AB073,4,False,SIGLA,CC BY-NC-SA 4.0,P-SIGLA-2026-09-27,source_defined_word,"Directly decoded from SigLA document word list; duplicate memberships retained, not corrected."
SW-000652,HT 85b,7,28;29,AB080 AB007,2,False,SIGLA,CC BY-NC-SA 4.0,P-SIGLA-2026-09-27,source_defined_word,"Directly decoded from SigLA document word list; duplicate memberships retained, not corrected."
SW-000653,HT 85b,8,30;31;32,AB016 A310 AB028,3,False,SIGLA,CC BY-NC-SA 4.0,P-SIGLA-2026-09-27,source_defined_word,"Directly decoded from SigLA document word list; duplicate memberships retained, not corrected."
SW-000654,HT 86a,0,1;2;3,AB008 AB077 AB026,3,False,SIGLA,CC BY-NC-SA 4.0,P-SIGLA-2026-09-27,source_defined_word,"Directly decoded from SigLA document word list; duplicate memberships retained, not corrected."
SW-000655,HT 86a,1,4;5;6,AB081 AB030 AB058,3,False,SIGLA,CC BY-NC-SA 4.0,P-SIGLA-2026-09-27,source_defined_word,"Directly decoded from SigLA document word list; duplicate memberships retained, not corrected."
SW-000656,HT 86a,2,8;9,AB031 AB026,2,False,SIGLA,CC BY-NC-SA 4.0,P-SIGLA-2026-09-27,source_defined_word,"Directly decoded from SigLA document word list; duplicate memberships retained, not corrected."
SW-000657,HT 86a,3,10;11;12,AB007 AB045 AB026,3,False,SIGLA,CC BY-NC-SA 4.0,P-SIGLA-2026-09-27,source_defined_word,"Directly decoded from SigLA document word list; duplicate memberships retained, not corrected."
SW-000658,HT 86a,4,13;14;15,AB016 AB076 AB054,3,False,SIGLA,CC BY-NC-SA 4.0,P-SIGLA-2026-09-27,source_defined_word,"Directly decoded from SigLA document word list; duplicate memberships retained, not corrected."
SW-000659,HT 86a,5,16;17,AB008 AB051,2,False,SIGLA,CC BY-NC-SA 4.0,P-SIGLA-2026-09-27,source_defined_word,"Directly decoded from SigLA document word list; duplicate memberships retained, not corrected."
SW-000660,HT 86a,6,18;19,AB001 AB013,2,False,SIGLA,CC BY-NC-SA 4.0,P-SIGLA-2026-09-27,source_defined_word,"Directly decoded from SigLA document word list; duplicate memberships retained, not corrected."
SW-000661,HT 86a,7,21;22;23,AB073 AB055 AB004,3,False,SIGLA,CC BY-NC-SA 4.0,P-SIGLA-2026-09-27,source_defined_word,"Directly decoded from SigLA document word list; duplicate memberships retained, not corrected."
SW-000662,HT 86b,0,1;2;3,AB008 AB077 AB026,3,False,SIGLA,CC BY-NC-SA 4.0,P-SIGLA-2026-09-27,source_defined_word,"Directly decoded from SigLA document word list; duplicate memberships retained, not corrected."
SW-000663,HT 86b,1,4;5;6,AB081 AB030 AB058,3,False,SIGLA,CC BY-NC-SA 4.0,P-SIGLA-2026-09-27,source_defined_word,"Directly decoded from SigLA document word list; duplicate memberships retained, not corrected."
SW-000664,HT 86b,2,8;9,AB031 AB026,2,False,SIGLA,CC BY-NC-SA 4.0,P-SIGLA-2026-09-27,source_defined_word,"Directly decoded from SigLA document word list; duplicate memberships retained, not corrected."
SW-000665,HT 86b,3,11;12,AB007 AB045,2,False,SIGLA,CC BY-NC-SA 4.0,P-SIGLA-2026-09-27,source_defined_word,"Directly decoded from SigLA document word list; duplicate memberships retained, not corrected."
SW-000666,HT 87,0,1;2;3,AB021 AB069 AB024,3,False,SIGLA,CC BY-NC-SA 4.0,P-SIGLA-2026-09-27,source_defined_word,"Directly decoded from SigLA document word list; duplicate memberships retained, not corrected."
SW-000667,HT 87,1,4;5;6;7,AB080 AB077 AB053 AB004,4,False,SIGLA,CC BY-NC-SA 4.0,P-SIGLA-2026-09-27,source_defined_word,"Directly decoded from SigLA document word list; duplicate memberships retained, not corrected."
SW-000668,HT 87,2,8;9;10;11,AB039 AB059 AB044 AB041,4,False,SIGLA,CC BY-NC-SA 4.0,P-SIGLA-2026-09-27,source_defined_word,"Directly decoded from SigLA document word list; duplicate memberships retained, not corrected."
SW-000669,HT 87,3,12;13;14,AB057 AB027 AB073,3,False,SIGLA,CC BY-NC-SA 4.0,P-SIGLA-2026-09-27,source_defined_word,"Directly decoded from SigLA document word list; duplicate memberships retained, not corrected."
SW-000670,HT 87,4,15;16;17,AB007 AB067 AB009,3,False,SIGLA,CC BY-NC-SA 4.0,P-SIGLA-2026-09-27,source_defined_word,"Directly decoded from SigLA document word list; duplicate memberships retained, not corrected."
SW-000671,HT 87,5,18;19;20,AB078 AB058 AB050,3,False,SIGLA,CC BY-NC-SA 4.0,P-SIGLA-2026-09-27,source_defined_word,"Directly decoded from SigLA document word list; duplicate memberships retained, not corrected."
SW-000672,HT 87,6,21;22;23,AB081 AB026 AB081,3,False,SIGLA,CC BY-NC-SA 4.0,P-SIGLA-2026-09-27,source_defined_word,"Directly decoded from SigLA document word list; duplicate memberships retained, not corrected."
SW-000673,HT 87,7,24;25;27;28,AB008 AB060 AB008 AB069,4,False,SIGLA,CC BY-NC-SA 4.0,P-SIGLA-2026-09-27,source_defined_word,"Directly decoded from SigLA document word list; duplicate memberships retained, not corrected."
SW-000674,HT 88,0,1;2,AB008 AB051,2,False,SIGLA,CC BY-NC-SA 4.0,P-SIGLA-2026-09-27,source_defined_word,"Directly decoded from SigLA document word list; duplicate memberships retained, not corrected."
SW-000675,HT 88,1,4;6,AB027 AB017,2,False,SIGLA,CC BY-NC-SA 4.0,P-SIGLA-2026-09-27,source_defined_word,"Directly decoded from SigLA document word list; duplicate memberships retained, not corrected."
SW-000676,HT 88,2,8;9;10,AB067 AB067 AB006,3,False,SIGLA,CC BY-NC-SA 4.0,P-SIGLA-2026-09-27,source_defined_word,"Directly decoded from SigLA document word list; duplicate memberships retained, not corrected."
SW-000677,HT 88,3,11;12,AB067 AB002,2,False,SIGLA,CC BY-NC-SA 4.0,P-SIGLA-2026-09-27,source_defined_word,"Directly decoded from SigLA document word list; duplicate memberships retained, not corrected."
SW-000678,HT 88,4,13;14;15,AB081 AB056 AB056,3,False,SIGLA,CC BY-NC-SA 4.0,P-SIGLA-2026-09-27,source_defined_word,"Directly decoded from SigLA document word list; duplicate memberships retained, not corrected."
SW-000679,HT 88,5,16;17,AB077 AB065,2,False,SIGLA,CC BY-NC-SA 4.0,P-SIGLA-2026-09-27,source_defined_word,"Directly decoded from SigLA document word list; duplicate memberships retained, not corrected."
SW-000680,HT 88,6,18;19;20,AB081 AB056 AB055,3,False,SIGLA,CC BY-NC-SA 4.0,P-SIGLA-2026-09-27,source_defined_word,"Directly decoded from SigLA document word list; duplicate memberships retained, not corrected."
SW-000681,HT 88,7,21;22;23,AB003 AB057 AB027,3,False,SIGLA,CC BY-NC-SA 4.0,P-SIGLA-2026-09-27,source_defined_word,"Directly decoded from SigLA document word list; duplicate memberships retained, not corrected."
SW-000682,HT 88,8,24;25;26,AB031 AB080 AB002,3,False,SIGLA,CC BY-NC-SA 4.0,P-SIGLA-2026-09-27,source_defined_word,"Directly decoded from SigLA document word list; duplicate memberships retained, not corrected."
SW-000683,HT 88,9,27;28;29,AB001 AB059 AB027,3,False,SIGLA,CC BY-NC-SA 4.0,P-SIGLA-2026-09-27,source_defined_word,"Directly decoded from SigLA document word list; duplicate memberships retained, not corrected."
SW-000684,HT 88,10,30;31,AB081 AB002,2,False,SIGLA,CC BY-NC-SA 4.0,P-SIGLA-2026-09-27,source_defined_word,"Directly decoded from SigLA document word list; duplicate memberships retained, not corrected."
SW-000685,HT 89,0,1;2;3,AB008 AB031 AB076,3,False,SIGLA,CC BY-NC-SA 4.0,P-SIGLA-2026-09-27,source_defined_word,"Directly decoded from SigLA document word list; duplicate memberships retained, not corrected."
SW-000686,HT 89,1,7;8;9,AB080 AB028 AB073,3,False,SIGLA,CC BY-NC-SA 4.0,P-SIGLA-2026-09-27,source_defined_word,"Directly decoded from SigLA document word list; duplicate memberships retained, not corrected."
SW-000687,HT 89,2,12;13,AB059 AB060,2,False,SIGLA,CC BY-NC-SA 4.0,P-SIGLA-2026-09-27,source_defined_word,"Directly decoded from SigLA document word list; duplicate memberships retained, not corrected."
SW-000688,HT 89,3,14;15,AB081 AB002,2,False,SIGLA,CC BY-NC-SA 4.0,P-SIGLA-2026-09-27,source_defined_word,"Directly decoded from SigLA document word list; duplicate memberships retained, not corrected."
SW-000689,HT 89,4,21,AB131,1,False,SIGLA,CC BY-NC-SA 4.0,P-SIGLA-2026-09-27,source_defined_word,"Directly decoded from SigLA document word list; duplicate memberships retained, not corrected."
SW-000690,HT 8a,0,1;2,AB046 AB007,2,False,SIGLA,CC BY-NC-SA 4.0,P-SIGLA-2026-09-27,source_defined_word,"Directly decoded from SigLA document word list; duplicate memberships retained, not corrected."
SW-000691,HT 8a,1,4;5;6;7,AB056 AB077 AB060 AB037,4,False,SIGLA,CC BY-NC-SA 4.0,P-SIGLA-2026-09-27,source_defined_word,"Directly decoded from SigLA document word list; duplicate memberships retained, not corrected."
SW-000692,HT 8a,2,11;12,AB004 A301,2,False,SIGLA,CC BY-NC-SA 4.0,P-SIGLA-2026-09-27,source_defined_word,"Directly decoded from SigLA document word list; duplicate memberships retained, not corrected."
SW-000693,HT 8a,3,13;14;15,AB016 A310 AB028,3,False,SIGLA,CC BY-NC-SA 4.0,P-SIGLA-2026-09-27,source_defined_word,"Directly decoded from SigLA document word list; duplicate memberships retained, not corrected."
SW-000694,HT 8a,4,18;19;20,AB041 AB067 AB060,3,False,SIGLA,CC BY-NC-SA 4.0,P-SIGLA-2026-09-27,source_defined_word,"Directly decoded from SigLA document word list; duplicate memberships retained, not corrected."
SW-000695,HT 8a,5,22;23;25;26,AB067 AB027 AB059 AB006,4,False,SIGLA,CC BY-NC-SA 4.0,P-SIGLA-2026-09-27,source_defined_word,"Directly decoded from SigLA document word list; duplicate memberships retained, not corrected."
SW-000696,HT 8b,0,1;2;3,AB058 AB029 AB188,3,False,SIGLA,CC BY-NC-SA 4.0,P-SIGLA-2026-09-27,source_defined_word,"Directly decoded from SigLA document word list; duplicate memberships retained, not corrected."
SW-000697,HT 8b,1,4;5,AB056 AB188,2,False,SIGLA,CC BY-NC-SA 4.0,P-SIGLA-2026-09-27,source_defined_word,"Directly decoded from SigLA document word list; duplicate memberships retained, not corrected."
SW-000698,HT 8b,2,6;7;8,AB016 A310 AB028,3,False,SIGLA,CC BY-NC-SA 4.0,P-SIGLA-2026-09-27,source_defined_word,"Directly decoded from SigLA document word list; duplicate memberships retained, not corrected."
SW-000699,HT 8b,3,11;12,AB077 AB003,2,False,SIGLA,CC BY-NC-SA 4.0,P-SIGLA-2026-09-27,source_defined_word,"Directly decoded from SigLA document word list; duplicate memberships retained, not corrected."
SW-000700,HT 8b,4,14;15;16,AB003 AB057 AB027,3,False,SIGLA,CC BY-NC-SA 4.0,P-SIGLA-2026-09-27,source_defined_word,"Directly decoded from SigLA document word list; duplicate memberships retained, not corrected."
SW-000701,HT 90,0,1;2;3;4,AB028 AB081 AB053 AB006,4,False,SIGLA,CC BY-NC-SA 4.0,P-SIGLA-2026-09-27,source_defined_word,"Directly decoded from SigLA document word list; duplicate memberships retained, not corrected."
SW-000702,HT 90,1,5;6,AB031 AB076,2,False,SIGLA,CC BY-NC-SA 4.0,P-SIGLA-2026-09-27,source_defined_word,"Directly decoded from SigLA document word list; duplicate memberships retained, not corrected."
SW-000703,HT 90,2,10;11;12;13;14,AB041 AB026 AB080 AB053 AB066,5,False,SIGLA,CC BY-NC-SA 4.0,P-SIGLA-2026-09-27,source_defined_word,"Directly decoded from SigLA document word list; duplicate memberships retained, not corrected."
SW-000704,HT 91,0,1;2,AB028 AB077,2,False,SIGLA,CC BY-NC-SA 4.0,P-SIGLA-2026-09-27,source_defined_word,"Directly decoded from SigLA document word list; duplicate memberships retained, not corrected."
SW-000705,HT 91,1,21;22,AB004 AB053,2,False,SIGLA,CC BY-NC-SA 4.0,P-SIGLA-2026-09-27,source_defined_word,"Directly decoded from SigLA document word list; duplicate memberships retained, not corrected."
SW-000706,HT 92,0,2;3,AB008 AB051,2,False,SIGLA,CC BY-NC-SA 4.0,P-SIGLA-2026-09-27,source_defined_word,"Directly decoded from SigLA document word list; duplicate memberships retained, not corrected."
SW-000707,HT 93a,0,1;2;3,AB056 AB030 AB006,3,False,SIGLA,CC BY-NC-SA 4.0,P-SIGLA-2026-09-27,source_defined_word,"Directly decoded from SigLA document word list; duplicate memberships retained, not corrected."
SW-000708,HT 93a,1,6;7;8,AB007 AB053 AB006,3,False,SIGLA,CC BY-NC-SA 4.0,P-SIGLA-2026-09-27,source_defined_word,"Directly decoded from SigLA document word list; duplicate memberships retained, not corrected."
SW-000709,HT 93a,2,11;12;13,AB067 AB007 AB030,3,False,SIGLA,CC BY-NC-SA 4.0,P-SIGLA-2026-09-27,source_defined_word,"Directly decoded from SigLA document word list; duplicate memberships retained, not corrected."
SW-000710,HT 93a,3,16;17,AB008 AB009,2,False,SIGLA,CC BY-NC-SA 4.0,P-SIGLA-2026-09-27,source_defined_word,"Directly decoded from SigLA document word list; duplicate memberships retained, not corrected."
SW-000711,HT 93a,4,21;22,AB031 AB076,2,False,SIGLA,CC BY-NC-SA 4.0,P-SIGLA-2026-09-27,source_defined_word,"Directly decoded from SigLA document word list; duplicate memberships retained, not corrected."
SW-000712,HT 93a,5,23;24;25,AB016 AB016 AB026,3,False,SIGLA,CC BY-NC-SA 4.0,P-SIGLA-2026-09-27,source_defined_word,"Directly decoded from SigLA document word list; duplicate memberships retained, not corrected."
SW-000713,HT 93a,6,27;28,AB100 AB028,2,False,SIGLA,CC BY-NC-SA 4.0,P-SIGLA-2026-09-27,source_defined_word,"Directly decoded from SigLA document word list; duplicate memberships retained, not corrected."
SW-000714,HT 93a,7,29;30;31,AB045 AB065 AB081,3,False,SIGLA,CC BY-NC-SA 4.0,P-SIGLA-2026-09-27,source_defined_word,"Directly decoded from SigLA document word list; duplicate memberships retained, not corrected."
SW-000715,HT 93a,8,33;34,AB061 AB037,2,False,SIGLA,CC BY-NC-SA 4.0,P-SIGLA-2026-09-27,source_defined_word,"Directly decoded from SigLA document word list; duplicate memberships retained, not corrected."
SW-000716,HT 93a,9,36;37;38,AB001 AB053 AB001,3,False,SIGLA,CC BY-NC-SA 4.0,P-SIGLA-2026-09-27,source_defined_word,"Directly decoded from SigLA document word list; duplicate memberships retained, not corrected."
SW-000717,HT 93a,10,41;42;43,AB056 AB030 AB006,3,False,SIGLA,CC BY-NC-SA 4.0,P-SIGLA-2026-09-27,source_defined_word,"Directly decoded from SigLA document word list; duplicate memberships retained, not corrected."
SW-000718,HT 93a,11,44;45;46,AB003 AB009 AB057,3,False,SIGLA,CC BY-NC-SA 4.0,P-SIGLA-2026-09-27,source_defined_word,"Directly decoded from SigLA document word list; duplicate memberships retained, not corrected."
SW-000719,HT 93a,12,50,AB077,1,False,SIGLA,CC BY-NC-SA 4.0,P-SIGLA-2026-09-27,source_defined_word,"Directly decoded from SigLA document word list; duplicate memberships retained, not corrected."
SW-000720,HT 93b,0,2;3,AB067 AB002,2,False,SIGLA,CC BY-NC-SA 4.0,P-SIGLA-2026-09-27,source_defined_word,"Directly decoded from SigLA document word list; duplicate memberships retained, not corrected."
SW-000721,HT 94a,0,1;2,AB077 AB003,2,False,SIGLA,CC BY-NC-SA 4.0,P-SIGLA-2026-09-27,source_defined_word,"Directly decoded from SigLA document word list; duplicate memberships retained, not corrected."
SW-000722,HT 94a,1,9;10,AB081 AB002,2,False,SIGLA,CC BY-NC-SA 4.0,P-SIGLA-2026-09-27,source_defined_word,"Directly decoded from SigLA document word list; duplicate memberships retained, not corrected."
SW-000723,HT 94a,2,11;12,AB031 AB076,2,False,SIGLA,CC BY-NC-SA 4.0,P-SIGLA-2026-09-27,source_defined_word,"Directly decoded from SigLA document word list; duplicate memberships retained, not corrected."
SW-000724,HT 94a,3,16;17,A318 A306,2,False,SIGLA,CC BY-NC-SA 4.0,P-SIGLA-2026-09-27,source_defined_word,"Directly decoded from SigLA document word list; duplicate memberships retained, not corrected."
SW-000725,HT 94b,0,1;2,AB067 AB002,2,False,SIGLA,CC BY-NC-SA 4.0,P-SIGLA-2026-09-27,source_defined_word,"Directly decoded from SigLA document word list; duplicate memberships retained, not corrected."
SW-000726,HT 94b,1,3;4,AB069 AB080,2,False,SIGLA,CC BY-NC-SA 4.0,P-SIGLA-2026-09-27,source_defined_word,"Directly decoded from SigLA document word list; duplicate memberships retained, not corrected."
SW-000727,HT 94b,2,5;6;7,AB003 AB059 AB024,3,False,SIGLA,CC BY-NC-SA 4.0,P-SIGLA-2026-09-27,source_defined_word,"Directly decoded from SigLA document word list; duplicate memberships retained, not corrected."
SW-000728,HT 94b,3,8;9,AB045 AB007,2,False,SIGLA,CC BY-NC-SA 4.0,P-SIGLA-2026-09-27,source_defined_word,"Directly decoded from SigLA document word list; duplicate memberships retained, not corrected."
SW-000729,HT 94b,4,10;11;12,AB044 AB067 AB026,3,False,SIGLA,CC BY-NC-SA 4.0,P-SIGLA-2026-09-27,source_defined_word,"Directly decoded from SigLA document word list; duplicate memberships retained, not corrected."
SW-000730,HT 94b,5,13;14,AB031 AB026,2,False,SIGLA,CC BY-NC-SA 4.0,P-SIGLA-2026-09-27,source_defined_word,"Directly decoded from SigLA document word list; duplicate memberships retained, not corrected."
SW-000731,HT 94b,6,15;16,AB081 AB002,2,False,SIGLA,CC BY-NC-SA 4.0,P-SIGLA-2026-09-27,source_defined_word,"Directly decoded from SigLA document word list; duplicate memberships retained, not corrected."
SW-000732,HT 94b,7,18;20;21;22,AB060 AB045 AB013 AB004,4,False,SIGLA,CC BY-NC-SA 4.0,P-SIGLA-2026-09-27,source_defined_word,"Directly decoded from SigLA document word list; duplicate memberships retained, not corrected."
SW-000733,HT 94b,8,23;24,AB021 AB069,2,False,SIGLA,CC BY-NC-SA 4.0,P-SIGLA-2026-09-27,source_defined_word,"Directly decoded from SigLA document word list; duplicate memberships retained, not corrected."
SW-000734,HT 95a,0,1;2;3;4,AB001 AB051 AB080 AB059,4,False,SIGLA,CC BY-NC-SA 4.0,P-SIGLA-2026-09-27,source_defined_word,"Directly decoded from SigLA document word list; duplicate memberships retained, not corrected."
SW-000735,HT 95a,1,6;7,AB001 AB013,2,False,SIGLA,CC BY-NC-SA 4.0,P-SIGLA-2026-09-27,source_defined_word,"Directly decoded from SigLA document word list; duplicate memberships retained, not corrected."
SW-000736,HT 95a,2,8;9;10,AB073 AB055 AB004,3,False,SIGLA,CC BY-NC-SA 4.0,P-SIGLA-2026-09-27,source_defined_word,"Directly decoded from SigLA document word list; duplicate memberships retained, not corrected."
SW-000737,HT 95a,3,11;12,AB031 AB026,2,False,SIGLA,CC BY-NC-SA 4.0,P-SIGLA-2026-09-27,source_defined_word,"Directly decoded from SigLA document word list; duplicate memberships retained, not corrected."
SW-000738,HT 95a,4,13;14,AB081 AB030,2,False,SIGLA,CC BY-NC-SA 4.0,P-SIGLA-2026-09-27,source_defined_word,"Directly decoded from SigLA document word list; duplicate memberships retained, not corrected."
SW-000739,HT 95a,5,16;17;18;19;20;21,AB007 AB045 AB026 AB078 AB076 AB010,6,False,SIGLA,CC BY-NC-SA 4.0,P-SIGLA-2026-09-27,source_defined_word,"Directly decoded from SigLA document word list; duplicate memberships retained, not corrected."
SW-000740,HT 95b,0,1;2,AB008 AB051,2,False,SIGLA,CC BY-NC-SA 4.0,P-SIGLA-2026-09-27,source_defined_word,"Directly decoded from SigLA document word list; duplicate memberships retained, not corrected."
SW-000741,HT 95b,1,3;4,AB031 AB026,2,False,SIGLA,CC BY-NC-SA 4.0,P-SIGLA-2026-09-27,source_defined_word,"Directly decoded from SigLA document word list; duplicate memberships retained, not corrected."
SW-000742,HT 95b,2,6;7,AB001 AB017,2,False,SIGLA,CC BY-NC-SA 4.0,P-SIGLA-2026-09-27,source_defined_word,"Directly decoded from SigLA document word list; duplicate memberships retained, not corrected."
SW-000743,HT 95b,3,8;9;10,AB073 AB055 AB004,3,False,SIGLA,CC BY-NC-SA 4.0,P-SIGLA-2026-09-27,source_defined_word,"Directly decoded from SigLA document word list; duplicate memberships retained, not corrected."
SW-000744,HT 95b,4,11;12;13,AB081 AB030 AB058,3,False,SIGLA,CC BY-NC-SA 4.0,P-SIGLA-2026-09-27,source_defined_word,"Directly decoded from SigLA document word list; duplicate memberships retained, not corrected."
SW-000745,HT 95b,5,14;15;16,AB007 AB045 AB026,3,False,SIGLA,CC BY-NC-SA 4.0,P-SIGLA-2026-09-27,source_defined_word,"Directly decoded from SigLA document word list; duplicate memberships retained, not corrected."
SW-000746,HT 95b,6,17;18;19,AB078 AB076 AB010,3,False,SIGLA,CC BY-NC-SA 4.0,P-SIGLA-2026-09-27,source_defined_word,"Directly decoded from SigLA document word list; duplicate memberships retained, not corrected."
SW-000747,HT 96a,0,1;2;3;4;5,AB028 AB037 AB037 AB081 AB030,5,False,SIGLA,CC BY-NC-SA 4.0,P-SIGLA-2026-09-27,source_defined_word,"Directly decoded from SigLA document word list; duplicate memberships retained, not corrected."
SW-000748,HT 96a,1,6;7;8;9,AB008 AB003 AB060 AB024,4,False,SIGLA,CC BY-NC-SA 4.0,P-SIGLA-2026-09-27,source_defined_word,"Directly decoded from SigLA document word list; duplicate memberships retained, not corrected."
SW-000749,HT 96a,2,10;11;12,AB008 AB123 AB004,3,False,SIGLA,CC BY-NC-SA 4.0,P-SIGLA-2026-09-27,source_defined_word,"Directly decoded from SigLA document word list; duplicate memberships retained, not corrected."
SW-000750,HT 96a,3,13;14;15,AB041 AB073 AB059,3,False,SIGLA,CC BY-NC-SA 4.0,P-SIGLA-2026-09-27,source_defined_word,"Directly decoded from SigLA document word list; duplicate memberships retained, not corrected."
SW-000751,HT 96a,4,17;18,AB026 AB031,2,False,SIGLA,CC BY-NC-SA 4.0,P-SIGLA-2026-09-27,source_defined_word,"Directly decoded from SigLA document word list; duplicate memberships retained, not corrected."
SW-000752,HT 96a,5,21;22;23,AB039 AB059 AB060,3,False,SIGLA,CC BY-NC-SA 4.0,P-SIGLA-2026-09-27,source_defined_word,"Directly decoded from SigLA document word list; duplicate memberships retained, not corrected."
SW-000753,HT 96a,6,28;29;30,AB081 AB080 AB002,3,False,SIGLA,CC BY-NC-SA 4.0,P-SIGLA-2026-09-27,source_defined_word,"Directly decoded from SigLA document word list; duplicate memberships retained, not corrected."
SW-000754,HT 96b,0,1;2;3;4,AB008 AB003 AB060 AB024,4,False,SIGLA,CC BY-NC-SA 4.0,P-SIGLA-2026-09-27,source_defined_word,"Directly decoded from SigLA document word list; duplicate memberships retained, not corrected."
SW-000755,HT 96b,1,5;6;7;8,AB016 AB118 AB060 AB027,4,False,SIGLA,CC BY-NC-SA 4.0,P-SIGLA-2026-09-27,source_defined_word,"Directly decoded from SigLA document word list; duplicate memberships retained, not corrected."
SW-000756,HT 97a,0,1;2,AB077 AB026,2,False,SIGLA,CC BY-NC-SA 4.0,P-SIGLA-2026-09-27,source_defined_word,"Directly decoded from SigLA document word list; duplicate memberships retained, not corrected."
SW-000757,HT 97a,1,6;7;8,AB077 AB055 AB037,3,False,SIGLA,CC BY-NC-SA 4.0,P-SIGLA-2026-09-27,source_defined_word,"Directly decoded from SigLA document word list; duplicate memberships retained, not corrected."
SW-000758,HT 97a,2,9;10;11,AB003 AB028 AB005,3,False,SIGLA,CC BY-NC-SA 4.0,P-SIGLA-2026-09-27,source_defined_word,"Directly decoded from SigLA document word list; duplicate memberships retained, not corrected."
SW-000759,HT 97a,3,13;14;15;16,AB006 AB037 AB080 AB007,4,False,SIGLA,CC BY-NC-SA 4.0,P-SIGLA-2026-09-27,source_defined_word,"Directly decoded from SigLA document word list; duplicate memberships retained, not corrected."
SW-000760,HT 97a,4,20;21,AB059 AB037,2,False,SIGLA,CC BY-NC-SA 4.0,P-SIGLA-2026-09-27,source_defined_word,"Directly decoded from SigLA document word list; duplicate memberships retained, not corrected."
SW-000761,HT 97a,5,22,AB045,1,False,SIGLA,CC BY-NC-SA 4.0,P-SIGLA-2026-09-27,source_defined_word,"Directly decoded from SigLA document word list; duplicate memberships retained, not corrected."
SW-000762,HT 97a,6,24,AB008,1,False,SIGLA,CC BY-NC-SA 4.0,P-SIGLA-2026-09-27,source_defined_word,"Directly decoded from SigLA document word list; duplicate memberships retained, not corrected."
SW-000763,HT 97b,0,1;2,AB031 AB076,2,False,SIGLA,CC BY-NC-SA 4.0,P-SIGLA-2026-09-27,source_defined_word,"Directly decoded from SigLA document word list; duplicate memberships retained, not corrected."
SW-000764,HT 98a,0,,,0,False,SIGLA,CC BY-NC-SA 4.0,P-SIGLA-2026-09-27,source_defined_word,"Directly decoded from SigLA document word list; duplicate memberships retained, not corrected."
SW-000765,HT 98a,1,3,AB045,1,False,SIGLA,CC BY-NC-SA 4.0,P-SIGLA-2026-09-27,source_defined_word,"Directly decoded from SigLA document word list; duplicate memberships retained, not corrected."
SW-000766,HT 98a,2,4,AB069,1,False,SIGLA,CC BY-NC-SA 4.0,P-SIGLA-2026-09-27,source_defined_word,"Directly decoded from SigLA document word list; duplicate memberships retained, not corrected."
SW-000767,HT 98a,3,5;6;7,AB059 AB006 AB037,3,False,SIGLA,CC BY-NC-SA 4.0,P-SIGLA-2026-09-27,source_defined_word,"Directly decoded from SigLA document word list; duplicate memberships retained, not corrected."
SW-000768,HT 98a,4,10;11;12;13,AB007 AB027 AB007 AB006,4,False,SIGLA,CC BY-NC-SA 4.0,P-SIGLA-2026-09-27,source_defined_word,"Directly decoded from SigLA document word list; duplicate memberships retained, not corrected."
SW-000769,HT 98a,5,15;16,AB004 A301,2,False,SIGLA,CC BY-NC-SA 4.0,P-SIGLA-2026-09-27,source_defined_word,"Directly decoded from SigLA document word list; duplicate memberships retained, not corrected."
SW-000770,HT 98a,6,19;20,AB002 AB044,2,False,SIGLA,CC BY-NC-SA 4.0,P-SIGLA-2026-09-27,source_defined_word,"Directly decoded from SigLA document word list; duplicate memberships retained, not corrected."
SW-000771,HT 98a,7,22;23;24;25,AB077 AB053 A310 AB028,4,False,SIGLA,CC BY-NC-SA 4.0,P-SIGLA-2026-09-27,source_defined_word,"Directly decoded from SigLA document word list; duplicate memberships retained, not corrected."
SW-000772,HT 98b,0,5;6;7;8,AB001 AB026 AB024 AB004,4,False,SIGLA,CC BY-NC-SA 4.0,P-SIGLA-2026-09-27,source_defined_word,"Directly decoded from SigLA document word list; duplicate memberships retained, not corrected."
SW-000773,HT 99a,0,1;2,AB008 AB051,2,False,SIGLA,CC BY-NC-SA 4.0,P-SIGLA-2026-09-27,source_defined_word,"Directly decoded from SigLA document word list; duplicate memberships retained, not corrected."
SW-000774,HT 99a,1,3;4,AB031 AB076,2,False,SIGLA,CC BY-NC-SA 4.0,P-SIGLA-2026-09-27,source_defined_word,"Directly decoded from SigLA document word list; duplicate memberships retained, not corrected."
SW-000775,HT 99b,0,3;4;5,AB001 AB041 AB118,3,False,SIGLA,CC BY-NC-SA 4.0,P-SIGLA-2026-09-27,source_defined_word,"Directly decoded from SigLA document word list; duplicate memberships retained, not corrected."
SW-000776,HT 99b,1,6;7,AB079 AB051,2,False,SIGLA,CC BY-NC-SA 4.0,P-SIGLA-2026-09-27,source_defined_word,"Directly decoded from SigLA document word list; duplicate memberships retained, not corrected."
SW-000777,HT 99b,2,8;9;10,AB026 AB080 AB059,3,False,SIGLA,CC BY-NC-SA 4.0,P-SIGLA-2026-09-27,source_defined_word,"Directly decoded from SigLA document word list; duplicate memberships retained, not corrected."
SW-000778,HT 9a,0,1;2,AB031 AB002,2,False,SIGLA,CC BY-NC-SA 4.0,P-SIGLA-2026-09-27,source_defined_word,"Directly decoded from SigLA document word list; duplicate memberships retained, not corrected."
SW-000779,HT 9a,1,5;6,AB003 AB045,2,False,SIGLA,CC BY-NC-SA 4.0,P-SIGLA-2026-09-27,source_defined_word,"Directly decoded from SigLA document word list; duplicate memberships retained, not corrected."
SW-000780,HT 9a,2,9;10,A306 AB069,2,False,SIGLA,CC BY-NC-SA 4.0,P-SIGLA-2026-09-27,source_defined_word,"Directly decoded from SigLA document word list; duplicate memberships retained, not corrected."
SW-000781,HT 9a,3,11;12;13,AB007 AB006 AB010,3,False,SIGLA,CC BY-NC-SA 4.0,P-SIGLA-2026-09-27,source_defined_word,"Directly decoded from SigLA document word list; duplicate memberships retained, not corrected."
SW-000782,HT 9a,4,14;15,AB078 AB050,2,False,SIGLA,CC BY-NC-SA 4.0,P-SIGLA-2026-09-27,source_defined_word,"Directly decoded from SigLA document word list; duplicate memberships retained, not corrected."
SW-000783,HT 9a,5,16;17;18,A324 AB007 AB060,3,False,SIGLA,CC BY-NC-SA 4.0,P-SIGLA-2026-09-27,source_defined_word,"Directly decoded from SigLA document word list; duplicate memberships retained, not corrected."
SW-000784,HT 9a,6,20;21;22,AB059 AB028 AB123,3,False,SIGLA,CC BY-NC-SA 4.0,P-SIGLA-2026-09-27,source_defined_word,"Directly decoded from SigLA document word list; duplicate memberships retained, not corrected."
SW-000785,HT 9a,7,24;25;27;28,AB008 AB026 AB081 AB002,4,False,SIGLA,CC BY-NC-SA 4.0,P-SIGLA-2026-09-27,source_defined_word,"Directly decoded from SigLA document word list; duplicate memberships retained, not corrected."
SW-000786,HT 9b,0,2;3;4,AB054 AB057 AB039,3,False,SIGLA,CC BY-NC-SA 4.0,P-SIGLA-2026-09-27,source_defined_word,"Directly decoded from SigLA document word list; duplicate memberships retained, not corrected."
SW-000787,HT 9b,1,6;7,AB077 A305,2,False,SIGLA,CC BY-NC-SA 4.0,P-SIGLA-2026-09-27,source_defined_word,"Directly decoded from SigLA document word list; duplicate memberships retained, not corrected."
SW-000788,HT 9b,2,8;9,AB003 AB045,2,False,SIGLA,CC BY-NC-SA 4.0,P-SIGLA-2026-09-27,source_defined_word,"Directly decoded from SigLA document word list; duplicate memberships retained, not corrected."
SW-000789,HT 9b,3,10;11,AB008 AB041,2,False,SIGLA,CC BY-NC-SA 4.0,P-SIGLA-2026-09-27,source_defined_word,"Directly decoded from SigLA document word list; duplicate memberships retained, not corrected."
SW-000790,HT 9b,4,12;13,A306 AB069,2,False,SIGLA,CC BY-NC-SA 4.0,P-SIGLA-2026-09-27,source_defined_word,"Directly decoded from SigLA document word list; duplicate memberships retained, not corrected."
SW-000791,HT 9b,5,14;15;16,A324 AB007 AB060,3,False,SIGLA,CC BY-NC-SA 4.0,P-SIGLA-2026-09-27,source_defined_word,"Directly decoded from SigLA document word list; duplicate memberships retained, not corrected."
SW-000792,HT 9b,6,17;18,AB078 AB050,2,False,SIGLA,CC BY-NC-SA 4.0,P-SIGLA-2026-09-27,source_defined_word,"Directly decoded from SigLA document word list; duplicate memberships retained, not corrected."
SW-000793,HT 9b,7,19;20;21,AB059 AB028 AB123,3,False,SIGLA,CC BY-NC-SA 4.0,P-SIGLA-2026-09-27,source_defined_word,"Directly decoded from SigLA document word list; duplicate memberships retained, not corrected."
SW-000794,HT 9b,8,22;23;24,AB007 AB006 AB010,3,False,SIGLA,CC BY-NC-SA 4.0,P-SIGLA-2026-09-27,source_defined_word,"Directly decoded from SigLA document word list; duplicate memberships retained, not corrected."
SW-000795,HT 9b,9,25;26,AB081 AB002,2,False,SIGLA,CC BY-NC-SA 4.0,P-SIGLA-2026-09-27,source_defined_word,"Directly decoded from SigLA document word list; duplicate memberships retained, not corrected."
SW-000796,HT Wa 1001,0,1;2,AB001 AB077,2,False,SIGLA,CC BY-NC-SA 4.0,P-SIGLA-2026-09-27,source_defined_word,"Directly decoded from SigLA document word list; duplicate memberships retained, not corrected."
SW-000797,HT Wa 1002,0,1;2,AB001 AB077,2,False,SIGLA,CC BY-NC-SA 4.0,P-SIGLA-2026-09-27,source_defined_word,"Directly decoded from SigLA document word list; duplicate memberships retained, not corrected."
SW-000798,HT Wa 1003,0,1;2,AB001 AB077,2,False,SIGLA,CC BY-NC-SA 4.0,P-SIGLA-2026-09-27,source_defined_word,"Directly decoded from SigLA document word list; duplicate memberships retained, not corrected."
SW-000799,HT Wa 1004,0,1;2,AB001 AB077,2,False,SIGLA,CC BY-NC-SA 4.0,P-SIGLA-2026-09-27,source_defined_word,"Directly decoded from SigLA document word list; duplicate memberships retained, not corrected."
SW-000800,HT Wa 1005,0,1;2,AB001 AB077,2,False,SIGLA,CC BY-NC-SA 4.0,P-SIGLA-2026-09-27,source_defined_word,"Directly decoded from SigLA document word list; duplicate memberships retained, not corrected."
SW-000801,HT Wa 1006,0,1;2,AB028 AB076,2,False,SIGLA,CC BY-NC-SA 4.0,P-SIGLA-2026-09-27,source_defined_word,"Directly decoded from SigLA document word list; duplicate memberships retained, not corrected."
SW-000802,HT Wa 1007,0,1;2,AB028 AB076,2,False,SIGLA,CC BY-NC-SA 4.0,P-SIGLA-2026-09-27,source_defined_word,"Directly decoded from SigLA document word list; duplicate memberships retained, not corrected."
SW-000803,HT Wa 1008,0,1;2,AB028 AB076,2,False,SIGLA,CC BY-NC-SA 4.0,P-SIGLA-2026-09-27,source_defined_word,"Directly decoded from SigLA document word list; duplicate memberships retained, not corrected."
SW-000804,HT Wa 1009,0,1;2,AB028 AB076,2,False,SIGLA,CC BY-NC-SA 4.0,P-SIGLA-2026-09-27,source_defined_word,"Directly decoded from SigLA document word list; duplicate memberships retained, not corrected."
SW-000805,HT Wa 1010,0,1;2,AB028 AB076,2,False,SIGLA,CC BY-NC-SA 4.0,P-SIGLA-2026-09-27,source_defined_word,"Directly decoded from SigLA document word list; duplicate memberships retained, not corrected."
SW-000806,HT Wa 1011,0,1;2,AB028 AB076,2,False,SIGLA,CC BY-NC-SA 4.0,P-SIGLA-2026-09-27,source_defined_word,"Directly decoded from SigLA document word list; duplicate memberships retained, not corrected."
SW-000807,HT Wa 1012,0,1;2,AB028 AB076,2,False,SIGLA,CC BY-NC-SA 4.0,P-SIGLA-2026-09-27,source_defined_word,"Directly decoded from SigLA document word list; duplicate memberships retained, not corrected."
SW-000808,HT Wa 1013,0,1;2,AB028 AB076,2,False,SIGLA,CC BY-NC-SA 4.0,P-SIGLA-2026-09-27,source_defined_word,"Directly decoded from SigLA document word list; duplicate memberships retained, not corrected."
SW-000809,HT Wa 1014,0,1;2,AB041 AB077,2,False,SIGLA,CC BY-NC-SA 4.0,P-SIGLA-2026-09-27,source_defined_word,"Directly decoded from SigLA document word list; duplicate memberships retained, not corrected."
SW-000810,HT Wa 1015,0,1;2,AB041 AB077,2,False,SIGLA,CC BY-NC-SA 4.0,P-SIGLA-2026-09-27,source_defined_word,"Directly decoded from SigLA document word list; duplicate memberships retained, not corrected."
SW-000811,HT Wa 1016,0,1;2,AB041 AB077,2,False,SIGLA,CC BY-NC-SA 4.0,P-SIGLA-2026-09-27,source_defined_word,"Directly decoded from SigLA document word list; duplicate memberships retained, not corrected."
SW-000812,HT Wa 1017,0,1;2,AB041 AB077,2,False,SIGLA,CC BY-NC-SA 4.0,P-SIGLA-2026-09-27,source_defined_word,"Directly decoded from SigLA document word list; duplicate memberships retained, not corrected."
SW-000813,HT Wa 1018,0,1;2,AB041 AB077,2,False,SIGLA,CC BY-NC-SA 4.0,P-SIGLA-2026-09-27,source_defined_word,"Directly decoded from SigLA document word list; duplicate memberships retained, not corrected."
SW-000814,HT Wa 1019α,0,1;2;3,AB003 AB059 AB024,3,False,SIGLA,CC BY-NC-SA 4.0,P-SIGLA-2026-09-27,source_defined_word,"Directly decoded from SigLA document word list; duplicate memberships retained, not corrected."
SW-000815,HT Wa 1019γ,0,1;2,AB041 AB069,2,False,SIGLA,CC BY-NC-SA 4.0,P-SIGLA-2026-09-27,source_defined_word,"Directly decoded from SigLA document word list; duplicate memberships retained, not corrected."
SW-000816,HT Wa 1020α,0,1,A629,1,False,SIGLA,CC BY-NC-SA 4.0,P-SIGLA-2026-09-27,source_defined_word,"Directly decoded from SigLA document word list; duplicate memberships retained, not corrected."
SW-000817,HT Wa 1020α,1,2;3,AB081 AB003,2,False,SIGLA,CC BY-NC-SA 4.0,P-SIGLA-2026-09-27,source_defined_word,"Directly decoded from SigLA document word list; duplicate memberships retained, not corrected."
SW-000818,HT Wa 1020γ,0,1;2;3,AB046 AB059 AB006,3,False,SIGLA,CC BY-NC-SA 4.0,P-SIGLA-2026-09-27,source_defined_word,"Directly decoded from SigLA document word list; duplicate memberships retained, not corrected."
SW-000819,HT Wa 1021α,0,1;2,AB188 AB051,2,False,SIGLA,CC BY-NC-SA 4.0,P-SIGLA-2026-09-27,source_defined_word,"Directly decoded from SigLA document word list; duplicate memberships retained, not corrected."
SW-000820,HT Wa 1028α,0,1,AB041,1,False,SIGLA,CC BY-NC-SA 4.0,P-SIGLA-2026-09-27,source_defined_word,"Directly decoded from SigLA document word list; duplicate memberships retained, not corrected."
SW-000821,HT Wa 1028γ,0,1,AB077,1,False,SIGLA,CC BY-NC-SA 4.0,P-SIGLA-2026-09-27,source_defined_word,"Directly decoded from SigLA document word list; duplicate memberships retained, not corrected."
SW-000822,HT Wa 1029α,0,1,A301,1,False,SIGLA,CC BY-NC-SA 4.0,P-SIGLA-2026-09-27,source_defined_word,"Directly decoded from SigLA document word list; duplicate memberships retained, not corrected."
SW-000823,HT Wa 1029γ,0,1,A301,1,False,SIGLA,CC BY-NC-SA 4.0,P-SIGLA-2026-09-27,source_defined_word,"Directly decoded from SigLA document word list; duplicate memberships retained, not corrected."
SW-000824,HT Wa 1242,0,1,AB041,1,False,SIGLA,CC BY-NC-SA 4.0,P-SIGLA-2026-09-27,source_defined_word,"Directly decoded from SigLA document word list; duplicate memberships retained, not corrected."
SW-000825,HT Wc 3001,0,1;2;3,AB003 AB009 AB057,3,False,SIGLA,CC BY-NC-SA 4.0,P-SIGLA-2026-09-27,source_defined_word,"Directly decoded from SigLA document word list; duplicate memberships retained, not corrected."
SW-000826,HT Wc 3002,0,1;2;3,AB003 AB009 AB057,3,False,SIGLA,CC BY-NC-SA 4.0,P-SIGLA-2026-09-27,source_defined_word,"Directly decoded from SigLA document word list; duplicate memberships retained, not corrected."
SW-000827,HT Wc 3003,0,1;2;3,AB077 AB027 AB002,3,False,SIGLA,CC BY-NC-SA 4.0,P-SIGLA-2026-09-27,source_defined_word,"Directly decoded from SigLA document word list; duplicate memberships retained, not corrected."
SW-000828,HT Wc 3004a,0,1;2;3,AB079 AB030 AB077,3,False,SIGLA,CC BY-NC-SA 4.0,P-SIGLA-2026-09-27,source_defined_word,"Directly decoded from SigLA document word list; duplicate memberships retained, not corrected."
SW-000829,HT Wc 3005a,0,1;2;3,AB059 AB030 AB077,3,False,SIGLA,CC BY-NC-SA 4.0,P-SIGLA-2026-09-27,source_defined_word,"Directly decoded from SigLA document word list; duplicate memberships retained, not corrected."
SW-000830,HT Wc 3006a,0,1;2;3,AB054 AB061 AB073,3,False,SIGLA,CC BY-NC-SA 4.0,P-SIGLA-2026-09-27,source_defined_word,"Directly decoded from SigLA document word list; duplicate memberships retained, not corrected."
SW-000831,HT Wc 3006b,0,1;2;3,AB060 A314 AB060,3,False,SIGLA,CC BY-NC-SA 4.0,P-SIGLA-2026-09-27,source_defined_word,"Directly decoded from SigLA document word list; duplicate memberships retained, not corrected."
SW-000832,HT Wc 3007,0,1;2;3,AB054 AB007 AB030,3,False,SIGLA,CC BY-NC-SA 4.0,P-SIGLA-2026-09-27,source_defined_word,"Directly decoded from SigLA document word list; duplicate memberships retained, not corrected."
SW-000833,HT Wc 3008a,0,1;2;3,AB054 AB007 AB030,3,False,SIGLA,CC BY-NC-SA 4.0,P-SIGLA-2026-09-27,source_defined_word,"Directly decoded from SigLA document word list; duplicate memberships retained, not corrected."
SW-000834,HT Wc 3008b,0,1;2;3;4,AB026 AB057 AB059 AB007,4,False,SIGLA,CC BY-NC-SA 4.0,P-SIGLA-2026-09-27,source_defined_word,"Directly decoded from SigLA document word list; duplicate memberships retained, not corrected."
SW-000835,HT Wc 3009a,0,1;2;3;4,A333 AB007 AB058 AB077,4,False,SIGLA,CC BY-NC-SA 4.0,P-SIGLA-2026-09-27,source_defined_word,"Directly decoded from SigLA document word list; duplicate memberships retained, not corrected."
SW-000836,HT Wc 3010,0,1;2;3;4;5,A333 AB007 AB006 AB058 AB077,5,False,SIGLA,CC BY-NC-SA 4.0,P-SIGLA-2026-09-27,source_defined_word,"Directly decoded from SigLA document word list; duplicate memberships retained, not corrected."
SW-000837,HT Wc 3011,0,1;2;3,AB079 AB007 AB060,3,False,SIGLA,CC BY-NC-SA 4.0,P-SIGLA-2026-09-27,source_defined_word,"Directly decoded from SigLA document word list; duplicate memberships retained, not corrected."
SW-000838,HT Wc 3012a,0,1;2;3,AB079 AB007 AB060,3,False,SIGLA,CC BY-NC-SA 4.0,P-SIGLA-2026-09-27,source_defined_word,"Directly decoded from SigLA document word list; duplicate memberships retained, not corrected."
SW-000839,HT Wc 3012b,0,1;2,AB027 AB002,2,False,SIGLA,CC BY-NC-SA 4.0,P-SIGLA-2026-09-27,source_defined_word,"Directly decoded from SigLA document word list; duplicate memberships retained, not corrected."
SW-000840,HT Wc 3014a,0,1;2;3,AB081 AB073 AB006,3,False,SIGLA,CC BY-NC-SA 4.0,P-SIGLA-2026-09-27,source_defined_word,"Directly decoded from SigLA document word list; duplicate memberships retained, not corrected."
SW-000841,HT Wc 3014b,0,1,AB078,1,False,SIGLA,CC BY-NC-SA 4.0,P-SIGLA-2026-09-27,source_defined_word,"Directly decoded from SigLA document word list; duplicate memberships retained, not corrected."
SW-000842,HT Wc 3015a,0,1;2;3,AB077 AB081 AB003,3,False,SIGLA,CC BY-NC-SA 4.0,P-SIGLA-2026-09-27,source_defined_word,"Directly decoded from SigLA document word list; duplicate memberships retained, not corrected."
SW-000843,HT Wc 3016a,0,1;2;3,AB077 AB081 AB003,3,False,SIGLA,CC BY-NC-SA 4.0,P-SIGLA-2026-09-27,source_defined_word,"Directly decoded from SigLA document word list; duplicate memberships retained, not corrected."
SW-000844,HT Wc 3017a,0,1;2;3;4;5,AB016 AB081 AB027 AB006 A306,5,False,SIGLA,CC BY-NC-SA 4.0,P-SIGLA-2026-09-27,source_defined_word,"Directly decoded from SigLA document word list; duplicate memberships retained, not corrected."
SW-000845,HT Wc 3020a,0,1;2,AB188 AB051,2,False,SIGLA,CC BY-NC-SA 4.0,P-SIGLA-2026-09-27,source_defined_word,"Directly decoded from SigLA document word list; duplicate memberships retained, not corrected."
SW-000846,HT Zb 158a,0,2;3;4;5,AB069 AB009 AB058 AB067,4,False,SIGLA,CC BY-NC-SA 4.0,P-SIGLA-2026-09-27,source_defined_word,"Directly decoded from SigLA document word list; duplicate memberships retained, not corrected."
SW-000847,HT Zb 158b,0,1;2;3;4;5;6,AB058 AB067 AB053 AB004 AB028 AB057,6,False,SIGLA,CC BY-NC-SA 4.0,P-SIGLA-2026-09-27,source_defined_word,"Directly decoded from SigLA document word list; duplicate memberships retained, not corrected."
SW-000848,HT Zb 159,0,1;2;3;4;5;6,AB008 AB006 AB055 AB041 AB057 AB009,6,False,SIGLA,CC BY-NC-SA 4.0,P-SIGLA-2026-09-27,source_defined_word,"Directly decoded from SigLA document word list; duplicate memberships retained, not corrected."
SW-000849,HT Zb 160,0,1;2;3,AB003 AB059 AB001,3,False,SIGLA,CC BY-NC-SA 4.0,P-SIGLA-2026-09-27,source_defined_word,"Directly decoded from SigLA document word list; duplicate memberships retained, not corrected."
SW-000850,HT Zb 160,1,4;5;6,AB051 AB029 AB027,3,False,SIGLA,CC BY-NC-SA 4.0,P-SIGLA-2026-09-27,source_defined_word,"Directly decoded from SigLA document word list; duplicate memberships retained, not corrected."
SW-000851,HT Zb 161,0,1;2,AB041 AB050,2,False,SIGLA,CC BY-NC-SA 4.0,P-SIGLA-2026-09-27,source_defined_word,"Directly decoded from SigLA document word list; duplicate memberships retained, not corrected."
SW-000852,HT Zd 155,0,1;2,AB008 AB065,2,False,SIGLA,CC BY-NC-SA 4.0,P-SIGLA-2026-09-27,source_defined_word,"Directly decoded from SigLA document word list; duplicate memberships retained, not corrected."
SW-000853,HT Zd 155,1,3;4;5;6;7;8,AB006 AB080 AB080 AB037 AB037 A319,6,False,SIGLA,CC BY-NC-SA 4.0,P-SIGLA-2026-09-27,source_defined_word,"Directly decoded from SigLA document word list; duplicate memberships retained, not corrected."
SW-000854,HT Zd 156,0,9;10,AB059 AB057,2,False,SIGLA,CC BY-NC-SA 4.0,P-SIGLA-2026-09-27,source_defined_word,"Directly decoded from SigLA document word list; duplicate memberships retained, not corrected."
SW-000855,HT Zd 157,0,1;2;3,AB040 AB057 AB058,3,False,SIGLA,CC BY-NC-SA 4.0,P-SIGLA-2026-09-27,source_defined_word,"Directly decoded from SigLA document word list; duplicate memberships retained, not corrected."
SW-000856,HT Zd 157,1,4;5;6;7,AB080 AB037 AB037 A319,4,False,SIGLA,CC BY-NC-SA 4.0,P-SIGLA-2026-09-27,source_defined_word,"Directly decoded from SigLA document word list; duplicate memberships retained, not corrected."
SW-000857,KE 1,0,1;2,AB077 AB031,2,False,SIGLA,CC BY-NC-SA 4.0,P-SIGLA-2026-09-27,source_defined_word,"Directly decoded from SigLA document word list; duplicate memberships retained, not corrected."
SW-000858,KE 1,1,,,0,False,SIGLA,CC BY-NC-SA 4.0,P-SIGLA-2026-09-27,source_defined_word,"Directly decoded from SigLA document word list; duplicate memberships retained, not corrected."
SW-000859,KE Zb 4,0,1;2;3,AB057 AB041 AB038,3,False,SIGLA,CC BY-NC-SA 4.0,P-SIGLA-2026-09-27,source_defined_word,"Directly decoded from SigLA document word list; duplicate memberships retained, not corrected."
SW-000860,KH 1,0,1,AB046,1,False,SIGLA,CC BY-NC-SA 4.0,P-SIGLA-2026-09-27,source_defined_word,"Directly decoded from SigLA document word list; duplicate memberships retained, not corrected."
SW-000861,KH 10,0,,,0,False,SIGLA,CC BY-NC-SA 4.0,P-SIGLA-2026-09-27,source_defined_word,"Directly decoded from SigLA document word list; duplicate memberships retained, not corrected."
SW-000862,KH 10,1,3;4;5;6,AB028 AB003 AB031 AB057,4,False,SIGLA,CC BY-NC-SA 4.0,P-SIGLA-2026-09-27,source_defined_word,"Directly decoded from SigLA document word list; duplicate memberships retained, not corrected."
SW-000863,KH 10,2,7;8,AB016 AB118,2,False,SIGLA,CC BY-NC-SA 4.0,P-SIGLA-2026-09-27,source_defined_word,"Directly decoded from SigLA document word list; duplicate memberships retained, not corrected."
SW-000864,KH 10,3,9;10;11;12;13,AB008 AB067 AB039 AB038 AB004,5,False,SIGLA,CC BY-NC-SA 4.0,P-SIGLA-2026-09-27,source_defined_word,"Directly decoded from SigLA document word list; duplicate memberships retained, not corrected."
SW-000865,KH 100,0,1;2,A352 A306,2,False,SIGLA,CC BY-NC-SA 4.0,P-SIGLA-2026-09-27,source_defined_word,"Directly decoded from SigLA document word list; duplicate memberships retained, not corrected."
SW-000866,KH 100,1,3,AB002,1,False,SIGLA,CC BY-NC-SA 4.0,P-SIGLA-2026-09-27,source_defined_word,"Directly decoded from SigLA document word list; duplicate memberships retained, not corrected."
SW-000867,KH 100,2,6,AB045,1,False,SIGLA,CC BY-NC-SA 4.0,P-SIGLA-2026-09-27,source_defined_word,"Directly decoded from SigLA document word list; duplicate memberships retained, not corrected."
SW-000868,KH 101,0,,,0,False,SIGLA,CC BY-NC-SA 4.0,P-SIGLA-2026-09-27,source_defined_word,"Directly decoded from SigLA document word list; duplicate memberships retained, not corrected."
SW-000869,KH 101,1,2,A303,1,False,SIGLA,CC BY-NC-SA 4.0,P-SIGLA-2026-09-27,source_defined_word,"Directly decoded from SigLA document word list; duplicate memberships retained, not corrected."
SW-000870,KH 102,0,1;2,AB008 AB073,2,False,SIGLA,CC BY-NC-SA 4.0,P-SIGLA-2026-09-27,source_defined_word,"Directly decoded from SigLA document word list; duplicate memberships retained, not corrected."
SW-000871,KH 104,0,2,AB009,1,False,SIGLA,CC BY-NC-SA 4.0,P-SIGLA-2026-09-27,source_defined_word,"Directly decoded from SigLA document word list; duplicate memberships retained, not corrected."
SW-000872,KH 104,1,5;6,AB003 AB047,2,False,SIGLA,CC BY-NC-SA 4.0,P-SIGLA-2026-09-27,source_defined_word,"Directly decoded from SigLA document word list; duplicate memberships retained, not corrected."
SW-000873,KH 104,2,7;8,AB001 AB027,2,False,SIGLA,CC BY-NC-SA 4.0,P-SIGLA-2026-09-27,source_defined_word,"Directly decoded from SigLA document word list; duplicate memberships retained, not corrected."
SW-000874,KH 104,3,,,0,False,SIGLA,CC BY-NC-SA 4.0,P-SIGLA-2026-09-27,source_defined_word,"Directly decoded from SigLA document word list; duplicate memberships retained, not corrected."
SW-000875,KH 105,0,2;3,AB067 AB037,2,False,SIGLA,CC BY-NC-SA 4.0,P-SIGLA-2026-09-27,source_defined_word,"Directly decoded from SigLA document word list; duplicate memberships retained, not corrected."
SW-000876,KH 11,0,1;2;4,AB008 AB051 AB017,3,False,SIGLA,CC BY-NC-SA 4.0,P-SIGLA-2026-09-27,source_defined_word,"Directly decoded from SigLA document word list; duplicate memberships retained, not corrected."
SW-000877,KH 11,1,13;14;15;16;17,AB008 AB005 A349 AB005 AB028,5,False,SIGLA,CC BY-NC-SA 4.0,P-SIGLA-2026-09-27,source_defined_word,"Directly decoded from SigLA document word list; duplicate memberships retained, not corrected."
SW-000878,KH 11,2,23;24;25,AB008 AB059 A350,3,False,SIGLA,CC BY-NC-SA 4.0,P-SIGLA-2026-09-27,source_defined_word,"Directly decoded from SigLA document word list; duplicate memberships retained, not corrected."
SW-000879,KH 12,0,8,A651,1,False,SIGLA,CC BY-NC-SA 4.0,P-SIGLA-2026-09-27,source_defined_word,"Directly decoded from SigLA document word list; duplicate memberships retained, not corrected."
SW-000880,KH 13,0,1;2;3;4,AB008 AB009 AB027 AB017,4,False,SIGLA,CC BY-NC-SA 4.0,P-SIGLA-2026-09-27,source_defined_word,"Directly decoded from SigLA document word list; duplicate memberships retained, not corrected."
SW-000881,KH 13,1,7;8,AB001 AB028,2,False,SIGLA,CC BY-NC-SA 4.0,P-SIGLA-2026-09-27,source_defined_word,"Directly decoded from SigLA document word list; duplicate memberships retained, not corrected."
SW-000882,KH 14,0,1,AB060,1,False,SIGLA,CC BY-NC-SA 4.0,P-SIGLA-2026-09-27,source_defined_word,"Directly decoded from SigLA document word list; duplicate memberships retained, not corrected."
SW-000883,KH 14,1,2;3;4,AB008 AB080 AB057,3,False,SIGLA,CC BY-NC-SA 4.0,P-SIGLA-2026-09-27,source_defined_word,"Directly decoded from SigLA document word list; duplicate memberships retained, not corrected."
SW-000884,KH 14,2,11,A303,1,False,SIGLA,CC BY-NC-SA 4.0,P-SIGLA-2026-09-27,source_defined_word,"Directly decoded from SigLA document word list; duplicate memberships retained, not corrected."
SW-000885,KH 16,0,2;3;4;5,AB010 AB059 AB028 AB041,4,False,SIGLA,CC BY-NC-SA 4.0,P-SIGLA-2026-09-27,source_defined_word,"Directly decoded from SigLA document word list; duplicate memberships retained, not corrected."
SW-000886,KH 16,1,7,AB059,1,False,SIGLA,CC BY-NC-SA 4.0,P-SIGLA-2026-09-27,source_defined_word,"Directly decoded from SigLA document word list; duplicate memberships retained, not corrected."
SW-000887,KH 17,0,3,AB008,1,False,SIGLA,CC BY-NC-SA 4.0,P-SIGLA-2026-09-27,source_defined_word,"Directly decoded from SigLA document word list; duplicate memberships retained, not corrected."
SW-000888,KH 18,0,2;3;4,AB028 AB081 AB039,3,False,SIGLA,CC BY-NC-SA 4.0,P-SIGLA-2026-09-27,source_defined_word,"Directly decoded from SigLA document word list; duplicate memberships retained, not corrected."
SW-000889,KH 2,0,1,AB069,1,False,SIGLA,CC BY-NC-SA 4.0,P-SIGLA-2026-09-27,source_defined_word,"Directly decoded from SigLA document word list; duplicate memberships retained, not corrected."
SW-000890,KH 2,1,,,0,False,SIGLA,CC BY-NC-SA 4.0,P-SIGLA-2026-09-27,source_defined_word,"Directly decoded from SigLA document word list; duplicate memberships retained, not corrected."
SW-000891,KH 20,0,1;2;3;4,AB008 AB041 AB067 AB060,4,False,SIGLA,CC BY-NC-SA 4.0,P-SIGLA-2026-09-27,source_defined_word,"Directly decoded from SigLA document word list; duplicate memberships retained, not corrected."
SW-000892,KH 20,1,6;7;8,AB051 AB027 AB017,3,False,SIGLA,CC BY-NC-SA 4.0,P-SIGLA-2026-09-27,source_defined_word,"Directly decoded from SigLA document word list; duplicate memberships retained, not corrected."
SW-000893,KH 21,0,3;4;5,A306 AB078 AB051,3,False,SIGLA,CC BY-NC-SA 4.0,P-SIGLA-2026-09-27,source_defined_word,"Directly decoded from SigLA document word list; duplicate memberships retained, not corrected."
SW-000894,KH 22,0,2,AB017,1,False,SIGLA,CC BY-NC-SA 4.0,P-SIGLA-2026-09-27,source_defined_word,"Directly decoded from SigLA document word list; duplicate memberships retained, not corrected."
SW-000895,KH 23,0,1;2,AB008 AB051,2,False,SIGLA,CC BY-NC-SA 4.0,P-SIGLA-2026-09-27,source_defined_word,"Directly decoded from SigLA document word list; duplicate memberships retained, not corrected."
SW-000896,KH 24,0,2,AB058,1,False,SIGLA,CC BY-NC-SA 4.0,P-SIGLA-2026-09-27,source_defined_word,"Directly decoded from SigLA document word list; duplicate memberships retained, not corrected."
SW-000897,KH 24,1,,,0,False,SIGLA,CC BY-NC-SA 4.0,P-SIGLA-2026-09-27,source_defined_word,"Directly decoded from SigLA document word list; duplicate memberships retained, not corrected."
SW-000898,KH 28,0,1,AB009,1,False,SIGLA,CC BY-NC-SA 4.0,P-SIGLA-2026-09-27,source_defined_word,"Directly decoded from SigLA document word list; duplicate memberships retained, not corrected."
SW-000899,KH 29,0,2,AB060,1,False,SIGLA,CC BY-NC-SA 4.0,P-SIGLA-2026-09-27,source_defined_word,"Directly decoded from SigLA document word list; duplicate memberships retained, not corrected."
SW-000900,KH 29,1,3,AB066,1,False,SIGLA,CC BY-NC-SA 4.0,P-SIGLA-2026-09-27,source_defined_word,"Directly decoded from SigLA document word list; duplicate memberships retained, not corrected."
SW-000901,KH 29,2,5;6,AB081 AB003,2,False,SIGLA,CC BY-NC-SA 4.0,P-SIGLA-2026-09-27,source_defined_word,"Directly decoded from SigLA document word list; duplicate memberships retained, not corrected."
SW-000902,KH 3,0,1,AB055,1,False,SIGLA,CC BY-NC-SA 4.0,P-SIGLA-2026-09-27,source_defined_word,"Directly decoded from SigLA document word list; duplicate memberships retained, not corrected."
SW-000903,KH 32,0,1;2,AB028 A331,2,False,SIGLA,CC BY-NC-SA 4.0,P-SIGLA-2026-09-27,source_defined_word,"Directly decoded from SigLA document word list; duplicate memberships retained, not corrected."
SW-000904,KH 33,0,3,AB008,1,False,SIGLA,CC BY-NC-SA 4.0,P-SIGLA-2026-09-27,source_defined_word,"Directly decoded from SigLA document word list; duplicate memberships retained, not corrected."
SW-000905,KH 35,0,,,0,False,SIGLA,CC BY-NC-SA 4.0,P-SIGLA-2026-09-27,source_defined_word,"Directly decoded from SigLA document word list; duplicate memberships retained, not corrected."
SW-000906,KH 36,0,1,AB077,1,False,SIGLA,CC BY-NC-SA 4.0,P-SIGLA-2026-09-27,source_defined_word,"Directly decoded from SigLA document word list; duplicate memberships retained, not corrected."
SW-000907,KH 36,1,3,AB006,1,False,SIGLA,CC BY-NC-SA 4.0,P-SIGLA-2026-09-27,source_defined_word,"Directly decoded from SigLA document word list; duplicate memberships retained, not corrected."
SW-000908,KH 37,0,2,AB040,1,False,SIGLA,CC BY-NC-SA 4.0,P-SIGLA-2026-09-27,source_defined_word,"Directly decoded from SigLA document word list; duplicate memberships retained, not corrected."
SW-000909,KH 39,0,1;2,AB008 AB059,2,False,SIGLA,CC BY-NC-SA 4.0,P-SIGLA-2026-09-27,source_defined_word,"Directly decoded from SigLA document word list; duplicate memberships retained, not corrected."
SW-000910,KH 4,0,1;2;3,AB008 AB051 AB027,3,False,SIGLA,CC BY-NC-SA 4.0,P-SIGLA-2026-09-27,source_defined_word,"Directly decoded from SigLA document word list; duplicate memberships retained, not corrected."
SW-000911,KH 4,1,,,0,False,SIGLA,CC BY-NC-SA 4.0,P-SIGLA-2026-09-27,source_defined_word,"Directly decoded from SigLA document word list; duplicate memberships retained, not corrected."
SW-000912,KH 40,0,1;2,AB041 AB006,2,False,SIGLA,CC BY-NC-SA 4.0,P-SIGLA-2026-09-27,source_defined_word,"Directly decoded from SigLA document word list; duplicate memberships retained, not corrected."
SW-000913,KH 41,0,1;2;3,AB077 AB059 AB027,3,False,SIGLA,CC BY-NC-SA 4.0,P-SIGLA-2026-09-27,source_defined_word,"Directly decoded from SigLA document word list; duplicate memberships retained, not corrected."
SW-000914,KH 44,0,1,N800,1,False,SIGLA,CC BY-NC-SA 4.0,P-SIGLA-2026-09-27,source_defined_word,"Directly decoded from SigLA document word list; duplicate memberships retained, not corrected."
SW-000915,KH 44,1,2,A335,1,False,SIGLA,CC BY-NC-SA 4.0,P-SIGLA-2026-09-27,source_defined_word,"Directly decoded from SigLA document word list; duplicate memberships retained, not corrected."
SW-000916,KH 45,0,1,AB008,1,False,SIGLA,CC BY-NC-SA 4.0,P-SIGLA-2026-09-27,source_defined_word,"Directly decoded from SigLA document word list; duplicate memberships retained, not corrected."
SW-000917,KH 47,0,1;2,AB016 AB024,2,False,SIGLA,CC BY-NC-SA 4.0,P-SIGLA-2026-09-27,source_defined_word,"Directly decoded from SigLA document word list; duplicate memberships retained, not corrected."
SW-000918,KH 47,1,3,AB041,1,False,SIGLA,CC BY-NC-SA 4.0,P-SIGLA-2026-09-27,source_defined_word,"Directly decoded from SigLA document word list; duplicate memberships retained, not corrected."
SW-000919,KH 47,2,4,AB060,1,False,SIGLA,CC BY-NC-SA 4.0,P-SIGLA-2026-09-27,source_defined_word,"Directly decoded from SigLA document word list; duplicate memberships retained, not corrected."
SW-000920,KH 47,3,5,A306,1,False,SIGLA,CC BY-NC-SA 4.0,P-SIGLA-2026-09-27,source_defined_word,"Directly decoded from SigLA document word list; duplicate memberships retained, not corrected."
SW-000921,KH 49,0,2,AB026,1,False,SIGLA,CC BY-NC-SA 4.0,P-SIGLA-2026-09-27,source_defined_word,"Directly decoded from SigLA document word list; duplicate memberships retained, not corrected."
SW-000922,KH 49,1,3,AB081,1,False,SIGLA,CC BY-NC-SA 4.0,P-SIGLA-2026-09-27,source_defined_word,"Directly decoded from SigLA document word list; duplicate memberships retained, not corrected."
SW-000923,KH 5,0,1;2;3;4;5,AB008 AB001 AB067 AB041 AB077,5,False,SIGLA,CC BY-NC-SA 4.0,P-SIGLA-2026-09-27,source_defined_word,"Directly decoded from SigLA document word list; duplicate memberships retained, not corrected."
SW-000924,KH 5,1,6;7;8;9,AB008 AB060 AB010 AB001,4,False,SIGLA,CC BY-NC-SA 4.0,P-SIGLA-2026-09-27,source_defined_word,"Directly decoded from SigLA document word list; duplicate memberships retained, not corrected."
SW-000925,KH 5,2,10;11;12;13,AB040 AB031 AB031 AB024,4,False,SIGLA,CC BY-NC-SA 4.0,P-SIGLA-2026-09-27,source_defined_word,"Directly decoded from SigLA document word list; duplicate memberships retained, not corrected."
SW-000926,KH 5,3,16;17;18,AB040 AB006 AB051,3,False,SIGLA,CC BY-NC-SA 4.0,P-SIGLA-2026-09-27,source_defined_word,"Directly decoded from SigLA document word list; duplicate memberships retained, not corrected."
SW-000927,KH 5,4,19;20,A301 AB006,2,False,SIGLA,CC BY-NC-SA 4.0,P-SIGLA-2026-09-27,source_defined_word,"Directly decoded from SigLA document word list; duplicate memberships retained, not corrected."
SW-000928,KH 5,5,21;22;23,AB081 AB003 AB079,3,False,SIGLA,CC BY-NC-SA 4.0,P-SIGLA-2026-09-27,source_defined_word,"Directly decoded from SigLA document word list; duplicate memberships retained, not corrected."
SW-000929,KH 50,0,2,AB059,1,False,SIGLA,CC BY-NC-SA 4.0,P-SIGLA-2026-09-27,source_defined_word,"Directly decoded from SigLA document word list; duplicate memberships retained, not corrected."
SW-000930,KH 50,1,3,AB046,1,False,SIGLA,CC BY-NC-SA 4.0,P-SIGLA-2026-09-27,source_defined_word,"Directly decoded from SigLA document word list; duplicate memberships retained, not corrected."
SW-000931,KH 50,2,4,AB078,1,False,SIGLA,CC BY-NC-SA 4.0,P-SIGLA-2026-09-27,source_defined_word,"Directly decoded from SigLA document word list; duplicate memberships retained, not corrected."
SW-000932,KH 51,0,1;2;3,AB041 AB028 AB041,3,False,SIGLA,CC BY-NC-SA 4.0,P-SIGLA-2026-09-27,source_defined_word,"Directly decoded from SigLA document word list; duplicate memberships retained, not corrected."
SW-000933,KH 51,1,4,AB069,1,False,SIGLA,CC BY-NC-SA 4.0,P-SIGLA-2026-09-27,source_defined_word,"Directly decoded from SigLA document word list; duplicate memberships retained, not corrected."
SW-000934,KH 52,0,1;2,AB059 AB010,2,False,SIGLA,CC BY-NC-SA 4.0,P-SIGLA-2026-09-27,source_defined_word,"Directly decoded from SigLA document word list; duplicate memberships retained, not corrected."
SW-000935,KH 53,0,1;2;3,AB008 AB013 AB123,3,False,SIGLA,CC BY-NC-SA 4.0,P-SIGLA-2026-09-27,source_defined_word,"Directly decoded from SigLA document word list; duplicate memberships retained, not corrected."
SW-000936,KH 53,1,4,AB024,1,False,SIGLA,CC BY-NC-SA 4.0,P-SIGLA-2026-09-27,source_defined_word,"Directly decoded from SigLA document word list; duplicate memberships retained, not corrected."
SW-000937,KH 57,0,1,AB069,1,False,SIGLA,CC BY-NC-SA 4.0,P-SIGLA-2026-09-27,source_defined_word,"Directly decoded from SigLA document word list; duplicate memberships retained, not corrected."
SW-000938,KH 57,1,2,AB020,1,False,SIGLA,CC BY-NC-SA 4.0,P-SIGLA-2026-09-27,source_defined_word,"Directly decoded from SigLA document word list; duplicate memberships retained, not corrected."
SW-000939,KH 57,2,,,0,False,SIGLA,CC BY-NC-SA 4.0,P-SIGLA-2026-09-27,source_defined_word,"Directly decoded from SigLA document word list; duplicate memberships retained, not corrected."
SW-000940,KH 58,0,4,AB008,1,False,SIGLA,CC BY-NC-SA 4.0,P-SIGLA-2026-09-27,source_defined_word,"Directly decoded from SigLA document word list; duplicate memberships retained, not corrected."
SW-000941,KH 58,1,7;8,AB008 A301,2,False,SIGLA,CC BY-NC-SA 4.0,P-SIGLA-2026-09-27,source_defined_word,"Directly decoded from SigLA document word list; duplicate memberships retained, not corrected."
SW-000942,KH 59,0,1,AB028,1,False,SIGLA,CC BY-NC-SA 4.0,P-SIGLA-2026-09-27,source_defined_word,"Directly decoded from SigLA document word list; duplicate memberships retained, not corrected."
SW-000943,KH 59,1,2;3,AB007 AB006,2,False,SIGLA,CC BY-NC-SA 4.0,P-SIGLA-2026-09-27,source_defined_word,"Directly decoded from SigLA document word list; duplicate memberships retained, not corrected."
SW-000944,KH 6,0,2;3,AB007 AB041,2,False,SIGLA,CC BY-NC-SA 4.0,P-SIGLA-2026-09-27,source_defined_word,"Directly decoded from SigLA document word list; duplicate memberships retained, not corrected."
SW-000945,KH 6,1,4;5;6,AB004 AB055 AB027,3,False,SIGLA,CC BY-NC-SA 4.0,P-SIGLA-2026-09-27,source_defined_word,"Directly decoded from SigLA document word list; duplicate memberships retained, not corrected."
SW-000946,KH 6,2,7;8;9,AB067 AB031 AB024,3,False,SIGLA,CC BY-NC-SA 4.0,P-SIGLA-2026-09-27,source_defined_word,"Directly decoded from SigLA document word list; duplicate memberships retained, not corrected."
SW-000947,KH 6,3,13;14;15,AB053 AB059 AB046,3,False,SIGLA,CC BY-NC-SA 4.0,P-SIGLA-2026-09-27,source_defined_word,"Directly decoded from SigLA document word list; duplicate memberships retained, not corrected."
SW-000948,KH 6,4,21,AB027,1,False,SIGLA,CC BY-NC-SA 4.0,P-SIGLA-2026-09-27,source_defined_word,"Directly decoded from SigLA document word list; duplicate memberships retained, not corrected."
SW-000949,KH 6,5,24;25,AB039 AB031,2,False,SIGLA,CC BY-NC-SA 4.0,P-SIGLA-2026-09-27,source_defined_word,"Directly decoded from SigLA document word list; duplicate memberships retained, not corrected."
SW-000950,KH 6,6,27;28;29,AB085 AB027 AB004,3,False,SIGLA,CC BY-NC-SA 4.0,P-SIGLA-2026-09-27,source_defined_word,"Directly decoded from SigLA document word list; duplicate memberships retained, not corrected."
SW-000951,KH 60,0,1;2;3;4;5,AB060 AB067 AB059 AB006 AB041,5,False,SIGLA,CC BY-NC-SA 4.0,P-SIGLA-2026-09-27,source_defined_word,"Directly decoded from SigLA document word list; duplicate memberships retained, not corrected."
SW-000952,KH 60,1,,,0,False,SIGLA,CC BY-NC-SA 4.0,P-SIGLA-2026-09-27,source_defined_word,"Directly decoded from SigLA document word list; duplicate memberships retained, not corrected."
SW-000953,KH 61,0,,,0,False,SIGLA,CC BY-NC-SA 4.0,P-SIGLA-2026-09-27,source_defined_word,"Directly decoded from SigLA document word list; duplicate memberships retained, not corrected."
SW-000954,KH 61,1,3,AB080,1,False,SIGLA,CC BY-NC-SA 4.0,P-SIGLA-2026-09-27,source_defined_word,"Directly decoded from SigLA document word list; duplicate memberships retained, not corrected."
SW-000955,KH 62,0,1,AB080,1,False,SIGLA,CC BY-NC-SA 4.0,P-SIGLA-2026-09-27,source_defined_word,"Directly decoded from SigLA document word list; duplicate memberships retained, not corrected."
SW-000956,KH 63,0,1,AB058,1,False,SIGLA,CC BY-NC-SA 4.0,P-SIGLA-2026-09-27,source_defined_word,"Directly decoded from SigLA document word list; duplicate memberships retained, not corrected."
SW-000957,KH 64,0,1,AB059,1,False,SIGLA,CC BY-NC-SA 4.0,P-SIGLA-2026-09-27,source_defined_word,"Directly decoded from SigLA document word list; duplicate memberships retained, not corrected."
SW-000958,KH 64,1,,,0,False,SIGLA,CC BY-NC-SA 4.0,P-SIGLA-2026-09-27,source_defined_word,"Directly decoded from SigLA document word list; duplicate memberships retained, not corrected."
SW-000959,KH 65,0,1,AB030,1,False,SIGLA,CC BY-NC-SA 4.0,P-SIGLA-2026-09-27,source_defined_word,"Directly decoded from SigLA document word list; duplicate memberships retained, not corrected."
SW-000960,KH 67,0,,,0,False,SIGLA,CC BY-NC-SA 4.0,P-SIGLA-2026-09-27,source_defined_word,"Directly decoded from SigLA document word list; duplicate memberships retained, not corrected."
SW-000961,KH 68,0,,,0,False,SIGLA,CC BY-NC-SA 4.0,P-SIGLA-2026-09-27,source_defined_word,"Directly decoded from SigLA document word list; duplicate memberships retained, not corrected."
SW-000962,KH 69,0,,,0,False,SIGLA,CC BY-NC-SA 4.0,P-SIGLA-2026-09-27,source_defined_word,"Directly decoded from SigLA document word list; duplicate memberships retained, not corrected."
SW-000963,KH 70,0,,,0,False,SIGLA,CC BY-NC-SA 4.0,P-SIGLA-2026-09-27,source_defined_word,"Directly decoded from SigLA document word list; duplicate memberships retained, not corrected."
SW-000964,KH 72,0,,,0,False,SIGLA,CC BY-NC-SA 4.0,P-SIGLA-2026-09-27,source_defined_word,"Directly decoded from SigLA document word list; duplicate memberships retained, not corrected."
SW-000965,KH 73,0,3,AB008,1,False,SIGLA,CC BY-NC-SA 4.0,P-SIGLA-2026-09-27,source_defined_word,"Directly decoded from SigLA document word list; duplicate memberships retained, not corrected."
SW-000966,KH 73,1,6,AB008,1,False,SIGLA,CC BY-NC-SA 4.0,P-SIGLA-2026-09-27,source_defined_word,"Directly decoded from SigLA document word list; duplicate memberships retained, not corrected."
SW-000967,KH 74,0,2,AB041,1,False,SIGLA,CC BY-NC-SA 4.0,P-SIGLA-2026-09-27,source_defined_word,"Directly decoded from SigLA document word list; duplicate memberships retained, not corrected."
SW-000968,KH 74,1,3;4;5,AB057 AB001 AB058,3,False,SIGLA,CC BY-NC-SA 4.0,P-SIGLA-2026-09-27,source_defined_word,"Directly decoded from SigLA document word list; duplicate memberships retained, not corrected."
SW-000969,KH 74,2,6,AB041,1,False,SIGLA,CC BY-NC-SA 4.0,P-SIGLA-2026-09-27,source_defined_word,"Directly decoded from SigLA document word list; duplicate memberships retained, not corrected."
SW-000970,KH 76,0,1,AB041,1,False,SIGLA,CC BY-NC-SA 4.0,P-SIGLA-2026-09-27,source_defined_word,"Directly decoded from SigLA document word list; duplicate memberships retained, not corrected."
SW-000971,KH 77,0,,,0,False,SIGLA,CC BY-NC-SA 4.0,P-SIGLA-2026-09-27,source_defined_word,"Directly decoded from SigLA document word list; duplicate memberships retained, not corrected."
SW-000972,KH 79,0,2;3,AB003 AB001,2,False,SIGLA,CC BY-NC-SA 4.0,P-SIGLA-2026-09-27,source_defined_word,"Directly decoded from SigLA document word list; duplicate memberships retained, not corrected."
SW-000973,KH 79+89,0,1;2,AB073 AB006,2,False,SIGLA,CC BY-NC-SA 4.0,P-SIGLA-2026-09-27,source_defined_word,"Directly decoded from SigLA document word list; duplicate memberships retained, not corrected."
SW-000974,KH 79+89,1,3;4,AB003 AB059,2,False,SIGLA,CC BY-NC-SA 4.0,P-SIGLA-2026-09-27,source_defined_word,"Directly decoded from SigLA document word list; duplicate memberships retained, not corrected."
SW-000975,KH 79+89,2,5;6,AB008 AB060,2,False,SIGLA,CC BY-NC-SA 4.0,P-SIGLA-2026-09-27,source_defined_word,"Directly decoded from SigLA document word list; duplicate memberships retained, not corrected."
SW-000976,KH 79+89,3,8;9;10,AB003 AB001 AB030,3,False,SIGLA,CC BY-NC-SA 4.0,P-SIGLA-2026-09-27,source_defined_word,"Directly decoded from SigLA document word list; duplicate memberships retained, not corrected."
SW-000977,KH 7a,0,,,0,False,SIGLA,CC BY-NC-SA 4.0,P-SIGLA-2026-09-27,source_defined_word,"Directly decoded from SigLA document word list; duplicate memberships retained, not corrected."
SW-000978,KH 7a,1,4,AB028,1,False,SIGLA,CC BY-NC-SA 4.0,P-SIGLA-2026-09-27,source_defined_word,"Directly decoded from SigLA document word list; duplicate memberships retained, not corrected."
SW-000979,KH 7a,2,6;7;8,AB038 AB006 AB041,3,False,SIGLA,CC BY-NC-SA 4.0,P-SIGLA-2026-09-27,source_defined_word,"Directly decoded from SigLA document word list; duplicate memberships retained, not corrected."
SW-000980,KH 7a,3,11;12;13;14,AB028 AB057 AB003 AB013,4,False,SIGLA,CC BY-NC-SA 4.0,P-SIGLA-2026-09-27,source_defined_word,"Directly decoded from SigLA document word list; duplicate memberships retained, not corrected."
SW-000981,KH 7a,4,15;16,AB059 AB059,2,False,SIGLA,CC BY-NC-SA 4.0,P-SIGLA-2026-09-27,source_defined_word,"Directly decoded from SigLA document word list; duplicate memberships retained, not corrected."
SW-000982,KH 7a,5,17;18;19,AB016 AB037 AB067,3,False,SIGLA,CC BY-NC-SA 4.0,P-SIGLA-2026-09-27,source_defined_word,"Directly decoded from SigLA document word list; duplicate memberships retained, not corrected."
SW-000983,KH 7a,6,22;23,AB009 A305,2,False,SIGLA,CC BY-NC-SA 4.0,P-SIGLA-2026-09-27,source_defined_word,"Directly decoded from SigLA document word list; duplicate memberships retained, not corrected."
SW-000984,KH 7a,7,24;26;27,AB081 AB070 AB038,3,False,SIGLA,CC BY-NC-SA 4.0,P-SIGLA-2026-09-27,source_defined_word,"Directly decoded from SigLA document word list; duplicate memberships retained, not corrected."
SW-000985,KH 7b,0,1;2;3;4,AB010 AB059 AB028 AB009,4,False,SIGLA,CC BY-NC-SA 4.0,P-SIGLA-2026-09-27,source_defined_word,"Directly decoded from SigLA document word list; duplicate memberships retained, not corrected."
SW-000986,KH 7b,1,6;7;8,AB003 AB006 AB069,3,False,SIGLA,CC BY-NC-SA 4.0,P-SIGLA-2026-09-27,source_defined_word,"Directly decoded from SigLA document word list; duplicate memberships retained, not corrected."
SW-000987,KH 8,0,1,AB027,1,False,SIGLA,CC BY-NC-SA 4.0,P-SIGLA-2026-09-27,source_defined_word,"Directly decoded from SigLA document word list; duplicate memberships retained, not corrected."
SW-000988,KH 8,1,4,AB059,1,False,SIGLA,CC BY-NC-SA 4.0,P-SIGLA-2026-09-27,source_defined_word,"Directly decoded from SigLA document word list; duplicate memberships retained, not corrected."
SW-000989,KH 8,2,,,0,False,SIGLA,CC BY-NC-SA 4.0,P-SIGLA-2026-09-27,source_defined_word,"Directly decoded from SigLA document word list; duplicate memberships retained, not corrected."
SW-000990,KH 80,0,,,0,False,SIGLA,CC BY-NC-SA 4.0,P-SIGLA-2026-09-27,source_defined_word,"Directly decoded from SigLA document word list; duplicate memberships retained, not corrected."
SW-000991,KH 81,0,,,0,False,SIGLA,CC BY-NC-SA 4.0,P-SIGLA-2026-09-27,source_defined_word,"Directly decoded from SigLA document word list; duplicate memberships retained, not corrected."
SW-000992,KH 81,1,,,0,False,SIGLA,CC BY-NC-SA 4.0,P-SIGLA-2026-09-27,source_defined_word,"Directly decoded from SigLA document word list; duplicate memberships retained, not corrected."
SW-000993,KH 83,0,1;2;3,AB008 AB007 AB024,3,False,SIGLA,CC BY-NC-SA 4.0,P-SIGLA-2026-09-27,source_defined_word,"Directly decoded from SigLA document word list; duplicate memberships retained, not corrected."
SW-000994,KH 84,0,,,0,False,SIGLA,CC BY-NC-SA 4.0,P-SIGLA-2026-09-27,source_defined_word,"Directly decoded from SigLA document word list; duplicate memberships retained, not corrected."
SW-000995,KH 86,0,1;2,AB027 AB017,2,False,SIGLA,CC BY-NC-SA 4.0,P-SIGLA-2026-09-27,source_defined_word,"Directly decoded from SigLA document word list; duplicate memberships retained, not corrected."
SW-000996,KH 86,1,8;9,AB039 AB055,2,False,SIGLA,CC BY-NC-SA 4.0,P-SIGLA-2026-09-27,source_defined_word,"Directly decoded from SigLA document word list; duplicate memberships retained, not corrected."
SW-000997,KH 86,2,,,0,False,SIGLA,CC BY-NC-SA 4.0,P-SIGLA-2026-09-27,source_defined_word,"Directly decoded from SigLA document word list; duplicate memberships retained, not corrected."
SW-000998,KH 88,0,1;2;3,AB016 AB055 AB080,3,False,SIGLA,CC BY-NC-SA 4.0,P-SIGLA-2026-09-27,source_defined_word,"Directly decoded from SigLA document word list; duplicate memberships retained, not corrected."
SW-000999,KH 88,1,4;5,AB021 AB118,2,False,SIGLA,CC BY-NC-SA 4.0,P-SIGLA-2026-09-27,source_defined_word,"Directly decoded from SigLA document word list; duplicate memberships retained, not corrected."
SW-001000,KH 88,2,7;8,AB050 AB045,2,False,SIGLA,CC BY-NC-SA 4.0,P-SIGLA-2026-09-27,source_defined_word,"Directly decoded from SigLA document word list; duplicate memberships retained, not corrected."
SW-001001,KH 9,0,1;2;3;4;5,AB008 AB041 AB058 AB011 AB008,5,False,SIGLA,CC BY-NC-SA 4.0,P-SIGLA-2026-09-27,source_defined_word,"Directly decoded from SigLA document word list; duplicate memberships retained, not corrected."
SW-001002,KH 9,1,9;10,AB028 AB041,2,False,SIGLA,CC BY-NC-SA 4.0,P-SIGLA-2026-09-27,source_defined_word,"Directly decoded from SigLA document word list; duplicate memberships retained, not corrected."
SW-001003,KH 90,0,2,AB057,1,False,SIGLA,CC BY-NC-SA 4.0,P-SIGLA-2026-09-27,source_defined_word,"Directly decoded from SigLA document word list; duplicate memberships retained, not corrected."
SW-001004,KH 90,1,4;5;6;7,AB080 AB059 AB053 AB059,4,False,SIGLA,CC BY-NC-SA 4.0,P-SIGLA-2026-09-27,source_defined_word,"Directly decoded from SigLA document word list; duplicate memberships retained, not corrected."
SW-001005,KH 91,0,6,AB079,1,False,SIGLA,CC BY-NC-SA 4.0,P-SIGLA-2026-09-27,source_defined_word,"Directly decoded from SigLA document word list; duplicate memberships retained, not corrected."
SW-001006,KH 92,0,1;2;3;4,AB008 AB001 AB021 AB053,4,False,SIGLA,CC BY-NC-SA 4.0,P-SIGLA-2026-09-27,source_defined_word,"Directly decoded from SigLA document word list; duplicate memberships retained, not corrected."
SW-001007,KH 92,1,5;6;7,AB081 AB030 AB004,3,False,SIGLA,CC BY-NC-SA 4.0,P-SIGLA-2026-09-27,source_defined_word,"Directly decoded from SigLA document word list; duplicate memberships retained, not corrected."
SW-001008,KH 92,2,8;9,AB006 AB067,2,False,SIGLA,CC BY-NC-SA 4.0,P-SIGLA-2026-09-27,source_defined_word,"Directly decoded from SigLA document word list; duplicate memberships retained, not corrected."
SW-001009,KH 92,3,10,AB008,1,False,SIGLA,CC BY-NC-SA 4.0,P-SIGLA-2026-09-27,source_defined_word,"Directly decoded from SigLA document word list; duplicate memberships retained, not corrected."
SW-001010,KH 94,0,,,0,False,SIGLA,CC BY-NC-SA 4.0,P-SIGLA-2026-09-27,source_defined_word,"Directly decoded from SigLA document word list; duplicate memberships retained, not corrected."
SW-001011,KH 94,1,,,0,False,SIGLA,CC BY-NC-SA 4.0,P-SIGLA-2026-09-27,source_defined_word,"Directly decoded from SigLA document word list; duplicate memberships retained, not corrected."
SW-001012,KH 94,2,3,AB017,1,False,SIGLA,CC BY-NC-SA 4.0,P-SIGLA-2026-09-27,source_defined_word,"Directly decoded from SigLA document word list; duplicate memberships retained, not corrected."
SW-001013,KH 95,0,1,AB009,1,False,SIGLA,CC BY-NC-SA 4.0,P-SIGLA-2026-09-27,source_defined_word,"Directly decoded from SigLA document word list; duplicate memberships retained, not corrected."
SW-001014,KH 95,1,,,0,False,SIGLA,CC BY-NC-SA 4.0,P-SIGLA-2026-09-27,source_defined_word,"Directly decoded from SigLA document word list; duplicate memberships retained, not corrected."
SW-001015,KH 97,0,,,0,False,SIGLA,CC BY-NC-SA 4.0,P-SIGLA-2026-09-27,source_defined_word,"Directly decoded from SigLA document word list; duplicate memberships retained, not corrected."
SW-001016,KH 97a,0,1,AB027,1,False,SIGLA,CC BY-NC-SA 4.0,P-SIGLA-2026-09-27,source_defined_word,"Directly decoded from SigLA document word list; duplicate memberships retained, not corrected."
SW-001017,KH 97a,1,2;3,AB008 AB057,2,False,SIGLA,CC BY-NC-SA 4.0,P-SIGLA-2026-09-27,source_defined_word,"Directly decoded from SigLA document word list; duplicate memberships retained, not corrected."
SW-001018,KH 97a,2,4,AB006,1,False,SIGLA,CC BY-NC-SA 4.0,P-SIGLA-2026-09-27,source_defined_word,"Directly decoded from SigLA document word list; duplicate memberships retained, not corrected."
SW-001019,KH 97b,0,1,AB009,1,False,SIGLA,CC BY-NC-SA 4.0,P-SIGLA-2026-09-27,source_defined_word,"Directly decoded from SigLA document word list; duplicate memberships retained, not corrected."
SW-001020,KH 97b,1,2,AB028,1,False,SIGLA,CC BY-NC-SA 4.0,P-SIGLA-2026-09-27,source_defined_word,"Directly decoded from SigLA document word list; duplicate memberships retained, not corrected."
SW-001021,KH 97b,2,,,0,False,SIGLA,CC BY-NC-SA 4.0,P-SIGLA-2026-09-27,source_defined_word,"Directly decoded from SigLA document word list; duplicate memberships retained, not corrected."
SW-001022,KH 99,0,1;2;3,AB003 AB053 AB045,3,False,SIGLA,CC BY-NC-SA 4.0,P-SIGLA-2026-09-27,source_defined_word,"Directly decoded from SigLA document word list; duplicate memberships retained, not corrected."
SW-001023,KH 99,1,5;6;7,AB008 AB041 AB118,3,False,SIGLA,CC BY-NC-SA 4.0,P-SIGLA-2026-09-27,source_defined_word,"Directly decoded from SigLA document word list; duplicate memberships retained, not corrected."
SW-001024,KH 99,2,8;9,AB081 AB077,2,False,SIGLA,CC BY-NC-SA 4.0,P-SIGLA-2026-09-27,source_defined_word,"Directly decoded from SigLA document word list; duplicate memberships retained, not corrected."
SW-001025,KH Wa 1002α,0,1,A640,1,False,SIGLA,CC BY-NC-SA 4.0,P-SIGLA-2026-09-27,source_defined_word,"Directly decoded from SigLA document word list; duplicate memberships retained, not corrected."
SW-001026,KH Wa 1002γ,0,1,A501,1,False,SIGLA,CC BY-NC-SA 4.0,P-SIGLA-2026-09-27,source_defined_word,"Directly decoded from SigLA document word list; duplicate memberships retained, not corrected."
SW-001027,KH Wa 1003,0,,,0,False,SIGLA,CC BY-NC-SA 4.0,P-SIGLA-2026-09-27,source_defined_word,"Directly decoded from SigLA document word list; duplicate memberships retained, not corrected."
SW-001028,KH Wa 1013α,0,1,AB086,1,False,SIGLA,CC BY-NC-SA 4.0,P-SIGLA-2026-09-27,source_defined_word,"Directly decoded from SigLA document word list; duplicate memberships retained, not corrected."
SW-001029,KH Wa 1013γ,0,1,AB002,1,False,SIGLA,CC BY-NC-SA 4.0,P-SIGLA-2026-09-27,source_defined_word,"Directly decoded from SigLA document word list; duplicate memberships retained, not corrected."
SW-001030,KH Wa 1014α,0,1,AB086,1,False,SIGLA,CC BY-NC-SA 4.0,P-SIGLA-2026-09-27,source_defined_word,"Directly decoded from SigLA document word list; duplicate memberships retained, not corrected."
SW-001031,KH Wa 1014γ,0,1,AB002,1,False,SIGLA,CC BY-NC-SA 4.0,P-SIGLA-2026-09-27,source_defined_word,"Directly decoded from SigLA document word list; duplicate memberships retained, not corrected."
SW-001032,KH Wa 1015α,0,1,AB086,1,False,SIGLA,CC BY-NC-SA 4.0,P-SIGLA-2026-09-27,source_defined_word,"Directly decoded from SigLA document word list; duplicate memberships retained, not corrected."
SW-001033,KH Wa 1015γ,0,1,AB002,1,False,SIGLA,CC BY-NC-SA 4.0,P-SIGLA-2026-09-27,source_defined_word,"Directly decoded from SigLA document word list; duplicate memberships retained, not corrected."
SW-001034,KH Wa 1016α,0,1,AB086,1,False,SIGLA,CC BY-NC-SA 4.0,P-SIGLA-2026-09-27,source_defined_word,"Directly decoded from SigLA document word list; duplicate memberships retained, not corrected."
SW-001035,KH Wa 1016γ,0,1,AB002,1,False,SIGLA,CC BY-NC-SA 4.0,P-SIGLA-2026-09-27,source_defined_word,"Directly decoded from SigLA document word list; duplicate memberships retained, not corrected."
SW-001036,KH Wc 2005,0,1;2;3;4,AB077 AB006 AB030 AB037,4,False,SIGLA,CC BY-NC-SA 4.0,P-SIGLA-2026-09-27,source_defined_word,"Directly decoded from SigLA document word list; duplicate memberships retained, not corrected."
SW-001037,KH Wc 2008,0,1,A411,1,False,SIGLA,CC BY-NC-SA 4.0,P-SIGLA-2026-09-27,source_defined_word,"Directly decoded from SigLA document word list; duplicate memberships retained, not corrected."
SW-001038,KH Wc 2009,0,1,A411,1,False,SIGLA,CC BY-NC-SA 4.0,P-SIGLA-2026-09-27,source_defined_word,"Directly decoded from SigLA document word list; duplicate memberships retained, not corrected."
SW-001039,KH Wc 2035,0,1,AB061,1,False,SIGLA,CC BY-NC-SA 4.0,P-SIGLA-2026-09-27,source_defined_word,"Directly decoded from SigLA document word list; duplicate memberships retained, not corrected."
SW-001040,KH Wc 2100,0,1;2;3,AB100 A352 AB057,3,False,SIGLA,CC BY-NC-SA 4.0,P-SIGLA-2026-09-27,source_defined_word,"Directly decoded from SigLA document word list; duplicate memberships retained, not corrected."
SW-001041,KN 1a,0,1;2;3,AB057 AB081 AB037,3,False,SIGLA,CC BY-NC-SA 4.0,P-SIGLA-2026-09-27,source_defined_word,"Directly decoded from SigLA document word list; duplicate memberships retained, not corrected."
SW-001042,KN 1b,0,1;2;3;4,AB057 AB051 AB060 AB037,4,False,SIGLA,CC BY-NC-SA 4.0,P-SIGLA-2026-09-27,source_defined_word,"Directly decoded from SigLA document word list; duplicate memberships retained, not corrected."
SW-001043,KN 2,0,1;2,AB026 AB006,2,False,SIGLA,CC BY-NC-SA 4.0,P-SIGLA-2026-09-27,source_defined_word,"Directly decoded from SigLA document word list; duplicate memberships retained, not corrected."
SW-001044,KN 22a,0,1;2;3,AB058 AB065 AB059,3,False,SIGLA,CC BY-NC-SA 4.0,P-SIGLA-2026-09-27,source_defined_word,"Directly decoded from SigLA document word list; duplicate memberships retained, not corrected."
SW-001045,KN 22a,1,4;5,AB077 AB046,2,False,SIGLA,CC BY-NC-SA 4.0,P-SIGLA-2026-09-27,source_defined_word,"Directly decoded from SigLA document word list; duplicate memberships retained, not corrected."
SW-001046,KN 22b,0,1;2;3,AB011 AB007 AB056,3,False,SIGLA,CC BY-NC-SA 4.0,P-SIGLA-2026-09-27,source_defined_word,"Directly decoded from SigLA document word list; duplicate memberships retained, not corrected."
SW-001047,KN 22c,0,1;2;3;5,AB080 AB058 AB073 AB006,4,False,SIGLA,CC BY-NC-SA 4.0,P-SIGLA-2026-09-27,source_defined_word,"Directly decoded from SigLA document word list; duplicate memberships retained, not corrected."
SW-001048,KN 28b,0,2,AB004,1,False,SIGLA,CC BY-NC-SA 4.0,P-SIGLA-2026-09-27,source_defined_word,"Directly decoded from SigLA document word list; duplicate memberships retained, not corrected."
SW-001049,KN 28b,1,,,0,False,SIGLA,CC BY-NC-SA 4.0,P-SIGLA-2026-09-27,source_defined_word,"Directly decoded from SigLA document word list; duplicate memberships retained, not corrected."
SW-001050,KN 32a,0,1;2,AB008 AB003,2,False,SIGLA,CC BY-NC-SA 4.0,P-SIGLA-2026-09-27,source_defined_word,"Directly decoded from SigLA document word list; duplicate memberships retained, not corrected."
SW-001051,KN 32a,1,4;5;6,AB008 AB077 AB059,3,False,SIGLA,CC BY-NC-SA 4.0,P-SIGLA-2026-09-27,source_defined_word,"Directly decoded from SigLA document word list; duplicate memberships retained, not corrected."
SW-001052,KN 32b,0,2,AB004,1,False,SIGLA,CC BY-NC-SA 4.0,P-SIGLA-2026-09-27,source_defined_word,"Directly decoded from SigLA document word list; duplicate memberships retained, not corrected."
SW-001053,KN 32b,1,4;5,AB031 AB050,2,False,SIGLA,CC BY-NC-SA 4.0,P-SIGLA-2026-09-27,source_defined_word,"Directly decoded from SigLA document word list; duplicate memberships retained, not corrected."
SW-001054,KN 32b,2,6,AB003,1,False,SIGLA,CC BY-NC-SA 4.0,P-SIGLA-2026-09-27,source_defined_word,"Directly decoded from SigLA document word list; duplicate memberships retained, not corrected."
SW-001055,KN 32b,3,8;9,AB057 AB058,2,False,SIGLA,CC BY-NC-SA 4.0,P-SIGLA-2026-09-27,source_defined_word,"Directly decoded from SigLA document word list; duplicate memberships retained, not corrected."
SW-001056,KN 32b,4,,,0,False,SIGLA,CC BY-NC-SA 4.0,P-SIGLA-2026-09-27,source_defined_word,"Directly decoded from SigLA document word list; duplicate memberships retained, not corrected."
SW-001057,KN 49,0,,,0,False,SIGLA,CC BY-NC-SA 4.0,P-SIGLA-2026-09-27,source_defined_word,"Directly decoded from SigLA document word list; duplicate memberships retained, not corrected."
SW-001058,KN 54,0,,,0,False,SIGLA,CC BY-NC-SA 4.0,P-SIGLA-2026-09-27,source_defined_word,"Directly decoded from SigLA document word list; duplicate memberships retained, not corrected."
SW-001059,KN Wb 33a,0,1;2,AB016 AB067,2,False,SIGLA,CC BY-NC-SA 4.0,P-SIGLA-2026-09-27,source_defined_word,"Directly decoded from SigLA document word list; duplicate memberships retained, not corrected."
SW-001060,KN Wb 33b,0,1;2,AB055 AB009,2,False,SIGLA,CC BY-NC-SA 4.0,P-SIGLA-2026-09-27,source_defined_word,"Directly decoded from SigLA document word list; duplicate memberships retained, not corrected."
SW-001061,KN Wc 26a,0,1;2,AB026 AB057,2,False,SIGLA,CC BY-NC-SA 4.0,P-SIGLA-2026-09-27,source_defined_word,"Directly decoded from SigLA document word list; duplicate memberships retained, not corrected."
SW-001062,KN Wc 26b,0,1;2,AB030 AB039,2,False,SIGLA,CC BY-NC-SA 4.0,P-SIGLA-2026-09-27,source_defined_word,"Directly decoded from SigLA document word list; duplicate memberships retained, not corrected."
SW-001063,KN Wc 3,0,1;2;3,AB077 AB028 AB077,3,False,SIGLA,CC BY-NC-SA 4.0,P-SIGLA-2026-09-27,source_defined_word,"Directly decoded from SigLA document word list; duplicate memberships retained, not corrected."
SW-001064,KN Wc 30,0,1;2,AB057 AB060,2,False,SIGLA,CC BY-NC-SA 4.0,P-SIGLA-2026-09-27,source_defined_word,"Directly decoded from SigLA document word list; duplicate memberships retained, not corrected."
SW-001065,KN Wc <24a>,0,,,0,False,SIGLA,CC BY-NC-SA 4.0,P-SIGLA-2026-09-27,source_defined_word,"Directly decoded from SigLA document word list; duplicate memberships retained, not corrected."
SW-001066,KN Za 10a,0,1;2;3;4,AB059 AB055 AB023 AB037,4,False,SIGLA,CC BY-NC-SA 4.0,P-SIGLA-2026-09-27,source_defined_word,"Directly decoded from SigLA document word list; duplicate memberships retained, not corrected."
SW-001067,KN Za 10a,1,5;6;7;8;9,AB057 AB031 AB031 AB060 AB080,5,False,SIGLA,CC BY-NC-SA 4.0,P-SIGLA-2026-09-27,source_defined_word,"Directly decoded from SigLA document word list; duplicate memberships retained, not corrected."
SW-001068,KN Za 10b,0,1,AB006,1,False,SIGLA,CC BY-NC-SA 4.0,P-SIGLA-2026-09-27,source_defined_word,"Directly decoded from SigLA document word list; duplicate memberships retained, not corrected."
SW-001069,KN Za 10b,1,2;3;5;6;7,AB001 AB054 AB051 AB054 AB005,5,False,SIGLA,CC BY-NC-SA 4.0,P-SIGLA-2026-09-27,source_defined_word,"Directly decoded from SigLA document word list; duplicate memberships retained, not corrected."
SW-001070,KN Za 10b,2,8;9,AB028 AB057,2,False,SIGLA,CC BY-NC-SA 4.0,P-SIGLA-2026-09-27,source_defined_word,"Directly decoded from SigLA document word list; duplicate memberships retained, not corrected."
SW-001071,KN Za 17,0,2;3,AB057 AB078,2,False,SIGLA,CC BY-NC-SA 4.0,P-SIGLA-2026-09-27,source_defined_word,"Directly decoded from SigLA document word list; duplicate memberships retained, not corrected."
SW-001072,KN Za 18,0,3,AB057,1,False,SIGLA,CC BY-NC-SA 4.0,P-SIGLA-2026-09-27,source_defined_word,"Directly decoded from SigLA document word list; duplicate memberships retained, not corrected."
SW-001073,KN Za 18,1,7,AB057,1,False,SIGLA,CC BY-NC-SA 4.0,P-SIGLA-2026-09-27,source_defined_word,"Directly decoded from SigLA document word list; duplicate memberships retained, not corrected."
SW-001074,KN Za 18,2,8;9,AB057 AB054,2,False,SIGLA,CC BY-NC-SA 4.0,P-SIGLA-2026-09-27,source_defined_word,"Directly decoded from SigLA document word list; duplicate memberships retained, not corrected."
SW-001075,KN Za 18,3,,,0,False,SIGLA,CC BY-NC-SA 4.0,P-SIGLA-2026-09-27,source_defined_word,"Directly decoded from SigLA document word list; duplicate memberships retained, not corrected."
SW-001076,KN Zb 20,0,1;2;3,AB006 AB008 AB056,3,False,SIGLA,CC BY-NC-SA 4.0,P-SIGLA-2026-09-27,source_defined_word,"Directly decoded from SigLA document word list; duplicate memberships retained, not corrected."
SW-001077,KN Zb 35,0,1,AB057,1,False,SIGLA,CC BY-NC-SA 4.0,P-SIGLA-2026-09-27,source_defined_word,"Directly decoded from SigLA document word list; duplicate memberships retained, not corrected."
SW-001078,KN Zb 35,1,2,AB007,1,False,SIGLA,CC BY-NC-SA 4.0,P-SIGLA-2026-09-27,source_defined_word,"Directly decoded from SigLA document word list; duplicate memberships retained, not corrected."
SW-001079,KN Zb 35,2,3,AB040,1,False,SIGLA,CC BY-NC-SA 4.0,P-SIGLA-2026-09-27,source_defined_word,"Directly decoded from SigLA document word list; duplicate memberships retained, not corrected."
SW-001080,KN Zb 4,0,2,AB065,1,False,SIGLA,CC BY-NC-SA 4.0,P-SIGLA-2026-09-27,source_defined_word,"Directly decoded from SigLA document word list; duplicate memberships retained, not corrected."
SW-001081,KN Zb 4,1,3;4,AB057 AB041,2,False,SIGLA,CC BY-NC-SA 4.0,P-SIGLA-2026-09-27,source_defined_word,"Directly decoded from SigLA document word list; duplicate memberships retained, not corrected."
SW-001082,KN Zb 4,2,5,AB041,1,False,SIGLA,CC BY-NC-SA 4.0,P-SIGLA-2026-09-27,source_defined_word,"Directly decoded from SigLA document word list; duplicate memberships retained, not corrected."
SW-001083,KN Zb 40,0,1;2;3,AB008 AB003 AB067,3,False,SIGLA,CC BY-NC-SA 4.0,P-SIGLA-2026-09-27,source_defined_word,"Directly decoded from SigLA document word list; duplicate memberships retained, not corrected."
SW-001084,KN Zb 40,1,4;5;6,AB010 AB006 AB008,3,False,SIGLA,CC BY-NC-SA 4.0,P-SIGLA-2026-09-27,source_defined_word,"Directly decoded from SigLA document word list; duplicate memberships retained, not corrected."
SW-001085,KN Zb 5,0,1;2;3;4;5,AB008 AB069 AB053 AB041 AB037,5,False,SIGLA,CC BY-NC-SA 4.0,P-SIGLA-2026-09-27,source_defined_word,"Directly decoded from SigLA document word list; duplicate memberships retained, not corrected."
SW-001086,KN Zc 6,0,1;2;3,AB034 AB037 AB053,3,False,SIGLA,CC BY-NC-SA 4.0,P-SIGLA-2026-09-27,source_defined_word,"Directly decoded from SigLA document word list; duplicate memberships retained, not corrected."
SW-001087,KN Zc 6,1,4;5;6;7;8;9;10,AB008 AB007 AB001 AB067 AB037 AB003 AB081,7,False,SIGLA,CC BY-NC-SA 4.0,P-SIGLA-2026-09-27,source_defined_word,"Directly decoded from SigLA document word list; duplicate memberships retained, not corrected."
SW-001088,KN Zc 6,2,11;12;13,AB030 AB057 AB055,3,False,SIGLA,CC BY-NC-SA 4.0,P-SIGLA-2026-09-27,source_defined_word,"Directly decoded from SigLA document word list; duplicate memberships retained, not corrected."
SW-001089,KN Zc 6,3,14;15;16;17;18;19;20;22;23,AB065 AB081 AB006 AB003 AB081 AB055 AB010 AB028 AB079,9,False,SIGLA,CC BY-NC-SA 4.0,P-SIGLA-2026-09-27,source_defined_word,"Directly decoded from SigLA document word list; duplicate memberships retained, not corrected."
SW-001090,KN Zc 7,0,1;2;3;4;5,AB008 AB077 AB055 AB074 AB037,5,False,SIGLA,CC BY-NC-SA 4.0,P-SIGLA-2026-09-27,source_defined_word,"Directly decoded from SigLA document word list; duplicate memberships retained, not corrected."
SW-001091,KN Zc 7,1,6;7;8,AB051 AB060 AB027,3,False,SIGLA,CC BY-NC-SA 4.0,P-SIGLA-2026-09-27,source_defined_word,"Directly decoded from SigLA document word list; duplicate memberships retained, not corrected."
SW-001092,KN Zc 7,2,9;10;11,AB008 AB079 AB060,3,False,SIGLA,CC BY-NC-SA 4.0,P-SIGLA-2026-09-27,source_defined_word,"Directly decoded from SigLA document word list; duplicate memberships retained, not corrected."
SW-001093,KN Zc 7,3,12;13;14;15;16;17;18;19,AB057 AB031 AB060 AB008 AB006 AB024 AB040 AB039,8,False,SIGLA,CC BY-NC-SA 4.0,P-SIGLA-2026-09-27,source_defined_word,"Directly decoded from SigLA document word list; duplicate memberships retained, not corrected."
SW-001094,KN Ze 16,0,1;2,AB008 AB039,2,False,SIGLA,CC BY-NC-SA 4.0,P-SIGLA-2026-09-27,source_defined_word,"Directly decoded from SigLA document word list; duplicate memberships retained, not corrected."
SW-001095,KN Zf 13,0,1;2;3;4;5;6;7;8;9;10;11;12;13;14;15;16;17;18;19,AB008 AB027 AB024 AB041 AB007 A301 AB039 AB044 AB003 AB057 AB059 AB053 AB009 AB004 AB053 AB023 AB008 AB057 AB081,19,False,SIGLA,CC BY-NC-SA 4.0,P-SIGLA-2026-09-27,source_defined_word,"Directly decoded from SigLA document word list; duplicate memberships retained, not corrected."
SW-001096,MA 10a,0,1,AB026,1,False,SIGLA,CC BY-NC-SA 4.0,P-SIGLA-2026-09-27,source_defined_word,"Directly decoded from SigLA document word list; duplicate memberships retained, not corrected."
SW-001097,MA 10b,0,1;2;3;4,AB051 AB039 AB004 AB054,4,False,SIGLA,CC BY-NC-SA 4.0,P-SIGLA-2026-09-27,source_defined_word,"Directly decoded from SigLA document word list; duplicate memberships retained, not corrected."
SW-001098,MA 1a,0,1;2;3,AB028 AB051 AB040,3,False,SIGLA,CC BY-NC-SA 4.0,P-SIGLA-2026-09-27,source_defined_word,"Directly decoded from SigLA document word list; duplicate memberships retained, not corrected."
SW-001099,MA 1a,1,5;6;7;8,AB078 AB045 AB073 AB055,4,False,SIGLA,CC BY-NC-SA 4.0,P-SIGLA-2026-09-27,source_defined_word,"Directly decoded from SigLA document word list; duplicate memberships retained, not corrected."
SW-001100,MA 1b,0,1;2,AB008 AB080,2,False,SIGLA,CC BY-NC-SA 4.0,P-SIGLA-2026-09-27,source_defined_word,"Directly decoded from SigLA document word list; duplicate memberships retained, not corrected."
SW-001101,MA 1b,1,4;5;6;7,AB078 AB045 AB073 AB055,4,False,SIGLA,CC BY-NC-SA 4.0,P-SIGLA-2026-09-27,source_defined_word,"Directly decoded from SigLA document word list; duplicate memberships retained, not corrected."
SW-001102,MA 1c,0,1,AB037,1,False,SIGLA,CC BY-NC-SA 4.0,P-SIGLA-2026-09-27,source_defined_word,"Directly decoded from SigLA document word list; duplicate memberships retained, not corrected."
SW-001103,MA 2a,0,1;2,AB051 AB060,2,False,SIGLA,CC BY-NC-SA 4.0,P-SIGLA-2026-09-27,source_defined_word,"Directly decoded from SigLA document word list; duplicate memberships retained, not corrected."
SW-001104,MA 2b,0,2;3,AB027 AB037,2,False,SIGLA,CC BY-NC-SA 4.0,P-SIGLA-2026-09-27,source_defined_word,"Directly decoded from SigLA document word list; duplicate memberships retained, not corrected."
SW-001105,MA 2b,1,4,AB037,1,False,SIGLA,CC BY-NC-SA 4.0,P-SIGLA-2026-09-27,source_defined_word,"Directly decoded from SigLA document word list; duplicate memberships retained, not corrected."
SW-001106,MA 2b,2,5;6,AB057 AB081,2,False,SIGLA,CC BY-NC-SA 4.0,P-SIGLA-2026-09-27,source_defined_word,"Directly decoded from SigLA document word list; duplicate memberships retained, not corrected."
SW-001107,MA 2b,3,7,AB037,1,False,SIGLA,CC BY-NC-SA 4.0,P-SIGLA-2026-09-27,source_defined_word,"Directly decoded from SigLA document word list; duplicate memberships retained, not corrected."
SW-001108,MA 2c,0,1;2;3,AB010 AB006 AB006,3,False,SIGLA,CC BY-NC-SA 4.0,P-SIGLA-2026-09-27,source_defined_word,"Directly decoded from SigLA document word list; duplicate memberships retained, not corrected."
SW-001109,MA 2c,1,4;5;6;7,AB057 AB080 AB010 AB037,4,False,SIGLA,CC BY-NC-SA 4.0,P-SIGLA-2026-09-27,source_defined_word,"Directly decoded from SigLA document word list; duplicate memberships retained, not corrected."
SW-001110,MA 4b,0,1;3,AB008 AB057,2,False,SIGLA,CC BY-NC-SA 4.0,P-SIGLA-2026-09-27,source_defined_word,"Directly decoded from SigLA document word list; duplicate memberships retained, not corrected."
SW-001111,MA Wc <5a>,0,1;2;3;4,AB008 AB031 AB001 AB077,4,False,SIGLA,CC BY-NC-SA 4.0,P-SIGLA-2026-09-27,source_defined_word,"Directly decoded from SigLA document word list; duplicate memberships retained, not corrected."
SW-001112,MI 2,0,1,AB050,1,False,SIGLA,CC BY-NC-SA 4.0,P-SIGLA-2026-09-27,source_defined_word,"Directly decoded from SigLA document word list; duplicate memberships retained, not corrected."
SW-001113,MI 2,1,2;3,AB051 AB077,2,False,SIGLA,CC BY-NC-SA 4.0,P-SIGLA-2026-09-27,source_defined_word,"Directly decoded from SigLA document word list; duplicate memberships retained, not corrected."
SW-001114,MI 2,2,5,AB077,1,False,SIGLA,CC BY-NC-SA 4.0,P-SIGLA-2026-09-27,source_defined_word,"Directly decoded from SigLA document word list; duplicate memberships retained, not corrected."
SW-001115,MY Zf 2,0,1,AB043,1,False,SIGLA,CC BY-NC-SA 4.0,P-SIGLA-2026-09-27,source_defined_word,"Directly decoded from SigLA document word list; duplicate memberships retained, not corrected."
SW-001116,PA 1,0,1;2;3;4;5,AB008 AB081 AB065 AB003 AB118,5,False,SIGLA,CC BY-NC-SA 4.0,P-SIGLA-2026-09-27,source_defined_word,"Directly decoded from SigLA document word list; duplicate memberships retained, not corrected."
SW-001117,PE 1,0,1;2;3,AB010 AB077 AB027,3,False,SIGLA,CC BY-NC-SA 4.0,P-SIGLA-2026-09-27,source_defined_word,"Directly decoded from SigLA document word list; duplicate memberships retained, not corrected."
SW-001118,PE 1,1,4;5;6;7,AB008 AB009 AB041 AB006,4,False,SIGLA,CC BY-NC-SA 4.0,P-SIGLA-2026-09-27,source_defined_word,"Directly decoded from SigLA document word list; duplicate memberships retained, not corrected."
SW-001119,PE 1,2,8;9;10,AB081 AB003 AB053,3,False,SIGLA,CC BY-NC-SA 4.0,P-SIGLA-2026-09-27,source_defined_word,"Directly decoded from SigLA document word list; duplicate memberships retained, not corrected."
SW-001120,PE 1,3,13;14,AB038 AB077,2,False,SIGLA,CC BY-NC-SA 4.0,P-SIGLA-2026-09-27,source_defined_word,"Directly decoded from SigLA document word list; duplicate memberships retained, not corrected."
SW-001121,PE 2,0,,,0,False,SIGLA,CC BY-NC-SA 4.0,P-SIGLA-2026-09-27,source_defined_word,"Directly decoded from SigLA document word list; duplicate memberships retained, not corrected."
SW-001122,PE 2,1,3;4,AB026 AB039,2,False,SIGLA,CC BY-NC-SA 4.0,P-SIGLA-2026-09-27,source_defined_word,"Directly decoded from SigLA document word list; duplicate memberships retained, not corrected."
SW-001123,PE 2,2,7;8;9,AB031 A305 AB073,3,False,SIGLA,CC BY-NC-SA 4.0,P-SIGLA-2026-09-27,source_defined_word,"Directly decoded from SigLA document word list; duplicate memberships retained, not corrected."
SW-001124,PE 2,3,11;12;13,AB008 A325 AB017,3,False,SIGLA,CC BY-NC-SA 4.0,P-SIGLA-2026-09-27,source_defined_word,"Directly decoded from SigLA document word list; duplicate memberships retained, not corrected."
SW-001125,PE 2,4,15;16;17,AB008 AB053 AB003,3,False,SIGLA,CC BY-NC-SA 4.0,P-SIGLA-2026-09-27,source_defined_word,"Directly decoded from SigLA document word list; duplicate memberships retained, not corrected."
SW-001126,PE 2,5,19;20;21,AB016 AB016 AB001,3,False,SIGLA,CC BY-NC-SA 4.0,P-SIGLA-2026-09-27,source_defined_word,"Directly decoded from SigLA document word list; duplicate memberships retained, not corrected."
SW-001127,PE 2,6,23;24,AB005 AB013,2,False,SIGLA,CC BY-NC-SA 4.0,P-SIGLA-2026-09-27,source_defined_word,"Directly decoded from SigLA document word list; duplicate memberships retained, not corrected."
SW-001128,PE 2,7,26;27;29,AB005 AB049 AB027,3,False,SIGLA,CC BY-NC-SA 4.0,P-SIGLA-2026-09-27,source_defined_word,"Directly decoded from SigLA document word list; duplicate memberships retained, not corrected."
SW-001129,PE 6,0,1;2;4,AB028 AB006 AB004,3,False,SIGLA,CC BY-NC-SA 4.0,P-SIGLA-2026-09-27,source_defined_word,"Directly decoded from SigLA document word list; duplicate memberships retained, not corrected."
SW-001130,PE 6,1,5;6;7;8,AB059 AB006 AB080 AB046,4,False,SIGLA,CC BY-NC-SA 4.0,P-SIGLA-2026-09-27,source_defined_word,"Directly decoded from SigLA document word list; duplicate memberships retained, not corrected."
SW-001131,PH 10,0,1;2;3,A355 AB038 A354,3,False,SIGLA,CC BY-NC-SA 4.0,P-SIGLA-2026-09-27,source_defined_word,"Directly decoded from SigLA document word list; duplicate memberships retained, not corrected."
SW-001132,PH 12a,0,2;3;4,AB180 A339 AB100,3,False,SIGLA,CC BY-NC-SA 4.0,P-SIGLA-2026-09-27,source_defined_word,"Directly decoded from SigLA document word list; duplicate memberships retained, not corrected."
SW-001133,PH 12b,0,,,0,False,SIGLA,CC BY-NC-SA 4.0,P-SIGLA-2026-09-27,source_defined_word,"Directly decoded from SigLA document word list; duplicate memberships retained, not corrected."
SW-001134,PH 13a,0,1,A328,1,False,SIGLA,CC BY-NC-SA 4.0,P-SIGLA-2026-09-27,source_defined_word,"Directly decoded from SigLA document word list; duplicate memberships retained, not corrected."
SW-001135,PH 13b,0,1,A356,1,False,SIGLA,CC BY-NC-SA 4.0,P-SIGLA-2026-09-27,source_defined_word,"Directly decoded from SigLA document word list; duplicate memberships retained, not corrected."
SW-001136,PH 13c,0,1;2,AB004 AB079,2,False,SIGLA,CC BY-NC-SA 4.0,P-SIGLA-2026-09-27,source_defined_word,"Directly decoded from SigLA document word list; duplicate memberships retained, not corrected."
SW-001137,PH 14a,0,1;2,AB057 A304,2,False,SIGLA,CC BY-NC-SA 4.0,P-SIGLA-2026-09-27,source_defined_word,"Directly decoded from SigLA document word list; duplicate memberships retained, not corrected."
SW-001138,PH 14b,0,1;2,AB008 AB073,2,False,SIGLA,CC BY-NC-SA 4.0,P-SIGLA-2026-09-27,source_defined_word,"Directly decoded from SigLA document word list; duplicate memberships retained, not corrected."
SW-001139,PH 15a,0,1;2;3,AB080 AB004 AB027,3,False,SIGLA,CC BY-NC-SA 4.0,P-SIGLA-2026-09-27,source_defined_word,"Directly decoded from SigLA document word list; duplicate memberships retained, not corrected."
SW-001140,PH 15b,0,2,A357,1,False,SIGLA,CC BY-NC-SA 4.0,P-SIGLA-2026-09-27,source_defined_word,"Directly decoded from SigLA document word list; duplicate memberships retained, not corrected."
SW-001141,PH 16a,0,1;2,A320 AB006,2,False,SIGLA,CC BY-NC-SA 4.0,P-SIGLA-2026-09-27,source_defined_word,"Directly decoded from SigLA document word list; duplicate memberships retained, not corrected."
SW-001142,PH 16a,1,5;6,A358 AB030,2,False,SIGLA,CC BY-NC-SA 4.0,P-SIGLA-2026-09-27,source_defined_word,"Directly decoded from SigLA document word list; duplicate memberships retained, not corrected."
SW-001143,PH 16b,0,2;3,AB057 AB031,2,False,SIGLA,CC BY-NC-SA 4.0,P-SIGLA-2026-09-27,source_defined_word,"Directly decoded from SigLA document word list; duplicate memberships retained, not corrected."
SW-001144,PH 16b,1,5,A320,1,False,SIGLA,CC BY-NC-SA 4.0,P-SIGLA-2026-09-27,source_defined_word,"Directly decoded from SigLA document word list; duplicate memberships retained, not corrected."
SW-001145,PH 17a,0,1,A359,1,False,SIGLA,CC BY-NC-SA 4.0,P-SIGLA-2026-09-27,source_defined_word,"Directly decoded from SigLA document word list; duplicate memberships retained, not corrected."
SW-001146,PH 17b,0,1,A360,1,False,SIGLA,CC BY-NC-SA 4.0,P-SIGLA-2026-09-27,source_defined_word,"Directly decoded from SigLA document word list; duplicate memberships retained, not corrected."
SW-001147,PH 18a,0,2;3,AB040 AB057,2,False,SIGLA,CC BY-NC-SA 4.0,P-SIGLA-2026-09-27,source_defined_word,"Directly decoded from SigLA document word list; duplicate memberships retained, not corrected."
SW-001148,PH 18b,0,,,0,False,SIGLA,CC BY-NC-SA 4.0,P-SIGLA-2026-09-27,source_defined_word,"Directly decoded from SigLA document word list; duplicate memberships retained, not corrected."
SW-001149,PH 19,0,1;2,AB039 AB061,2,False,SIGLA,CC BY-NC-SA 4.0,P-SIGLA-2026-09-27,source_defined_word,"Directly decoded from SigLA document word list; duplicate memberships retained, not corrected."
SW-001150,PH 1a,0,1;2;3;4,AB007 AB060 AB007 AB006,4,False,SIGLA,CC BY-NC-SA 4.0,P-SIGLA-2026-09-27,source_defined_word,"Directly decoded from SigLA document word list; duplicate memberships retained, not corrected."
SW-001151,PH 1a,1,7,AB057,1,False,SIGLA,CC BY-NC-SA 4.0,P-SIGLA-2026-09-27,source_defined_word,"Directly decoded from SigLA document word list; duplicate memberships retained, not corrected."
SW-001152,PH 1b,0,2,AB006,1,False,SIGLA,CC BY-NC-SA 4.0,P-SIGLA-2026-09-27,source_defined_word,"Directly decoded from SigLA document word list; duplicate memberships retained, not corrected."
SW-001153,PH 2,0,1;2;3;4,AB008 AB009 AB069 AB021,4,False,SIGLA,CC BY-NC-SA 4.0,P-SIGLA-2026-09-27,source_defined_word,"Directly decoded from SigLA document word list; duplicate memberships retained, not corrected."
SW-001154,PH 2,1,5;6;7;8,AB060 AB061 AB007 AB067,4,False,SIGLA,CC BY-NC-SA 4.0,P-SIGLA-2026-09-27,source_defined_word,"Directly decoded from SigLA document word list; duplicate memberships retained, not corrected."
SW-001155,PH 2,2,9;10;11;12,AB039 AB026 AB038 AB065,4,False,SIGLA,CC BY-NC-SA 4.0,P-SIGLA-2026-09-27,source_defined_word,"Directly decoded from SigLA document word list; duplicate memberships retained, not corrected."
SW-001156,PH 2,3,13;14;15,AB009 AB031 AB056,3,False,SIGLA,CC BY-NC-SA 4.0,P-SIGLA-2026-09-27,source_defined_word,"Directly decoded from SigLA document word list; duplicate memberships retained, not corrected."
SW-001157,PH 22b,0,,,0,False,SIGLA,CC BY-NC-SA 4.0,P-SIGLA-2026-09-27,source_defined_word,"Directly decoded from SigLA document word list; duplicate memberships retained, not corrected."
SW-001158,PH 24,0,1;2,AB002 AB038,2,False,SIGLA,CC BY-NC-SA 4.0,P-SIGLA-2026-09-27,source_defined_word,"Directly decoded from SigLA document word list; duplicate memberships retained, not corrected."
SW-001159,PH 25,0,,,0,False,SIGLA,CC BY-NC-SA 4.0,P-SIGLA-2026-09-27,source_defined_word,"Directly decoded from SigLA document word list; duplicate memberships retained, not corrected."
SW-001160,PH 26,0,2,A314,1,False,SIGLA,CC BY-NC-SA 4.0,P-SIGLA-2026-09-27,source_defined_word,"Directly decoded from SigLA document word list; duplicate memberships retained, not corrected."
SW-001161,PH 27,0,1,AB004,1,False,SIGLA,CC BY-NC-SA 4.0,P-SIGLA-2026-09-27,source_defined_word,"Directly decoded from SigLA document word list; duplicate memberships retained, not corrected."
SW-001162,PH 27,1,3,AB008,1,False,SIGLA,CC BY-NC-SA 4.0,P-SIGLA-2026-09-27,source_defined_word,"Directly decoded from SigLA document word list; duplicate memberships retained, not corrected."
SW-001163,PH 28a,0,1;2,AB008 AB056,2,False,SIGLA,CC BY-NC-SA 4.0,P-SIGLA-2026-09-27,source_defined_word,"Directly decoded from SigLA document word list; duplicate memberships retained, not corrected."
SW-001164,PH 28a,1,4;5;6,AB057 AB067 AB056,3,False,SIGLA,CC BY-NC-SA 4.0,P-SIGLA-2026-09-27,source_defined_word,"Directly decoded from SigLA document word list; duplicate memberships retained, not corrected."
SW-001165,PH 28a,2,8;9;10,AB008 AB053 AB057,3,False,SIGLA,CC BY-NC-SA 4.0,P-SIGLA-2026-09-27,source_defined_word,"Directly decoded from SigLA document word list; duplicate memberships retained, not corrected."
SW-001166,PH 28b,0,,,0,False,SIGLA,CC BY-NC-SA 4.0,P-SIGLA-2026-09-27,source_defined_word,"Directly decoded from SigLA document word list; duplicate memberships retained, not corrected."
SW-001167,PH 29a,0,,,0,False,SIGLA,CC BY-NC-SA 4.0,P-SIGLA-2026-09-27,source_defined_word,"Directly decoded from SigLA document word list; duplicate memberships retained, not corrected."
SW-001168,PH 29b,0,,,0,False,SIGLA,CC BY-NC-SA 4.0,P-SIGLA-2026-09-27,source_defined_word,"Directly decoded from SigLA document word list; duplicate memberships retained, not corrected."
SW-001169,PH 30,0,2;3,AB037 AB053,2,False,SIGLA,CC BY-NC-SA 4.0,P-SIGLA-2026-09-27,source_defined_word,"Directly decoded from SigLA document word list; duplicate memberships retained, not corrected."
SW-001170,PH 30,1,4;5;6;7;8,AB080 AB027 AB053 AB073 AB045,5,False,SIGLA,CC BY-NC-SA 4.0,P-SIGLA-2026-09-27,source_defined_word,"Directly decoded from SigLA document word list; duplicate memberships retained, not corrected."
SW-001171,PH 31a,0,2,AB008,1,False,SIGLA,CC BY-NC-SA 4.0,P-SIGLA-2026-09-27,source_defined_word,"Directly decoded from SigLA document word list; duplicate memberships retained, not corrected."
SW-001172,PH 31a,1,4,AB026,1,False,SIGLA,CC BY-NC-SA 4.0,P-SIGLA-2026-09-27,source_defined_word,"Directly decoded from SigLA document word list; duplicate memberships retained, not corrected."
SW-001173,PH 31a,2,6;7,AB080 AB007,2,False,SIGLA,CC BY-NC-SA 4.0,P-SIGLA-2026-09-27,source_defined_word,"Directly decoded from SigLA document word list; duplicate memberships retained, not corrected."
SW-001174,PH 31a,3,11;12;13,AB081 AB056 AB055,3,False,SIGLA,CC BY-NC-SA 4.0,P-SIGLA-2026-09-27,source_defined_word,"Directly decoded from SigLA document word list; duplicate memberships retained, not corrected."
SW-001175,PH 31a,4,15;16;17,AB003 AB059 AB001,3,False,SIGLA,CC BY-NC-SA 4.0,P-SIGLA-2026-09-27,source_defined_word,"Directly decoded from SigLA document word list; duplicate memberships retained, not corrected."
SW-001176,PH 31a,5,18;19,AB081 AB002,2,False,SIGLA,CC BY-NC-SA 4.0,P-SIGLA-2026-09-27,source_defined_word,"Directly decoded from SigLA document word list; duplicate memberships retained, not corrected."
SW-001177,PH 31b,0,3;4,AB051 AB053,2,False,SIGLA,CC BY-NC-SA 4.0,P-SIGLA-2026-09-27,source_defined_word,"Directly decoded from SigLA document word list; duplicate memberships retained, not corrected."
SW-001178,PH 31b,1,6,AB069,1,False,SIGLA,CC BY-NC-SA 4.0,P-SIGLA-2026-09-27,source_defined_word,"Directly decoded from SigLA document word list; duplicate memberships retained, not corrected."
SW-001179,PH 31b,2,8,AB024,1,False,SIGLA,CC BY-NC-SA 4.0,P-SIGLA-2026-09-27,source_defined_word,"Directly decoded from SigLA document word list; duplicate memberships retained, not corrected."
SW-001180,PH 31b,3,11;12,AB004 AB053,2,False,SIGLA,CC BY-NC-SA 4.0,P-SIGLA-2026-09-27,source_defined_word,"Directly decoded from SigLA document word list; duplicate memberships retained, not corrected."
SW-001181,PH 31b,4,14;15;16;17,AB053 AB026 AB080 AB037,4,False,SIGLA,CC BY-NC-SA 4.0,P-SIGLA-2026-09-27,source_defined_word,"Directly decoded from SigLA document word list; duplicate memberships retained, not corrected."
SW-001182,PH 31b,5,,,0,False,SIGLA,CC BY-NC-SA 4.0,P-SIGLA-2026-09-27,source_defined_word,"Directly decoded from SigLA document word list; duplicate memberships retained, not corrected."
SW-001183,PH 31b,6,21;22;23;24,AB008 AB073 AB001 AB061,4,False,SIGLA,CC BY-NC-SA 4.0,P-SIGLA-2026-09-27,source_defined_word,"Directly decoded from SigLA document word list; duplicate memberships retained, not corrected."
SW-001184,PH 3a,0,,,0,False,SIGLA,CC BY-NC-SA 4.0,P-SIGLA-2026-09-27,source_defined_word,"Directly decoded from SigLA document word list; duplicate memberships retained, not corrected."
SW-001185,PH 3a,1,7;8,AB003 AB060,2,False,SIGLA,CC BY-NC-SA 4.0,P-SIGLA-2026-09-27,source_defined_word,"Directly decoded from SigLA document word list; duplicate memberships retained, not corrected."
SW-001186,PH 3a,2,,,0,False,SIGLA,CC BY-NC-SA 4.0,P-SIGLA-2026-09-27,source_defined_word,"Directly decoded from SigLA document word list; duplicate memberships retained, not corrected."
SW-001187,PH 3b,0,,,0,False,SIGLA,CC BY-NC-SA 4.0,P-SIGLA-2026-09-27,source_defined_word,"Directly decoded from SigLA document word list; duplicate memberships retained, not corrected."
SW-001188,PH 3b,1,4,AB005,1,False,SIGLA,CC BY-NC-SA 4.0,P-SIGLA-2026-09-27,source_defined_word,"Directly decoded from SigLA document word list; duplicate memberships retained, not corrected."
SW-001189,PH 3b,2,5,AB041,1,False,SIGLA,CC BY-NC-SA 4.0,P-SIGLA-2026-09-27,source_defined_word,"Directly decoded from SigLA document word list; duplicate memberships retained, not corrected."
SW-001190,PH 54,0,1;2;3;4,AB028 AB031 AB053 AB044,4,False,SIGLA,CC BY-NC-SA 4.0,P-SIGLA-2026-09-27,source_defined_word,"Directly decoded from SigLA document word list; duplicate memberships retained, not corrected."
SW-001191,PH 54,1,5;6,AB051 AB037,2,False,SIGLA,CC BY-NC-SA 4.0,P-SIGLA-2026-09-27,source_defined_word,"Directly decoded from SigLA document word list; duplicate memberships retained, not corrected."
SW-001192,PH 6,0,1;2;3,AB028 AB006 AB054,3,False,SIGLA,CC BY-NC-SA 4.0,P-SIGLA-2026-09-27,source_defined_word,"Directly decoded from SigLA document word list; duplicate memberships retained, not corrected."
SW-001193,PH 6,1,4;5,AB008 AB053,2,False,SIGLA,CC BY-NC-SA 4.0,P-SIGLA-2026-09-27,source_defined_word,"Directly decoded from SigLA document word list; duplicate memberships retained, not corrected."
SW-001194,PH 6,2,6;7;8;9;10,AB028 AB079 AB053 AB030 AB059,5,False,SIGLA,CC BY-NC-SA 4.0,P-SIGLA-2026-09-27,source_defined_word,"Directly decoded from SigLA document word list; duplicate memberships retained, not corrected."
SW-001195,PH 6,3,11;12,AB008 AB053,2,False,SIGLA,CC BY-NC-SA 4.0,P-SIGLA-2026-09-27,source_defined_word,"Directly decoded from SigLA document word list; duplicate memberships retained, not corrected."
SW-001196,PH 6,4,13;14;15;16;17;18,AB028 AB001 AB056 AB028 AB031 AB053,6,False,SIGLA,CC BY-NC-SA 4.0,P-SIGLA-2026-09-27,source_defined_word,"Directly decoded from SigLA document word list; duplicate memberships retained, not corrected."
SW-001197,PH 7a,0,1;2;3,AB007 AB003 AB057,3,False,SIGLA,CC BY-NC-SA 4.0,P-SIGLA-2026-09-27,source_defined_word,"Directly decoded from SigLA document word list; duplicate memberships retained, not corrected."
SW-001198,PH 7a,1,4;5;6;7,AB010 AB007 AB053 AB067,4,False,SIGLA,CC BY-NC-SA 4.0,P-SIGLA-2026-09-27,source_defined_word,"Directly decoded from SigLA document word list; duplicate memberships retained, not corrected."
SW-001199,PH 7a,2,8;9;10;11,AB057 AB026 AB080 AB024,4,False,SIGLA,CC BY-NC-SA 4.0,P-SIGLA-2026-09-27,source_defined_word,"Directly decoded from SigLA document word list; duplicate memberships retained, not corrected."
SW-001200,PH 7a,3,12;13;14;15,AB057 AB041 AB001 AB060,4,False,SIGLA,CC BY-NC-SA 4.0,P-SIGLA-2026-09-27,source_defined_word,"Directly decoded from SigLA document word list; duplicate memberships retained, not corrected."
SW-001201,PH 7b,0,1,AB059,1,False,SIGLA,CC BY-NC-SA 4.0,P-SIGLA-2026-09-27,source_defined_word,"Directly decoded from SigLA document word list; duplicate memberships retained, not corrected."
SW-001202,PH 7b,1,2;3,AB001 AB060,2,False,SIGLA,CC BY-NC-SA 4.0,P-SIGLA-2026-09-27,source_defined_word,"Directly decoded from SigLA document word list; duplicate memberships retained, not corrected."
SW-001203,PH 9a,0,1;2;3,A317 AB078 A353,3,False,SIGLA,CC BY-NC-SA 4.0,P-SIGLA-2026-09-27,source_defined_word,"Directly decoded from SigLA document word list; duplicate memberships retained, not corrected."
SW-001204,PH Wa 32,0,1;2;3;4,AB058 AB067 AB060 AB059,4,False,SIGLA,CC BY-NC-SA 4.0,P-SIGLA-2026-09-27,source_defined_word,"Directly decoded from SigLA document word list; duplicate memberships retained, not corrected."
SW-001205,PH Wc 37a,0,1;2;3,AB077 A314 AB041,3,False,SIGLA,CC BY-NC-SA 4.0,P-SIGLA-2026-09-27,source_defined_word,"Directly decoded from SigLA document word list; duplicate memberships retained, not corrected."
SW-001206,PH Wc 38,0,1;2;3,A314 AB059 AB080,3,False,SIGLA,CC BY-NC-SA 4.0,P-SIGLA-2026-09-27,source_defined_word,"Directly decoded from SigLA document word list; duplicate memberships retained, not corrected."
SW-001207,PH Wc 39a,0,1;2,AB057 AB007,2,False,SIGLA,CC BY-NC-SA 4.0,P-SIGLA-2026-09-27,source_defined_word,"Directly decoded from SigLA document word list; duplicate memberships retained, not corrected."
SW-001208,PH Wc 40a,0,1;2;3,A320 A320 AB080,3,False,SIGLA,CC BY-NC-SA 4.0,P-SIGLA-2026-09-27,source_defined_word,"Directly decoded from SigLA document word list; duplicate memberships retained, not corrected."
SW-001209,PH Wc 45,0,,,0,False,SIGLA,CC BY-NC-SA 4.0,P-SIGLA-2026-09-27,source_defined_word,"Directly decoded from SigLA document word list; duplicate memberships retained, not corrected."
SW-001210,PK 1a,0,1;3;4,AB008 AB024 AB037,3,False,SIGLA,CC BY-NC-SA 4.0,P-SIGLA-2026-09-27,source_defined_word,"Directly decoded from SigLA document word list; duplicate memberships retained, not corrected."
SW-001211,PK 1a,1,5;6,AB077 AB016,2,False,SIGLA,CC BY-NC-SA 4.0,P-SIGLA-2026-09-27,source_defined_word,"Directly decoded from SigLA document word list; duplicate memberships retained, not corrected."
SW-001212,PK 1a,2,7;8;9,AB008 AB051 AB017,3,False,SIGLA,CC BY-NC-SA 4.0,P-SIGLA-2026-09-27,source_defined_word,"Directly decoded from SigLA document word list; duplicate memberships retained, not corrected."
SW-001213,PK 1a,3,10;11;12,AB066 AB059 AB027,3,False,SIGLA,CC BY-NC-SA 4.0,P-SIGLA-2026-09-27,source_defined_word,"Directly decoded from SigLA document word list; duplicate memberships retained, not corrected."
SW-001214,PK 1a,4,13;14;15,AB066 AB037 AB004,3,False,SIGLA,CC BY-NC-SA 4.0,P-SIGLA-2026-09-27,source_defined_word,"Directly decoded from SigLA document word list; duplicate memberships retained, not corrected."
SW-001215,PK 1a,5,16;17;18;19;20;21,AB061 AB077 AB073 AB017 AB028 AB006,6,False,SIGLA,CC BY-NC-SA 4.0,P-SIGLA-2026-09-27,source_defined_word,"Directly decoded from SigLA document word list; duplicate memberships retained, not corrected."
SW-001216,PK 1a,6,22;23;24,AB061 AB004 AB057,3,False,SIGLA,CC BY-NC-SA 4.0,P-SIGLA-2026-09-27,source_defined_word,"Directly decoded from SigLA document word list; duplicate memberships retained, not corrected."
SW-001217,PK 1a,7,25;26;27;28,AB060 AB006 AB069 AB058,4,False,SIGLA,CC BY-NC-SA 4.0,P-SIGLA-2026-09-27,source_defined_word,"Directly decoded from SigLA document word list; duplicate memberships retained, not corrected."
SW-001218,PK 1a,8,29;30,AB030 AB073,2,False,SIGLA,CC BY-NC-SA 4.0,P-SIGLA-2026-09-27,source_defined_word,"Directly decoded from SigLA document word list; duplicate memberships retained, not corrected."
SW-001219,PK 1a,9,31;32,AB069 AB058,2,False,SIGLA,CC BY-NC-SA 4.0,P-SIGLA-2026-09-27,source_defined_word,"Directly decoded from SigLA document word list; duplicate memberships retained, not corrected."
SW-001220,PK 1a,10,33;34;35;36;37,AB080 AB037 AB017 AB028 AB004,5,False,SIGLA,CC BY-NC-SA 4.0,P-SIGLA-2026-09-27,source_defined_word,"Directly decoded from SigLA document word list; duplicate memberships retained, not corrected."
SW-001221,PK 1a,11,38;39;40,AB080 AB004 AB037,3,False,SIGLA,CC BY-NC-SA 4.0,P-SIGLA-2026-09-27,source_defined_word,"Directly decoded from SigLA document word list; duplicate memberships retained, not corrected."
SW-001222,PK 1a,12,41;42;43;44,AB080 AB077 AB028 AB059,4,False,SIGLA,CC BY-NC-SA 4.0,P-SIGLA-2026-09-27,source_defined_word,"Directly decoded from SigLA document word list; duplicate memberships retained, not corrected."
SW-001223,PK 1b,0,1,AB041,1,False,SIGLA,CC BY-NC-SA 4.0,P-SIGLA-2026-09-27,source_defined_word,"Directly decoded from SigLA document word list; duplicate memberships retained, not corrected."
SW-001224,PS Za 2,0,1;2;3;4;5,AB059 AB006 AB028 A301 AB037,5,False,SIGLA,CC BY-NC-SA 4.0,P-SIGLA-2026-09-27,source_defined_word,"Directly decoded from SigLA document word list; duplicate memberships retained, not corrected."
SW-001225,PS Za 2,1,,,0,False,SIGLA,CC BY-NC-SA 4.0,P-SIGLA-2026-09-27,source_defined_word,"Directly decoded from SigLA document word list; duplicate memberships retained, not corrected."
SW-001226,PS Za 2,2,7;8,AB057 AB037,2,False,SIGLA,CC BY-NC-SA 4.0,P-SIGLA-2026-09-27,source_defined_word,"Directly decoded from SigLA document word list; duplicate memberships retained, not corrected."
SW-001227,PS Za 2,3,9;10;11;12;13,AB057 AB031 AB031 AB060 AB013,5,False,SIGLA,CC BY-NC-SA 4.0,P-SIGLA-2026-09-27,source_defined_word,"Directly decoded from SigLA document word list; duplicate memberships retained, not corrected."
SW-001228,PS Za 2,4,14;15;16,AB027 AB028 AB044,3,False,SIGLA,CC BY-NC-SA 4.0,P-SIGLA-2026-09-27,source_defined_word,"Directly decoded from SigLA document word list; duplicate memberships retained, not corrected."
SW-001229,PYR 1,0,1;2;3;4;5,AB037 AB080 AB026 AB040 AB004,5,False,SIGLA,CC BY-NC-SA 4.0,P-SIGLA-2026-09-27,source_defined_word,"Directly decoded from SigLA document word list; duplicate memberships retained, not corrected."
SW-001230,SY Za 4,0,1;2;3;4;5;6,AB008 AB059 AB028 A301 AB054 AB057,6,False,SIGLA,CC BY-NC-SA 4.0,P-SIGLA-2026-09-27,source_defined_word,"Directly decoded from SigLA document word list; duplicate memberships retained, not corrected."
SW-001231,SY Za 4,1,7;8;9;10,AB057 AB028 AB048 AB017,4,False,SIGLA,CC BY-NC-SA 4.0,P-SIGLA-2026-09-27,source_defined_word,"Directly decoded from SigLA document word list; duplicate memberships retained, not corrected."
SW-001232,SY Za 4,2,11;12;13,AB056 AB030 AB040,3,False,SIGLA,CC BY-NC-SA 4.0,P-SIGLA-2026-09-27,source_defined_word,"Directly decoded from SigLA document word list; duplicate memberships retained, not corrected."
SW-001233,THE 10,0,1,AB067,1,False,SIGLA,CC BY-NC-SA 4.0,P-SIGLA-2026-09-27,source_defined_word,"Directly decoded from SigLA document word list; duplicate memberships retained, not corrected."
SW-001234,THE 8,0,1,AB002,1,False,SIGLA,CC BY-NC-SA 4.0,P-SIGLA-2026-09-27,source_defined_word,"Directly decoded from SigLA document word list; duplicate memberships retained, not corrected."
SW-001235,THE 9,0,1;2;3;4,AB004 AB023 AB031 AB009,4,False,SIGLA,CC BY-NC-SA 4.0,P-SIGLA-2026-09-27,source_defined_word,"Directly decoded from SigLA document word list; duplicate memberships retained, not corrected."
SW-001236,TY 2,0,1;3;4;5,A309 AB034 AB050 AB039,4,False,SIGLA,CC BY-NC-SA 4.0,P-SIGLA-2026-09-27,source_defined_word,"Directly decoded from SigLA document word list; duplicate memberships retained, not corrected."
SW-001237,TY 2,1,6,A309,1,False,SIGLA,CC BY-NC-SA 4.0,P-SIGLA-2026-09-27,source_defined_word,"Directly decoded from SigLA document word list; duplicate memberships retained, not corrected."
SW-001238,TY 2,2,8;10;11,A309 AB067 AB050,3,False,SIGLA,CC BY-NC-SA 4.0,P-SIGLA-2026-09-27,source_defined_word,"Directly decoded from SigLA document word list; duplicate memberships retained, not corrected."
SW-001239,TY 2,3,12;14;15,A309 AB001 AB050,3,False,SIGLA,CC BY-NC-SA 4.0,P-SIGLA-2026-09-27,source_defined_word,"Directly decoded from SigLA document word list; duplicate memberships retained, not corrected."
SW-001240,TY 2,4,17;18;19,AB003 AB001 AB026,3,False,SIGLA,CC BY-NC-SA 4.0,P-SIGLA-2026-09-27,source_defined_word,"Directly decoded from SigLA document word list; duplicate memberships retained, not corrected."
SW-001241,TY 2,5,20;21;22,A309 AB065 AB067,3,False,SIGLA,CC BY-NC-SA 4.0,P-SIGLA-2026-09-27,source_defined_word,"Directly decoded from SigLA document word list; duplicate memberships retained, not corrected."
SW-001242,TY 2,6,23;24;25,A309 AB053 AB065,3,False,SIGLA,CC BY-NC-SA 4.0,P-SIGLA-2026-09-27,source_defined_word,"Directly decoded from SigLA document word list; duplicate memberships retained, not corrected."
SW-001243,TY 2,7,26,A309,1,False,SIGLA,CC BY-NC-SA 4.0,P-SIGLA-2026-09-27,source_defined_word,"Directly decoded from SigLA document word list; duplicate memberships retained, not corrected."
SW-001244,TY 2,8,29;30;31;33,A309 AB053 AB001 AB065,4,False,SIGLA,CC BY-NC-SA 4.0,P-SIGLA-2026-09-27,source_defined_word,"Directly decoded from SigLA document word list; duplicate memberships retained, not corrected."
SW-001245,TY 2,9,34;35;36;37,A309 AB053 AB077 AB026,4,False,SIGLA,CC BY-NC-SA 4.0,P-SIGLA-2026-09-27,source_defined_word,"Directly decoded from SigLA document word list; duplicate memberships retained, not corrected."
SW-001246,TY 2,10,38;39;41;42,A309 AB053 AB054 AB065,4,False,SIGLA,CC BY-NC-SA 4.0,P-SIGLA-2026-09-27,source_defined_word,"Directly decoded from SigLA document word list; duplicate memberships retained, not corrected."
SW-001247,TY 2,11,43;44;45,A309 AB053 AB065,3,False,SIGLA,CC BY-NC-SA 4.0,P-SIGLA-2026-09-27,source_defined_word,"Directly decoded from SigLA document word list; duplicate memberships retained, not corrected."
SW-001248,TY 2,12,47,A309,1,False,SIGLA,CC BY-NC-SA 4.0,P-SIGLA-2026-09-27,source_defined_word,"Directly decoded from SigLA document word list; duplicate memberships retained, not corrected."
SW-001249,TY 3a,0,1;2,AB017 A321,2,False,SIGLA,CC BY-NC-SA 4.0,P-SIGLA-2026-09-27,source_defined_word,"Directly decoded from SigLA document word list; duplicate memberships retained, not corrected."
SW-001250,TY 3a,1,12;13,AB008 AB051,2,False,SIGLA,CC BY-NC-SA 4.0,P-SIGLA-2026-09-27,source_defined_word,"Directly decoded from SigLA document word list; duplicate memberships retained, not corrected."
SW-001251,TY 3a,2,23;24,AB008 AB001,2,False,SIGLA,CC BY-NC-SA 4.0,P-SIGLA-2026-09-27,source_defined_word,"Directly decoded from SigLA document word list; duplicate memberships retained, not corrected."
SW-001252,TY 3a,3,27;28;29;30,AB070 AB008 AB051 AB054,4,False,SIGLA,CC BY-NC-SA 4.0,P-SIGLA-2026-09-27,source_defined_word,"Directly decoded from SigLA document word list; duplicate memberships retained, not corrected."
SW-001253,TY 3a,4,33;34;35;36,AB008 AB081 AB069 A361,4,False,SIGLA,CC BY-NC-SA 4.0,P-SIGLA-2026-09-27,source_defined_word,"Directly decoded from SigLA document word list; duplicate memberships retained, not corrected."
SW-001254,TY 3b,0,1;2;3,AB067 AB053 AB041,3,False,SIGLA,CC BY-NC-SA 4.0,P-SIGLA-2026-09-27,source_defined_word,"Directly decoded from SigLA document word list; duplicate memberships retained, not corrected."
SW-001255,TY 3b,1,6;7;8,AB039 AB081 AB079,3,False,SIGLA,CC BY-NC-SA 4.0,P-SIGLA-2026-09-27,source_defined_word,"Directly decoded from SigLA document word list; duplicate memberships retained, not corrected."
SW-001256,TY 3b,2,13;14,AB003 AB073,2,False,SIGLA,CC BY-NC-SA 4.0,P-SIGLA-2026-09-27,source_defined_word,"Directly decoded from SigLA document word list; duplicate memberships retained, not corrected."
SW-001257,ZA 10a,0,1;2;3,AB059 AB006 AB004,3,False,SIGLA,CC BY-NC-SA 4.0,P-SIGLA-2026-09-27,source_defined_word,"Directly decoded from SigLA document word list; duplicate memberships retained, not corrected."
SW-001258,ZA 10a,1,5;6;7;8,AB008 AB081 AB073 AB006,4,False,SIGLA,CC BY-NC-SA 4.0,P-SIGLA-2026-09-27,source_defined_word,"Directly decoded from SigLA document word list; duplicate memberships retained, not corrected."
SW-001259,ZA 10a,2,9;10;11;12,AB008 AB059 AB006 AB004,4,False,SIGLA,CC BY-NC-SA 4.0,P-SIGLA-2026-09-27,source_defined_word,"Directly decoded from SigLA document word list; duplicate memberships retained, not corrected."
SW-001260,ZA 10a,3,13;14;15;16,AB008 AB073 AB001 AB010,4,False,SIGLA,CC BY-NC-SA 4.0,P-SIGLA-2026-09-27,source_defined_word,"Directly decoded from SigLA document word list; duplicate memberships retained, not corrected."
SW-001261,ZA 10a,4,17;18;19;20;21,AB008 AB051 AB081 AB073 AB006,5,False,SIGLA,CC BY-NC-SA 4.0,P-SIGLA-2026-09-27,source_defined_word,"Directly decoded from SigLA document word list; duplicate memberships retained, not corrected."
SW-001262,ZA 10a,5,22;23;24;25,AB001 AB028 AB039 AB059,4,False,SIGLA,CC BY-NC-SA 4.0,P-SIGLA-2026-09-27,source_defined_word,"Directly decoded from SigLA document word list; duplicate memberships retained, not corrected."
SW-001263,ZA 10a,6,26;27;28;29,AB051 AB027 AB017 AB009,4,False,SIGLA,CC BY-NC-SA 4.0,P-SIGLA-2026-09-27,source_defined_word,"Directly decoded from SigLA document word list; duplicate memberships retained, not corrected."
SW-001264,ZA 10b,0,1;2,AB054 A362,2,False,SIGLA,CC BY-NC-SA 4.0,P-SIGLA-2026-09-27,source_defined_word,"Directly decoded from SigLA document word list; duplicate memberships retained, not corrected."
SW-001265,ZA 10b,1,3;4;5;6,AB051 AB027 AB017 AB009,4,False,SIGLA,CC BY-NC-SA 4.0,P-SIGLA-2026-09-27,source_defined_word,"Directly decoded from SigLA document word list; duplicate memberships retained, not corrected."
SW-001266,ZA 10b,2,8;9,AB010 AB049,2,False,SIGLA,CC BY-NC-SA 4.0,P-SIGLA-2026-09-27,source_defined_word,"Directly decoded from SigLA document word list; duplicate memberships retained, not corrected."
SW-001267,ZA 10b,3,10;11,AB080 AB017,2,False,SIGLA,CC BY-NC-SA 4.0,P-SIGLA-2026-09-27,source_defined_word,"Directly decoded from SigLA document word list; duplicate memberships retained, not corrected."
SW-001268,ZA 10b,4,12;13;14;15,AB080 AB067 AB045 AB004,4,False,SIGLA,CC BY-NC-SA 4.0,P-SIGLA-2026-09-27,source_defined_word,"Directly decoded from SigLA document word list; duplicate memberships retained, not corrected."
SW-001269,ZA 10b,5,16;17,AB031 AB080,2,False,SIGLA,CC BY-NC-SA 4.0,P-SIGLA-2026-09-27,source_defined_word,"Directly decoded from SigLA document word list; duplicate memberships retained, not corrected."
SW-001270,ZA 10b,6,18;19,AB008 AB045,2,False,SIGLA,CC BY-NC-SA 4.0,P-SIGLA-2026-09-27,source_defined_word,"Directly decoded from SigLA document word list; duplicate memberships retained, not corrected."
SW-001271,ZA 10b,7,20;21;22,AB008 AB073 AB059,3,False,SIGLA,CC BY-NC-SA 4.0,P-SIGLA-2026-09-27,source_defined_word,"Directly decoded from SigLA document word list; duplicate memberships retained, not corrected."
SW-001272,ZA 10b,8,23;24;25,AB076 AB002 AB027,3,False,SIGLA,CC BY-NC-SA 4.0,P-SIGLA-2026-09-27,source_defined_word,"Directly decoded from SigLA document word list; duplicate memberships retained, not corrected."
SW-001273,ZA 10b,9,26;27;28,AB003 AB057 AB027,3,False,SIGLA,CC BY-NC-SA 4.0,P-SIGLA-2026-09-27,source_defined_word,"Directly decoded from SigLA document word list; duplicate memberships retained, not corrected."
SW-001274,ZA 10b,10,29;30;31;32,AB077 AB081 AB024 AB004,4,False,SIGLA,CC BY-NC-SA 4.0,P-SIGLA-2026-09-27,source_defined_word,"Directly decoded from SigLA document word list; duplicate memberships retained, not corrected."
SW-001275,ZA 11a,0,1;2;3;4;5;6,AB007 AB007 AB070 AB060 AB013 AB066,6,False,SIGLA,CC BY-NC-SA 4.0,P-SIGLA-2026-09-27,source_defined_word,"Directly decoded from SigLA document word list; duplicate memberships retained, not corrected."
SW-001276,ZA 11a,1,9;10;11,AB060 AB080 AB041,3,False,SIGLA,CC BY-NC-SA 4.0,P-SIGLA-2026-09-27,source_defined_word,"Directly decoded from SigLA document word list; duplicate memberships retained, not corrected."
SW-001277,ZA 11a,2,12;13;14,AB038 AB081 AB026,3,False,SIGLA,CC BY-NC-SA 4.0,P-SIGLA-2026-09-27,source_defined_word,"Directly decoded from SigLA document word list; duplicate memberships retained, not corrected."
SW-001278,ZA 11a,3,18;19,AB081 AB003,2,False,SIGLA,CC BY-NC-SA 4.0,P-SIGLA-2026-09-27,source_defined_word,"Directly decoded from SigLA document word list; duplicate memberships retained, not corrected."
SW-001279,ZA 11a,4,21;22;23,AB039 A310 AB008,3,False,SIGLA,CC BY-NC-SA 4.0,P-SIGLA-2026-09-27,source_defined_word,"Directly decoded from SigLA document word list; duplicate memberships retained, not corrected."
SW-001280,ZA 11b,0,1;2;3,AB038 AB005 AB053,3,False,SIGLA,CC BY-NC-SA 4.0,P-SIGLA-2026-09-27,source_defined_word,"Directly decoded from SigLA document word list; duplicate memberships retained, not corrected."
SW-001281,ZA 11b,1,5;6;7,AB031 A301 AB053,3,False,SIGLA,CC BY-NC-SA 4.0,P-SIGLA-2026-09-27,source_defined_word,"Directly decoded from SigLA document word list; duplicate memberships retained, not corrected."
SW-001282,ZA 11b,2,10;11,AB028 AB045,2,False,SIGLA,CC BY-NC-SA 4.0,P-SIGLA-2026-09-27,source_defined_word,"Directly decoded from SigLA document word list; duplicate memberships retained, not corrected."
SW-001283,ZA 11b,3,13;14,AB081 AB003,2,False,SIGLA,CC BY-NC-SA 4.0,P-SIGLA-2026-09-27,source_defined_word,"Directly decoded from SigLA document word list; duplicate memberships retained, not corrected."
SW-001284,ZA 13,0,2;3,AB058 AB003,2,False,SIGLA,CC BY-NC-SA 4.0,P-SIGLA-2026-09-27,source_defined_word,"Directly decoded from SigLA document word list; duplicate memberships retained, not corrected."
SW-001285,ZA 14,0,1;2;3,AB013 AB067 AB007,3,False,SIGLA,CC BY-NC-SA 4.0,P-SIGLA-2026-09-27,source_defined_word,"Directly decoded from SigLA document word list; duplicate memberships retained, not corrected."
SW-001286,ZA 14,1,4;5,AB021 AB118,2,False,SIGLA,CC BY-NC-SA 4.0,P-SIGLA-2026-09-27,source_defined_word,"Directly decoded from SigLA document word list; duplicate memberships retained, not corrected."
SW-001287,ZA 14,2,6;7;8;9,AB050 AB030 AB077 A363,4,False,SIGLA,CC BY-NC-SA 4.0,P-SIGLA-2026-09-27,source_defined_word,"Directly decoded from SigLA document word list; duplicate memberships retained, not corrected."
SW-001288,ZA 14,3,10;11;12,AB016 AB037 AB065,3,False,SIGLA,CC BY-NC-SA 4.0,P-SIGLA-2026-09-27,source_defined_word,"Directly decoded from SigLA document word list; duplicate memberships retained, not corrected."
SW-001289,ZA 14,4,13;14,AB081 AB039,2,False,SIGLA,CC BY-NC-SA 4.0,P-SIGLA-2026-09-27,source_defined_word,"Directly decoded from SigLA document word list; duplicate memberships retained, not corrected."
SW-001290,ZA 14,5,15;16;17;18;19,AB069 AB073 AB037 AB017 AB009,5,False,SIGLA,CC BY-NC-SA 4.0,P-SIGLA-2026-09-27,source_defined_word,"Directly decoded from SigLA document word list; duplicate memberships retained, not corrected."
SW-001291,ZA 14,6,20;21;22,AB003 AB055 AB078,3,False,SIGLA,CC BY-NC-SA 4.0,P-SIGLA-2026-09-27,source_defined_word,"Directly decoded from SigLA document word list; duplicate memberships retained, not corrected."
SW-001292,ZA 14,7,23;24,AB057 AB040,2,False,SIGLA,CC BY-NC-SA 4.0,P-SIGLA-2026-09-27,source_defined_word,"Directly decoded from SigLA document word list; duplicate memberships retained, not corrected."
SW-001293,ZA 15a,0,1;2;3,AB047 AB081 AB006,3,False,SIGLA,CC BY-NC-SA 4.0,P-SIGLA-2026-09-27,source_defined_word,"Directly decoded from SigLA document word list; duplicate memberships retained, not corrected."
SW-001294,ZA 15a,1,6;7;8;9,AB078 AB041 AB079 AB038,4,False,SIGLA,CC BY-NC-SA 4.0,P-SIGLA-2026-09-27,source_defined_word,"Directly decoded from SigLA document word list; duplicate memberships retained, not corrected."
SW-001295,ZA 15a,2,10;11;12;13,AB028 AB037 AB030 AB031,4,False,SIGLA,CC BY-NC-SA 4.0,P-SIGLA-2026-09-27,source_defined_word,"Directly decoded from SigLA document word list; duplicate memberships retained, not corrected."
SW-001296,ZA 15a,3,15;16;17,AB073 AB017 AB009,3,False,SIGLA,CC BY-NC-SA 4.0,P-SIGLA-2026-09-27,source_defined_word,"Directly decoded from SigLA document word list; duplicate memberships retained, not corrected."
SW-001297,ZA 15a,4,18;19;20;21,AB028 AB055 AB080 AB027,4,False,SIGLA,CC BY-NC-SA 4.0,P-SIGLA-2026-09-27,source_defined_word,"Directly decoded from SigLA document word list; duplicate memberships retained, not corrected."
SW-001298,ZA 15a,5,22;24,AB041 AB067,2,False,SIGLA,CC BY-NC-SA 4.0,P-SIGLA-2026-09-27,source_defined_word,"Directly decoded from SigLA document word list; duplicate memberships retained, not corrected."
SW-001299,ZA 15a,6,25;26;27,AB057 AB031 AB023,3,False,SIGLA,CC BY-NC-SA 4.0,P-SIGLA-2026-09-27,source_defined_word,"Directly decoded from SigLA document word list; duplicate memberships retained, not corrected."
SW-001300,ZA 15a,7,28;29;30,AB073 AB001 AB038,3,False,SIGLA,CC BY-NC-SA 4.0,P-SIGLA-2026-09-27,source_defined_word,"Directly decoded from SigLA document word list; duplicate memberships retained, not corrected."
SW-001301,ZA 15a,8,31;32;33;34,A364 AB044 AB080 AB009,4,False,SIGLA,CC BY-NC-SA 4.0,P-SIGLA-2026-09-27,source_defined_word,"Directly decoded from SigLA document word list; duplicate memberships retained, not corrected."
SW-001302,ZA 15b,0,1;2,AB077 AB007,2,False,SIGLA,CC BY-NC-SA 4.0,P-SIGLA-2026-09-27,source_defined_word,"Directly decoded from SigLA document word list; duplicate memberships retained, not corrected."
SW-001303,ZA 15b,1,4;5,AB081 AB002,2,False,SIGLA,CC BY-NC-SA 4.0,P-SIGLA-2026-09-27,source_defined_word,"Directly decoded from SigLA document word list; duplicate memberships retained, not corrected."
SW-001304,ZA 16,0,2,AB041,1,False,SIGLA,CC BY-NC-SA 4.0,P-SIGLA-2026-09-27,source_defined_word,"Directly decoded from SigLA document word list; duplicate memberships retained, not corrected."
SW-001305,ZA 16,1,,,0,False,SIGLA,CC BY-NC-SA 4.0,P-SIGLA-2026-09-27,source_defined_word,"Directly decoded from SigLA document word list; duplicate memberships retained, not corrected."
SW-001306,ZA 16,2,,,0,False,SIGLA,CC BY-NC-SA 4.0,P-SIGLA-2026-09-27,source_defined_word,"Directly decoded from SigLA document word list; duplicate memberships retained, not corrected."
SW-001307,ZA 18a,0,1;2;3,AB001 AB027 AB081,3,False,SIGLA,CC BY-NC-SA 4.0,P-SIGLA-2026-09-27,source_defined_word,"Directly decoded from SigLA document word list; duplicate memberships retained, not corrected."
SW-001308,ZA 18a,1,4;5,AB081 A321,2,False,SIGLA,CC BY-NC-SA 4.0,P-SIGLA-2026-09-27,source_defined_word,"Directly decoded from SigLA document word list; duplicate memberships retained, not corrected."
SW-001309,ZA 19,0,1;2,AB060 AB004,2,False,SIGLA,CC BY-NC-SA 4.0,P-SIGLA-2026-09-27,source_defined_word,"Directly decoded from SigLA document word list; duplicate memberships retained, not corrected."
SW-001310,ZA 1a,0,2;3;4,AB067 AB027 AB017,3,False,SIGLA,CC BY-NC-SA 4.0,P-SIGLA-2026-09-27,source_defined_word,"Directly decoded from SigLA document word list; duplicate memberships retained, not corrected."
SW-001311,ZA 1b,0,1;2,AB038 AB073,2,False,SIGLA,CC BY-NC-SA 4.0,P-SIGLA-2026-09-27,source_defined_word,"Directly decoded from SigLA document word list; duplicate memberships retained, not corrected."
SW-001312,ZA 1b,1,4,AB002,1,False,SIGLA,CC BY-NC-SA 4.0,P-SIGLA-2026-09-27,source_defined_word,"Directly decoded from SigLA document word list; duplicate memberships retained, not corrected."
SW-001313,ZA 20,0,,,0,False,SIGLA,CC BY-NC-SA 4.0,P-SIGLA-2026-09-27,source_defined_word,"Directly decoded from SigLA document word list; duplicate memberships retained, not corrected."
SW-001314,ZA 20,1,2;3;4;5,AB051 AB027 AB017 AB009,4,False,SIGLA,CC BY-NC-SA 4.0,P-SIGLA-2026-09-27,source_defined_word,"Directly decoded from SigLA document word list; duplicate memberships retained, not corrected."
SW-001315,ZA 20,2,6,AB073,1,False,SIGLA,CC BY-NC-SA 4.0,P-SIGLA-2026-09-27,source_defined_word,"Directly decoded from SigLA document word list; duplicate memberships retained, not corrected."
SW-001316,ZA 20,3,9;10;11,AB041 AB004 AB069,3,False,SIGLA,CC BY-NC-SA 4.0,P-SIGLA-2026-09-27,source_defined_word,"Directly decoded from SigLA document word list; duplicate memberships retained, not corrected."
SW-001317,ZA 20,4,12;13,AB041 AB069,2,False,SIGLA,CC BY-NC-SA 4.0,P-SIGLA-2026-09-27,source_defined_word,"Directly decoded from SigLA document word list; duplicate memberships retained, not corrected."
SW-001318,ZA 20,5,14;15,AB004 AB123,2,False,SIGLA,CC BY-NC-SA 4.0,P-SIGLA-2026-09-27,source_defined_word,"Directly decoded from SigLA document word list; duplicate memberships retained, not corrected."
SW-001319,ZA 20,6,16;17;18;19,AB026 AB080 AB059 AB009,4,False,SIGLA,CC BY-NC-SA 4.0,P-SIGLA-2026-09-27,source_defined_word,"Directly decoded from SigLA document word list; duplicate memberships retained, not corrected."
SW-001320,ZA 20,7,20;21,AB081 AB060,2,False,SIGLA,CC BY-NC-SA 4.0,P-SIGLA-2026-09-27,source_defined_word,"Directly decoded from SigLA document word list; duplicate memberships retained, not corrected."
SW-001321,ZA 21a,0,2,AB013,1,False,SIGLA,CC BY-NC-SA 4.0,P-SIGLA-2026-09-27,source_defined_word,"Directly decoded from SigLA document word list; duplicate memberships retained, not corrected."
SW-001322,ZA 21a,1,3;4,AB039 AB023,2,False,SIGLA,CC BY-NC-SA 4.0,P-SIGLA-2026-09-27,source_defined_word,"Directly decoded from SigLA document word list; duplicate memberships retained, not corrected."
SW-001323,ZA 21a,2,5,AB080,1,False,SIGLA,CC BY-NC-SA 4.0,P-SIGLA-2026-09-27,source_defined_word,"Directly decoded from SigLA document word list; duplicate memberships retained, not corrected."
SW-001324,ZA 21a,3,6,AB004,1,False,SIGLA,CC BY-NC-SA 4.0,P-SIGLA-2026-09-27,source_defined_word,"Directly decoded from SigLA document word list; duplicate memberships retained, not corrected."
SW-001325,ZA 21a,4,7;8,AB059 AB044,2,False,SIGLA,CC BY-NC-SA 4.0,P-SIGLA-2026-09-27,source_defined_word,"Directly decoded from SigLA document word list; duplicate memberships retained, not corrected."
SW-001326,ZA 21a,5,9,AB003,1,False,SIGLA,CC BY-NC-SA 4.0,P-SIGLA-2026-09-27,source_defined_word,"Directly decoded from SigLA document word list; duplicate memberships retained, not corrected."
SW-001327,ZA 21a,6,10;11;12,AB059 AB080 AB039,3,False,SIGLA,CC BY-NC-SA 4.0,P-SIGLA-2026-09-27,source_defined_word,"Directly decoded from SigLA document word list; duplicate memberships retained, not corrected."
SW-001328,ZA 21a,7,13,AB008,1,False,SIGLA,CC BY-NC-SA 4.0,P-SIGLA-2026-09-27,source_defined_word,"Directly decoded from SigLA document word list; duplicate memberships retained, not corrected."
SW-001329,ZA 21a,8,14;15,AB118 AB073,2,False,SIGLA,CC BY-NC-SA 4.0,P-SIGLA-2026-09-27,source_defined_word,"Directly decoded from SigLA document word list; duplicate memberships retained, not corrected."
SW-001330,ZA 21b,0,1;2,AB028 AB001,2,False,SIGLA,CC BY-NC-SA 4.0,P-SIGLA-2026-09-27,source_defined_word,"Directly decoded from SigLA document word list; duplicate memberships retained, not corrected."
SW-001331,ZA 21b,1,3,AB067,1,False,SIGLA,CC BY-NC-SA 4.0,P-SIGLA-2026-09-27,source_defined_word,"Directly decoded from SigLA document word list; duplicate memberships retained, not corrected."
SW-001332,ZA 21b,2,4;5,AB031 AB053,2,False,SIGLA,CC BY-NC-SA 4.0,P-SIGLA-2026-09-27,source_defined_word,"Directly decoded from SigLA document word list; duplicate memberships retained, not corrected."
SW-001333,ZA 21b,3,,,0,False,SIGLA,CC BY-NC-SA 4.0,P-SIGLA-2026-09-27,source_defined_word,"Directly decoded from SigLA document word list; duplicate memberships retained, not corrected."
SW-001334,ZA 21b,4,,,0,False,SIGLA,CC BY-NC-SA 4.0,P-SIGLA-2026-09-27,source_defined_word,"Directly decoded from SigLA document word list; duplicate memberships retained, not corrected."
SW-001335,ZA 21b,5,8,AB013,1,False,SIGLA,CC BY-NC-SA 4.0,P-SIGLA-2026-09-27,source_defined_word,"Directly decoded from SigLA document word list; duplicate memberships retained, not corrected."
SW-001336,ZA 22,0,3,AB060,1,False,SIGLA,CC BY-NC-SA 4.0,P-SIGLA-2026-09-27,source_defined_word,"Directly decoded from SigLA document word list; duplicate memberships retained, not corrected."
SW-001337,ZA 22,1,5;6,AB051 AB065,2,False,SIGLA,CC BY-NC-SA 4.0,P-SIGLA-2026-09-27,source_defined_word,"Directly decoded from SigLA document word list; duplicate memberships retained, not corrected."
SW-001338,ZA 23,0,1;2,AB004 AB004,2,False,SIGLA,CC BY-NC-SA 4.0,P-SIGLA-2026-09-27,source_defined_word,"Directly decoded from SigLA document word list; duplicate memberships retained, not corrected."
SW-001339,ZA 23,1,3;4,AB073 AB027,2,False,SIGLA,CC BY-NC-SA 4.0,P-SIGLA-2026-09-27,source_defined_word,"Directly decoded from SigLA document word list; duplicate memberships retained, not corrected."
SW-001340,ZA 24a,0,1;2,AB028 AB001,2,False,SIGLA,CC BY-NC-SA 4.0,P-SIGLA-2026-09-27,source_defined_word,"Directly decoded from SigLA document word list; duplicate memberships retained, not corrected."
SW-001341,ZA 24b,0,1,AB059,1,False,SIGLA,CC BY-NC-SA 4.0,P-SIGLA-2026-09-27,source_defined_word,"Directly decoded from SigLA document word list; duplicate memberships retained, not corrected."
SW-001342,ZA 25,0,,,0,False,SIGLA,CC BY-NC-SA 4.0,P-SIGLA-2026-09-27,source_defined_word,"Directly decoded from SigLA document word list; duplicate memberships retained, not corrected."
SW-001343,ZA 26a,0,1;2,AB041 AB004,2,False,SIGLA,CC BY-NC-SA 4.0,P-SIGLA-2026-09-27,source_defined_word,"Directly decoded from SigLA document word list; duplicate memberships retained, not corrected."
SW-001344,ZA 26a,1,3;4,AB007 AB007,2,False,SIGLA,CC BY-NC-SA 4.0,P-SIGLA-2026-09-27,source_defined_word,"Directly decoded from SigLA document word list; duplicate memberships retained, not corrected."
SW-001345,ZA 26a,2,6;7,AB057 AB067,2,False,SIGLA,CC BY-NC-SA 4.0,P-SIGLA-2026-09-27,source_defined_word,"Directly decoded from SigLA document word list; duplicate memberships retained, not corrected."
SW-001346,ZA 26a,3,,,0,False,SIGLA,CC BY-NC-SA 4.0,P-SIGLA-2026-09-27,source_defined_word,"Directly decoded from SigLA document word list; duplicate memberships retained, not corrected."
SW-001347,ZA 27,0,1;2,AB007 AB067,2,False,SIGLA,CC BY-NC-SA 4.0,P-SIGLA-2026-09-27,source_defined_word,"Directly decoded from SigLA document word list; duplicate memberships retained, not corrected."
SW-001348,ZA 27,1,3;4,AB061 AB073,2,False,SIGLA,CC BY-NC-SA 4.0,P-SIGLA-2026-09-27,source_defined_word,"Directly decoded from SigLA document word list; duplicate memberships retained, not corrected."
SW-001349,ZA 29,0,1,AB080,1,False,SIGLA,CC BY-NC-SA 4.0,P-SIGLA-2026-09-27,source_defined_word,"Directly decoded from SigLA document word list; duplicate memberships retained, not corrected."
SW-001350,ZA 29,1,2,AB004,1,False,SIGLA,CC BY-NC-SA 4.0,P-SIGLA-2026-09-27,source_defined_word,"Directly decoded from SigLA document word list; duplicate memberships retained, not corrected."
SW-001351,ZA 31,0,1,AB051,1,False,SIGLA,CC BY-NC-SA 4.0,P-SIGLA-2026-09-27,source_defined_word,"Directly decoded from SigLA document word list; duplicate memberships retained, not corrected."
SW-001352,ZA 32,0,1,AB057,1,False,SIGLA,CC BY-NC-SA 4.0,P-SIGLA-2026-09-27,source_defined_word,"Directly decoded from SigLA document word list; duplicate memberships retained, not corrected."
SW-001353,ZA 4a,0,2;4,AB039 AB009,2,False,SIGLA,CC BY-NC-SA 4.0,P-SIGLA-2026-09-27,source_defined_word,"Directly decoded from SigLA document word list; duplicate memberships retained, not corrected."
SW-001354,ZA 4a,1,5;6;7,AB057 AB005 AB057,3,False,SIGLA,CC BY-NC-SA 4.0,P-SIGLA-2026-09-27,source_defined_word,"Directly decoded from SigLA document word list; duplicate memberships retained, not corrected."
SW-001355,ZA 4a,2,8;9;10,AB008 AB037 AB026,3,False,SIGLA,CC BY-NC-SA 4.0,P-SIGLA-2026-09-27,source_defined_word,"Directly decoded from SigLA document word list; duplicate memberships retained, not corrected."
SW-001356,ZA 4a,3,11;12,AB057 AB003,2,False,SIGLA,CC BY-NC-SA 4.0,P-SIGLA-2026-09-27,source_defined_word,"Directly decoded from SigLA document word list; duplicate memberships retained, not corrected."
SW-001357,ZA 4a,4,13;14;15,AB069 AB013 AB009,3,False,SIGLA,CC BY-NC-SA 4.0,P-SIGLA-2026-09-27,source_defined_word,"Directly decoded from SigLA document word list; duplicate memberships retained, not corrected."
SW-001358,ZA 4a,5,16;17;18;19,AB078 AB041 AB079 AB038,4,False,SIGLA,CC BY-NC-SA 4.0,P-SIGLA-2026-09-27,source_defined_word,"Directly decoded from SigLA document word list; duplicate memberships retained, not corrected."
SW-001359,ZA 4a,6,20;21;22;23,AB028 AB055 AB080 AB027,4,False,SIGLA,CC BY-NC-SA 4.0,P-SIGLA-2026-09-27,source_defined_word,"Directly decoded from SigLA document word list; duplicate memberships retained, not corrected."
SW-001360,ZA 4a,7,24;25;26,AB041 AB039 AB067,3,False,SIGLA,CC BY-NC-SA 4.0,P-SIGLA-2026-09-27,source_defined_word,"Directly decoded from SigLA document word list; duplicate memberships retained, not corrected."
SW-001361,ZA 4a,8,27;28,AB038 AB082,2,False,SIGLA,CC BY-NC-SA 4.0,P-SIGLA-2026-09-27,source_defined_word,"Directly decoded from SigLA document word list; duplicate memberships retained, not corrected."
SW-001362,ZA 4a,9,29;30,AB077 AB007,2,False,SIGLA,CC BY-NC-SA 4.0,P-SIGLA-2026-09-27,source_defined_word,"Directly decoded from SigLA document word list; duplicate memberships retained, not corrected."
SW-001363,ZA 5a,0,1;2,AB021 AB118,2,False,SIGLA,CC BY-NC-SA 4.0,P-SIGLA-2026-09-27,source_defined_word,"Directly decoded from SigLA document word list; duplicate memberships retained, not corrected."
SW-001364,ZA 5a,1,4;5;6,AB067 AB030 AB080,3,False,SIGLA,CC BY-NC-SA 4.0,P-SIGLA-2026-09-27,source_defined_word,"Directly decoded from SigLA document word list; duplicate memberships retained, not corrected."
SW-001365,ZA 5a,2,7;8;9;10;11,AB061 AB059 AB030 AB017 AB009,5,False,SIGLA,CC BY-NC-SA 4.0,P-SIGLA-2026-09-27,source_defined_word,"Directly decoded from SigLA document word list; duplicate memberships retained, not corrected."
SW-001366,ZA 5a,3,12;13;14;15,AB031 AB073 AB001 AB038,4,False,SIGLA,CC BY-NC-SA 4.0,P-SIGLA-2026-09-27,source_defined_word,"Directly decoded from SigLA document word list; duplicate memberships retained, not corrected."
SW-001367,ZA 5b,0,1;2;3;4,AB028 AB055 AB080 AB027,4,False,SIGLA,CC BY-NC-SA 4.0,P-SIGLA-2026-09-27,source_defined_word,"Directly decoded from SigLA document word list; duplicate memberships retained, not corrected."
SW-001368,ZA 5b,1,5;6;7,AB041 AB039 AB067,3,False,SIGLA,CC BY-NC-SA 4.0,P-SIGLA-2026-09-27,source_defined_word,"Directly decoded from SigLA document word list; duplicate memberships retained, not corrected."
SW-001369,ZA 5b,2,8;9;10;11,AB080 AB077 AB028 AB059,4,False,SIGLA,CC BY-NC-SA 4.0,P-SIGLA-2026-09-27,source_defined_word,"Directly decoded from SigLA document word list; duplicate memberships retained, not corrected."
SW-001370,ZA 6a,0,1;2;3,A305 AB054 AB006,3,False,SIGLA,CC BY-NC-SA 4.0,P-SIGLA-2026-09-27,source_defined_word,"Directly decoded from SigLA document word list; duplicate memberships retained, not corrected."
SW-001371,ZA 6a,1,5;6;7;8,AB034 AB065 AB004 AB073,4,False,SIGLA,CC BY-NC-SA 4.0,P-SIGLA-2026-09-27,source_defined_word,"Directly decoded from SigLA document word list; duplicate memberships retained, not corrected."
SW-001372,ZA 6a,2,9;10,AB028 AB009,2,False,SIGLA,CC BY-NC-SA 4.0,P-SIGLA-2026-09-27,source_defined_word,"Directly decoded from SigLA document word list; duplicate memberships retained, not corrected."
SW-001373,ZA 6a,3,13,AB028,1,False,SIGLA,CC BY-NC-SA 4.0,P-SIGLA-2026-09-27,source_defined_word,"Directly decoded from SigLA document word list; duplicate memberships retained, not corrected."
SW-001374,ZA 6a,4,14;15,AB029 AB076,2,False,SIGLA,CC BY-NC-SA 4.0,P-SIGLA-2026-09-27,source_defined_word,"Directly decoded from SigLA document word list; duplicate memberships retained, not corrected."
SW-001375,ZA 6a,5,19;20,AB028 AB009,2,False,SIGLA,CC BY-NC-SA 4.0,P-SIGLA-2026-09-27,source_defined_word,"Directly decoded from SigLA document word list; duplicate memberships retained, not corrected."
SW-001376,ZA 6b,0,1;2;3;4;5,AB028 AB081 AB065 AB037 AB028,5,False,SIGLA,CC BY-NC-SA 4.0,P-SIGLA-2026-09-27,source_defined_word,"Directly decoded from SigLA document word list; duplicate memberships retained, not corrected."
SW-001377,ZA 6b,1,9;10,A312 AB066,2,False,SIGLA,CC BY-NC-SA 4.0,P-SIGLA-2026-09-27,source_defined_word,"Directly decoded from SigLA document word list; duplicate memberships retained, not corrected."
SW-001378,ZA 6b,2,12;13,AB003 AB017,2,False,SIGLA,CC BY-NC-SA 4.0,P-SIGLA-2026-09-27,source_defined_word,"Directly decoded from SigLA document word list; duplicate memberships retained, not corrected."
SW-001379,ZA 6b,3,14;15,AB028 AB080,2,False,SIGLA,CC BY-NC-SA 4.0,P-SIGLA-2026-09-27,source_defined_word,"Directly decoded from SigLA document word list; duplicate memberships retained, not corrected."
SW-001380,ZA 7a,0,1;2,AB010 AB065,2,False,SIGLA,CC BY-NC-SA 4.0,P-SIGLA-2026-09-27,source_defined_word,"Directly decoded from SigLA document word list; duplicate memberships retained, not corrected."
SW-001381,ZA 7a,1,3;4;5,AB008 AB060 AB069,3,False,SIGLA,CC BY-NC-SA 4.0,P-SIGLA-2026-09-27,source_defined_word,"Directly decoded from SigLA document word list; duplicate memberships retained, not corrected."
SW-001382,ZA 7a,2,6;7;8;9,AB008 AB027 AB069 AB073,4,False,SIGLA,CC BY-NC-SA 4.0,P-SIGLA-2026-09-27,source_defined_word,"Directly decoded from SigLA document word list; duplicate memberships retained, not corrected."
SW-001383,ZA 7b,0,1;2,AB008 AB080,2,False,SIGLA,CC BY-NC-SA 4.0,P-SIGLA-2026-09-27,source_defined_word,"Directly decoded from SigLA document word list; duplicate memberships retained, not corrected."
SW-001384,ZA 8,0,1;2,AB067 AB060,2,False,SIGLA,CC BY-NC-SA 4.0,P-SIGLA-2026-09-27,source_defined_word,"Directly decoded from SigLA document word list; duplicate memberships retained, not corrected."
SW-001385,ZA 8,1,3;4;5,AB008 AB059 AB027,3,False,SIGLA,CC BY-NC-SA 4.0,P-SIGLA-2026-09-27,source_defined_word,"Directly decoded from SigLA document word list; duplicate memberships retained, not corrected."
SW-001386,ZA 8,2,7;8;9;10,AB081 AB069 AB070 AB027,4,False,SIGLA,CC BY-NC-SA 4.0,P-SIGLA-2026-09-27,source_defined_word,"Directly decoded from SigLA document word list; duplicate memberships retained, not corrected."
SW-001387,ZA 8,3,11;12;13;14,AB008 AB053 AB030 AB059,4,False,SIGLA,CC BY-NC-SA 4.0,P-SIGLA-2026-09-27,source_defined_word,"Directly decoded from SigLA document word list; duplicate memberships retained, not corrected."
SW-001388,ZA 8,4,15;16;17;18;19,AB059 AB028 AB055 AB080 AB003,5,False,SIGLA,CC BY-NC-SA 4.0,P-SIGLA-2026-09-27,source_defined_word,"Directly decoded from SigLA document word list; duplicate memberships retained, not corrected."
SW-001389,ZA 8,5,20;21;22;23,AB080 AB077 AB028 AB009,4,False,SIGLA,CC BY-NC-SA 4.0,P-SIGLA-2026-09-27,source_defined_word,"Directly decoded from SigLA document word list; duplicate memberships retained, not corrected."
SW-001390,ZA 8,6,24;25;26;27,AB001 AB028 AB039 AB059,4,False,SIGLA,CC BY-NC-SA 4.0,P-SIGLA-2026-09-27,source_defined_word,"Directly decoded from SigLA document word list; duplicate memberships retained, not corrected."
SW-001391,ZA 8,7,28;29;30,AB077 AB028 AB002,3,False,SIGLA,CC BY-NC-SA 4.0,P-SIGLA-2026-09-27,source_defined_word,"Directly decoded from SigLA document word list; duplicate memberships retained, not corrected."
SW-001392,ZA 9,0,2;3,AB055 AB037,2,False,SIGLA,CC BY-NC-SA 4.0,P-SIGLA-2026-09-27,source_defined_word,"Directly decoded from SigLA document word list; duplicate memberships retained, not corrected."
SW-001393,ZA 9,1,4,AB017,1,False,SIGLA,CC BY-NC-SA 4.0,P-SIGLA-2026-09-27,source_defined_word,"Directly decoded from SigLA document word list; duplicate memberships retained, not corrected."
SW-001394,ZA 9,2,7,AB060,1,False,SIGLA,CC BY-NC-SA 4.0,P-SIGLA-2026-09-27,source_defined_word,"Directly decoded from SigLA document word list; duplicate memberships retained, not corrected."
SW-001395,ZA 9,3,,,0,False,SIGLA,CC BY-NC-SA 4.0,P-SIGLA-2026-09-27,source_defined_word,"Directly decoded from SigLA document word list; duplicate memberships retained, not corrected."
SW-001396,ZA 9,4,10;11;12,AB002 AB041 AB060,3,False,SIGLA,CC BY-NC-SA 4.0,P-SIGLA-2026-09-27,source_defined_word,"Directly decoded from SigLA document word list; duplicate memberships retained, not corrected."
SW-001397,ZA 9,5,14;15;16,AB008 AB059 AB006,3,False,SIGLA,CC BY-NC-SA 4.0,P-SIGLA-2026-09-27,source_defined_word,"Directly decoded from SigLA document word list; duplicate memberships retained, not corrected."
SW-001398,ZA 9,6,20;21,AB080 AB065,2,False,SIGLA,CC BY-NC-SA 4.0,P-SIGLA-2026-09-27,source_defined_word,"Directly decoded from SigLA document word list; duplicate memberships retained, not corrected."
SW-001399,ZA 9,7,23;24;25;26;27,AB040 AB060 AB027 AB073 AB004,5,False,SIGLA,CC BY-NC-SA 4.0,P-SIGLA-2026-09-27,source_defined_word,"Directly decoded from SigLA document word list; duplicate memberships retained, not corrected."
SW-001400,ZA Wc 2,0,1;2;3,AB008 AB037 AB077,3,False,SIGLA,CC BY-NC-SA 4.0,P-SIGLA-2026-09-27,source_defined_word,"Directly decoded from SigLA document word list; duplicate memberships retained, not corrected."
SW-001401,ZA Wc 2,1,4;5;6;7,AB008 AB051 AB070 AB073,4,False,SIGLA,CC BY-NC-SA 4.0,P-SIGLA-2026-09-27,source_defined_word,"Directly decoded from SigLA document word list; duplicate memberships retained, not corrected."
