unit_id,document_id,unit_type,unit_index,start_occurrence,end_occurrence,member_occurrence_ids,boundary_basis,boundary_certainty,source_id,source_record,source_license,provenance_id,status,notes
SW-000001,ARKH 1a,source_word,0,1,2,1;2,SigLA explicit Word object/list,source_explicit,SIGLA,document word list,CC BY-NC-SA 4.0,P-SIGLA-2026-09-27,source_defined,No f3 inference used.
SW-000002,ARKH 1a,source_word,1,4,4,4,SigLA explicit Word object/list,source_explicit,SIGLA,document word list,CC BY-NC-SA 4.0,P-SIGLA-2026-09-27,source_defined,No f3 inference used.
SW-000003,ARKH 1a,source_word,2,5,6,5;6,SigLA explicit Word object/list,source_explicit,SIGLA,document word list,CC BY-NC-SA 4.0,P-SIGLA-2026-09-27,source_defined,No f3 inference used.
SW-000004,ARKH 1a,source_word,3,7,10,7;8;9;10,SigLA explicit Word object/list,source_explicit,SIGLA,document word list,CC BY-NC-SA 4.0,P-SIGLA-2026-09-27,source_defined,No f3 inference used.
SW-000005,ARKH 1a,source_word,4,12,13,12;13,SigLA explicit Word object/list,source_explicit,SIGLA,document word list,CC BY-NC-SA 4.0,P-SIGLA-2026-09-27,source_defined,No f3 inference used.
SW-000006,ARKH 1a,source_word,5,15,18,15;16;17;18,SigLA explicit Word object/list,source_explicit,SIGLA,document word list,CC BY-NC-SA 4.0,P-SIGLA-2026-09-27,source_defined,No f3 inference used.
SW-000007,ARKH 1b,source_word,0,1,1,1,SigLA explicit Word object/list,source_explicit,SIGLA,document word list,CC BY-NC-SA 4.0,P-SIGLA-2026-09-27,source_defined,No f3 inference used.
SW-000008,ARKH 1b,source_word,1,2,3,2;3,SigLA explicit Word object/list,source_explicit,SIGLA,document word list,CC BY-NC-SA 4.0,P-SIGLA-2026-09-27,source_defined,No f3 inference used.
SW-000009,ARKH 1b,source_word,2,4,4,4,SigLA explicit Word object/list,source_explicit,SIGLA,document word list,CC BY-NC-SA 4.0,P-SIGLA-2026-09-27,source_defined,No f3 inference used.
SW-000010,ARKH 1b,source_word,3,5,5,5,SigLA explicit Word object/list,source_explicit,SIGLA,document word list,CC BY-NC-SA 4.0,P-SIGLA-2026-09-27,source_defined,No f3 inference used.
SW-000011,ARKH 2,source_word,0,1,3,1;2;3,SigLA explicit Word object/list,source_explicit,SIGLA,document word list,CC BY-NC-SA 4.0,P-SIGLA-2026-09-27,source_defined,No f3 inference used.
SW-000012,ARKH 2,source_word,1,4,6,4;5;6,SigLA explicit Word object/list,source_explicit,SIGLA,document word list,CC BY-NC-SA 4.0,P-SIGLA-2026-09-27,source_defined,No f3 inference used.
SW-000013,ARKH 2,source_word,2,7,11,7;8;9;10;11,SigLA explicit Word object/list,source_explicit,SIGLA,document word list,CC BY-NC-SA 4.0,P-SIGLA-2026-09-27,source_defined,No f3 inference used.
SW-000014,ARKH 2,source_word,3,12,17,12;13;14;15;16;17,SigLA explicit Word object/list,source_explicit,SIGLA,document word list,CC BY-NC-SA 4.0,P-SIGLA-2026-09-27,source_defined,No f3 inference used.
SW-000015,ARKH 2,source_word,4,18,21,18;19;20;21,SigLA explicit Word object/list,source_explicit,SIGLA,document word list,CC BY-NC-SA 4.0,P-SIGLA-2026-09-27,source_defined,No f3 inference used.
SW-000016,ARKH 2,source_word,5,22,23,22;23,SigLA explicit Word object/list,source_explicit,SIGLA,document word list,CC BY-NC-SA 4.0,P-SIGLA-2026-09-27,source_defined,No f3 inference used.
SW-000017,ARKH 3a,source_word,0,1,2,1;2,SigLA explicit Word object/list,source_explicit,SIGLA,document word list,CC BY-NC-SA 4.0,P-SIGLA-2026-09-27,source_defined,No f3 inference used.
SW-000018,ARKH 3a,source_word,1,7,8,7;8,SigLA explicit Word object/list,source_explicit,SIGLA,document word list,CC BY-NC-SA 4.0,P-SIGLA-2026-09-27,source_defined,No f3 inference used.
SW-000019,ARKH 3a,source_word,2,12,12,12,SigLA explicit Word object/list,source_explicit,SIGLA,document word list,CC BY-NC-SA 4.0,P-SIGLA-2026-09-27,source_defined,No f3 inference used.
SW-000020,ARKH 3b,source_word,0,2,3,2;3,SigLA explicit Word object/list,source_explicit,SIGLA,document word list,CC BY-NC-SA 4.0,P-SIGLA-2026-09-27,source_defined,No f3 inference used.
SW-000021,ARKH 3b,source_word,1,5,6,5;6,SigLA explicit Word object/list,source_explicit,SIGLA,document word list,CC BY-NC-SA 4.0,P-SIGLA-2026-09-27,source_defined,No f3 inference used.
SW-000022,ARKH 4a,source_word,0,2,3,2;3,SigLA explicit Word object/list,source_explicit,SIGLA,document word list,CC BY-NC-SA 4.0,P-SIGLA-2026-09-27,source_defined,No f3 inference used.
SW-000023,ARKH 4a,source_word,1,4,4,4,SigLA explicit Word object/list,source_explicit,SIGLA,document word list,CC BY-NC-SA 4.0,P-SIGLA-2026-09-27,source_defined,No f3 inference used.
SW-000024,ARKH 4a,source_word,2,6,9,6;9,SigLA explicit Word object/list,source_explicit,SIGLA,document word list,CC BY-NC-SA 4.0,P-SIGLA-2026-09-27,source_defined,No f3 inference used.
SW-000025,ARKH 4a,source_word,3,10,14,10;11;13;14,SigLA explicit Word object/list,source_explicit,SIGLA,document word list,CC BY-NC-SA 4.0,P-SIGLA-2026-09-27,source_defined,No f3 inference used.
SW-000026,ARKH 4a,source_word,4,15,18,15;16;17;18,SigLA explicit Word object/list,source_explicit,SIGLA,document word list,CC BY-NC-SA 4.0,P-SIGLA-2026-09-27,source_defined,No f3 inference used.
SW-000027,ARKH 4b,source_word,0,2,2,2,SigLA explicit Word object/list,source_explicit,SIGLA,document word list,CC BY-NC-SA 4.0,P-SIGLA-2026-09-27,source_defined,No f3 inference used.
SW-000028,ARKH 4b,source_word,1,3,3,3,SigLA explicit Word object/list,source_explicit,SIGLA,document word list,CC BY-NC-SA 4.0,P-SIGLA-2026-09-27,source_defined,No f3 inference used.
SW-000029,ARKH 4b,source_word,2,4,5,4;5,SigLA explicit Word object/list,source_explicit,SIGLA,document word list,CC BY-NC-SA 4.0,P-SIGLA-2026-09-27,source_defined,No f3 inference used.
SW-000030,ARKH 4b,source_word,3,6,7,6;7,SigLA explicit Word object/list,source_explicit,SIGLA,document word list,CC BY-NC-SA 4.0,P-SIGLA-2026-09-27,source_defined,No f3 inference used.
SW-000031,ARKH 4b,source_word,4,8,10,8;9;10,SigLA explicit Word object/list,source_explicit,SIGLA,document word list,CC BY-NC-SA 4.0,P-SIGLA-2026-09-27,source_defined,No f3 inference used.
SW-000032,ARKH 4b,source_word,5,11,13,11;12;13,SigLA explicit Word object/list,source_explicit,SIGLA,document word list,CC BY-NC-SA 4.0,P-SIGLA-2026-09-27,source_defined,No f3 inference used.
SW-000033,ARKH 5,source_word,0,1,5,1;2;3;4;5,SigLA explicit Word object/list,source_explicit,SIGLA,document word list,CC BY-NC-SA 4.0,P-SIGLA-2026-09-27,source_defined,No f3 inference used.
SW-000034,ARKH 5,source_word,1,6,8,6;7;8,SigLA explicit Word object/list,source_explicit,SIGLA,document word list,CC BY-NC-SA 4.0,P-SIGLA-2026-09-27,source_defined,No f3 inference used.
SW-000035,ARKH 5,source_word,2,11,11,11,SigLA explicit Word object/list,source_explicit,SIGLA,document word list,CC BY-NC-SA 4.0,P-SIGLA-2026-09-27,source_defined,No f3 inference used.
SW-000036,ARKH 6,source_word,0,1,3,1;2;3,SigLA explicit Word object/list,source_explicit,SIGLA,document word list,CC BY-NC-SA 4.0,P-SIGLA-2026-09-27,source_defined,No f3 inference used.
SW-000037,ARKH 6,source_word,1,4,4,4,SigLA explicit Word object/list,source_explicit,SIGLA,document word list,CC BY-NC-SA 4.0,P-SIGLA-2026-09-27,source_defined,No f3 inference used.
SW-000038,ARKH 6,source_word,2,6,6,6,SigLA explicit Word object/list,source_explicit,SIGLA,document word list,CC BY-NC-SA 4.0,P-SIGLA-2026-09-27,source_defined,No f3 inference used.
SW-000039,ARKH 7,source_word,0,,,,SigLA explicit Word object/list,source_explicit,SIGLA,document word list,CC BY-NC-SA 4.0,P-SIGLA-2026-09-27,source_defined,No f3 inference used.
SW-000040,GO 2a,source_word,0,1,1,1,SigLA explicit Word object/list,source_explicit,SIGLA,document word list,CC BY-NC-SA 4.0,P-SIGLA-2026-09-27,source_defined,No f3 inference used.
SW-000041,GO 2a,source_word,1,3,3,3,SigLA explicit Word object/list,source_explicit,SIGLA,document word list,CC BY-NC-SA 4.0,P-SIGLA-2026-09-27,source_defined,No f3 inference used.
SW-000042,GO 2a,source_word,2,5,6,5;6,SigLA explicit Word object/list,source_explicit,SIGLA,document word list,CC BY-NC-SA 4.0,P-SIGLA-2026-09-27,source_defined,No f3 inference used.
SW-000043,GO 2a,source_word,3,7,9,7;8;9,SigLA explicit Word object/list,source_explicit,SIGLA,document word list,CC BY-NC-SA 4.0,P-SIGLA-2026-09-27,source_defined,No f3 inference used.
SW-000044,GO 2a,source_word,4,11,12,11;12,SigLA explicit Word object/list,source_explicit,SIGLA,document word list,CC BY-NC-SA 4.0,P-SIGLA-2026-09-27,source_defined,No f3 inference used.
SW-000045,GO 2b,source_word,0,,,,SigLA explicit Word object/list,source_explicit,SIGLA,document word list,CC BY-NC-SA 4.0,P-SIGLA-2026-09-27,source_defined,No f3 inference used.
SW-000046,GO 2b,source_word,1,3,3,3,SigLA explicit Word object/list,source_explicit,SIGLA,document word list,CC BY-NC-SA 4.0,P-SIGLA-2026-09-27,source_defined,No f3 inference used.
SW-000047,GO 2b,source_word,2,4,4,4,SigLA explicit Word object/list,source_explicit,SIGLA,document word list,CC BY-NC-SA 4.0,P-SIGLA-2026-09-27,source_defined,No f3 inference used.
SW-000048,GO 2b,source_word,3,,,,SigLA explicit Word object/list,source_explicit,SIGLA,document word list,CC BY-NC-SA 4.0,P-SIGLA-2026-09-27,source_defined,No f3 inference used.
SW-000049,GO 2b,source_word,4,6,7,6;7,SigLA explicit Word object/list,source_explicit,SIGLA,document word list,CC BY-NC-SA 4.0,P-SIGLA-2026-09-27,source_defined,No f3 inference used.
SW-000050,GO Wc 1a,source_word,0,1,6,1;2;3;4;5;6,SigLA explicit Word object/list,source_explicit,SIGLA,document word list,CC BY-NC-SA 4.0,P-SIGLA-2026-09-27,source_defined,No f3 inference used.
SW-000051,HS Zg 1,source_word,0,1,2,1;2,SigLA explicit Word object/list,source_explicit,SIGLA,document word list,CC BY-NC-SA 4.0,P-SIGLA-2026-09-27,source_defined,No f3 inference used.
SW-000052,HT 1,source_word,0,1,3,1;2;3,SigLA explicit Word object/list,source_explicit,SIGLA,document word list,CC BY-NC-SA 4.0,P-SIGLA-2026-09-27,source_defined,No f3 inference used.
SW-000053,HT 1,source_word,1,4,5,4;5,SigLA explicit Word object/list,source_explicit,SIGLA,document word list,CC BY-NC-SA 4.0,P-SIGLA-2026-09-27,source_defined,No f3 inference used.
SW-000054,HT 1,source_word,2,6,7,6;7,SigLA explicit Word object/list,source_explicit,SIGLA,document word list,CC BY-NC-SA 4.0,P-SIGLA-2026-09-27,source_defined,No f3 inference used.
SW-000055,HT 1,source_word,3,8,11,8;9;10;11,SigLA explicit Word object/list,source_explicit,SIGLA,document word list,CC BY-NC-SA 4.0,P-SIGLA-2026-09-27,source_defined,No f3 inference used.
SW-000056,HT 1,source_word,4,12,14,12;13;14,SigLA explicit Word object/list,source_explicit,SIGLA,document word list,CC BY-NC-SA 4.0,P-SIGLA-2026-09-27,source_defined,No f3 inference used.
SW-000057,HT 1,source_word,5,15,18,15;16;17;18,SigLA explicit Word object/list,source_explicit,SIGLA,document word list,CC BY-NC-SA 4.0,P-SIGLA-2026-09-27,source_defined,No f3 inference used.
SW-000058,HT 100,source_word,0,7,8,7;8,SigLA explicit Word object/list,source_explicit,SIGLA,document word list,CC BY-NC-SA 4.0,P-SIGLA-2026-09-27,source_defined,No f3 inference used.
SW-000059,HT 100,source_word,1,9,10,9;10,SigLA explicit Word object/list,source_explicit,SIGLA,document word list,CC BY-NC-SA 4.0,P-SIGLA-2026-09-27,source_defined,No f3 inference used.
SW-000060,HT 101,source_word,0,1,3,1;2;3,SigLA explicit Word object/list,source_explicit,SIGLA,document word list,CC BY-NC-SA 4.0,P-SIGLA-2026-09-27,source_defined,No f3 inference used.
SW-000061,HT 101,source_word,1,8,9,8;9,SigLA explicit Word object/list,source_explicit,SIGLA,document word list,CC BY-NC-SA 4.0,P-SIGLA-2026-09-27,source_defined,No f3 inference used.
SW-000062,HT 101,source_word,2,15,15,15,SigLA explicit Word object/list,source_explicit,SIGLA,document word list,CC BY-NC-SA 4.0,P-SIGLA-2026-09-27,source_defined,No f3 inference used.
SW-000063,HT 101,source_word,3,16,16,16,SigLA explicit Word object/list,source_explicit,SIGLA,document word list,CC BY-NC-SA 4.0,P-SIGLA-2026-09-27,source_defined,No f3 inference used.
SW-000064,HT 102,source_word,0,1,2,1;2,SigLA explicit Word object/list,source_explicit,SIGLA,document word list,CC BY-NC-SA 4.0,P-SIGLA-2026-09-27,source_defined,No f3 inference used.
SW-000065,HT 102,source_word,1,3,4,3;4,SigLA explicit Word object/list,source_explicit,SIGLA,document word list,CC BY-NC-SA 4.0,P-SIGLA-2026-09-27,source_defined,No f3 inference used.
SW-000066,HT 102,source_word,2,6,7,6;7,SigLA explicit Word object/list,source_explicit,SIGLA,document word list,CC BY-NC-SA 4.0,P-SIGLA-2026-09-27,source_defined,No f3 inference used.
SW-000067,HT 102,source_word,3,13,15,13;14;15,SigLA explicit Word object/list,source_explicit,SIGLA,document word list,CC BY-NC-SA 4.0,P-SIGLA-2026-09-27,source_defined,No f3 inference used.
SW-000068,HT 102,source_word,4,16,17,16;17,SigLA explicit Word object/list,source_explicit,SIGLA,document word list,CC BY-NC-SA 4.0,P-SIGLA-2026-09-27,source_defined,No f3 inference used.
SW-000069,HT 102,source_word,5,19,20,19;20,SigLA explicit Word object/list,source_explicit,SIGLA,document word list,CC BY-NC-SA 4.0,P-SIGLA-2026-09-27,source_defined,No f3 inference used.
SW-000070,HT 102,source_word,6,21,22,21;22,SigLA explicit Word object/list,source_explicit,SIGLA,document word list,CC BY-NC-SA 4.0,P-SIGLA-2026-09-27,source_defined,No f3 inference used.
SW-000071,HT 103,source_word,0,1,2,1;2,SigLA explicit Word object/list,source_explicit,SIGLA,document word list,CC BY-NC-SA 4.0,P-SIGLA-2026-09-27,source_defined,No f3 inference used.
SW-000072,HT 103,source_word,1,4,8,4;5;6;7;8,SigLA explicit Word object/list,source_explicit,SIGLA,document word list,CC BY-NC-SA 4.0,P-SIGLA-2026-09-27,source_defined,No f3 inference used.
SW-000073,HT 103,source_word,2,11,13,11;12;13,SigLA explicit Word object/list,source_explicit,SIGLA,document word list,CC BY-NC-SA 4.0,P-SIGLA-2026-09-27,source_defined,No f3 inference used.
SW-000074,HT 103,source_word,3,14,17,14;15;16;17,SigLA explicit Word object/list,source_explicit,SIGLA,document word list,CC BY-NC-SA 4.0,P-SIGLA-2026-09-27,source_defined,No f3 inference used.
SW-000075,HT 103,source_word,4,18,19,18;19,SigLA explicit Word object/list,source_explicit,SIGLA,document word list,CC BY-NC-SA 4.0,P-SIGLA-2026-09-27,source_defined,No f3 inference used.
SW-000076,HT 104,source_word,0,1,2,1;2,SigLA explicit Word object/list,source_explicit,SIGLA,document word list,CC BY-NC-SA 4.0,P-SIGLA-2026-09-27,source_defined,No f3 inference used.
SW-000077,HT 104,source_word,1,4,8,4;5;6;7;8,SigLA explicit Word object/list,source_explicit,SIGLA,document word list,CC BY-NC-SA 4.0,P-SIGLA-2026-09-27,source_defined,No f3 inference used.
SW-000078,HT 104,source_word,2,10,12,10;11;12,SigLA explicit Word object/list,source_explicit,SIGLA,document word list,CC BY-NC-SA 4.0,P-SIGLA-2026-09-27,source_defined,No f3 inference used.
SW-000079,HT 104,source_word,3,14,17,14;15;16;17,SigLA explicit Word object/list,source_explicit,SIGLA,document word list,CC BY-NC-SA 4.0,P-SIGLA-2026-09-27,source_defined,No f3 inference used.
SW-000080,HT 104,source_word,4,18,19,18;19,SigLA explicit Word object/list,source_explicit,SIGLA,document word list,CC BY-NC-SA 4.0,P-SIGLA-2026-09-27,source_defined,No f3 inference used.
SW-000081,HT 108,source_word,0,1,4,1;2;3;4,SigLA explicit Word object/list,source_explicit,SIGLA,document word list,CC BY-NC-SA 4.0,P-SIGLA-2026-09-27,source_defined,No f3 inference used.
SW-000082,HT 108,source_word,1,7,9,7;8;9,SigLA explicit Word object/list,source_explicit,SIGLA,document word list,CC BY-NC-SA 4.0,P-SIGLA-2026-09-27,source_defined,No f3 inference used.
SW-000083,HT 108,source_word,2,10,12,10;11;12,SigLA explicit Word object/list,source_explicit,SIGLA,document word list,CC BY-NC-SA 4.0,P-SIGLA-2026-09-27,source_defined,No f3 inference used.
SW-000084,HT 108,source_word,3,14,16,14;15;16,SigLA explicit Word object/list,source_explicit,SIGLA,document word list,CC BY-NC-SA 4.0,P-SIGLA-2026-09-27,source_defined,No f3 inference used.
SW-000085,HT 109,source_word,0,1,1,1,SigLA explicit Word object/list,source_explicit,SIGLA,document word list,CC BY-NC-SA 4.0,P-SIGLA-2026-09-27,source_defined,No f3 inference used.
SW-000086,HT 109,source_word,1,,,,SigLA explicit Word object/list,source_explicit,SIGLA,document word list,CC BY-NC-SA 4.0,P-SIGLA-2026-09-27,source_defined,No f3 inference used.
SW-000087,HT 109,source_word,2,3,3,3,SigLA explicit Word object/list,source_explicit,SIGLA,document word list,CC BY-NC-SA 4.0,P-SIGLA-2026-09-27,source_defined,No f3 inference used.
SW-000088,HT 109,source_word,3,4,5,4;5,SigLA explicit Word object/list,source_explicit,SIGLA,document word list,CC BY-NC-SA 4.0,P-SIGLA-2026-09-27,source_defined,No f3 inference used.
SW-000089,HT 109,source_word,4,6,8,6;7;8,SigLA explicit Word object/list,source_explicit,SIGLA,document word list,CC BY-NC-SA 4.0,P-SIGLA-2026-09-27,source_defined,No f3 inference used.
SW-000090,HT 10a,source_word,0,1,3,1;2;3,SigLA explicit Word object/list,source_explicit,SIGLA,document word list,CC BY-NC-SA 4.0,P-SIGLA-2026-09-27,source_defined,No f3 inference used.
SW-000091,HT 10a,source_word,1,4,5,4;5,SigLA explicit Word object/list,source_explicit,SIGLA,document word list,CC BY-NC-SA 4.0,P-SIGLA-2026-09-27,source_defined,No f3 inference used.
SW-000092,HT 10a,source_word,2,7,8,7;8,SigLA explicit Word object/list,source_explicit,SIGLA,document word list,CC BY-NC-SA 4.0,P-SIGLA-2026-09-27,source_defined,No f3 inference used.
SW-000093,HT 10a,source_word,3,10,12,10;11;12,SigLA explicit Word object/list,source_explicit,SIGLA,document word list,CC BY-NC-SA 4.0,P-SIGLA-2026-09-27,source_defined,No f3 inference used.
SW-000094,HT 10a,source_word,4,15,17,15;16;17,SigLA explicit Word object/list,source_explicit,SIGLA,document word list,CC BY-NC-SA 4.0,P-SIGLA-2026-09-27,source_defined,No f3 inference used.
SW-000095,HT 10a,source_word,5,19,20,19;20,SigLA explicit Word object/list,source_explicit,SIGLA,document word list,CC BY-NC-SA 4.0,P-SIGLA-2026-09-27,source_defined,No f3 inference used.
SW-000096,HT 10a,source_word,6,22,24,22;23;24,SigLA explicit Word object/list,source_explicit,SIGLA,document word list,CC BY-NC-SA 4.0,P-SIGLA-2026-09-27,source_defined,No f3 inference used.
SW-000097,HT 10a,source_word,7,25,26,25;26,SigLA explicit Word object/list,source_explicit,SIGLA,document word list,CC BY-NC-SA 4.0,P-SIGLA-2026-09-27,source_defined,No f3 inference used.
SW-000098,HT 10b,source_word,0,1,2,1;2,SigLA explicit Word object/list,source_explicit,SIGLA,document word list,CC BY-NC-SA 4.0,P-SIGLA-2026-09-27,source_defined,No f3 inference used.
SW-000099,HT 10b,source_word,1,4,6,4;6,SigLA explicit Word object/list,source_explicit,SIGLA,document word list,CC BY-NC-SA 4.0,P-SIGLA-2026-09-27,source_defined,No f3 inference used.
SW-000100,HT 10b,source_word,2,7,9,7;8;9,SigLA explicit Word object/list,source_explicit,SIGLA,document word list,CC BY-NC-SA 4.0,P-SIGLA-2026-09-27,source_defined,No f3 inference used.
SW-000101,HT 10b,source_word,3,11,12,11;12,SigLA explicit Word object/list,source_explicit,SIGLA,document word list,CC BY-NC-SA 4.0,P-SIGLA-2026-09-27,source_defined,No f3 inference used.
SW-000102,HT 10b,source_word,4,14,16,14;15;16,SigLA explicit Word object/list,source_explicit,SIGLA,document word list,CC BY-NC-SA 4.0,P-SIGLA-2026-09-27,source_defined,No f3 inference used.
SW-000103,HT 10b,source_word,5,18,20,18;19;20,SigLA explicit Word object/list,source_explicit,SIGLA,document word list,CC BY-NC-SA 4.0,P-SIGLA-2026-09-27,source_defined,No f3 inference used.
SW-000104,HT 110a,source_word,0,1,5,1;2;3;4;5,SigLA explicit Word object/list,source_explicit,SIGLA,document word list,CC BY-NC-SA 4.0,P-SIGLA-2026-09-27,source_defined,No f3 inference used.
SW-000105,HT 110a,source_word,1,7,8,7;8,SigLA explicit Word object/list,source_explicit,SIGLA,document word list,CC BY-NC-SA 4.0,P-SIGLA-2026-09-27,source_defined,No f3 inference used.
SW-000106,HT 110a,source_word,2,9,10,9;10,SigLA explicit Word object/list,source_explicit,SIGLA,document word list,CC BY-NC-SA 4.0,P-SIGLA-2026-09-27,source_defined,No f3 inference used.
SW-000107,HT 110a,source_word,3,,,,SigLA explicit Word object/list,source_explicit,SIGLA,document word list,CC BY-NC-SA 4.0,P-SIGLA-2026-09-27,source_defined,No f3 inference used.
SW-000108,HT 110b,source_word,0,,,,SigLA explicit Word object/list,source_explicit,SIGLA,document word list,CC BY-NC-SA 4.0,P-SIGLA-2026-09-27,source_defined,No f3 inference used.
SW-000109,HT 110b,source_word,1,3,3,3,SigLA explicit Word object/list,source_explicit,SIGLA,document word list,CC BY-NC-SA 4.0,P-SIGLA-2026-09-27,source_defined,No f3 inference used.
SW-000110,HT 112a,source_word,0,,,,SigLA explicit Word object/list,source_explicit,SIGLA,document word list,CC BY-NC-SA 4.0,P-SIGLA-2026-09-27,source_defined,No f3 inference used.
SW-000111,HT 112a,source_word,1,3,4,3;4,SigLA explicit Word object/list,source_explicit,SIGLA,document word list,CC BY-NC-SA 4.0,P-SIGLA-2026-09-27,source_defined,No f3 inference used.
SW-000112,HT 112b,source_word,0,,,,SigLA explicit Word object/list,source_explicit,SIGLA,document word list,CC BY-NC-SA 4.0,P-SIGLA-2026-09-27,source_defined,No f3 inference used.
SW-000113,HT 113,source_word,0,1,3,1;2;3,SigLA explicit Word object/list,source_explicit,SIGLA,document word list,CC BY-NC-SA 4.0,P-SIGLA-2026-09-27,source_defined,No f3 inference used.
SW-000114,HT 113,source_word,1,4,5,4;5,SigLA explicit Word object/list,source_explicit,SIGLA,document word list,CC BY-NC-SA 4.0,P-SIGLA-2026-09-27,source_defined,No f3 inference used.
SW-000115,HT 113 ter,source_word,0,1,1,1,SigLA explicit Word object/list,source_explicit,SIGLA,document word list,CC BY-NC-SA 4.0,P-SIGLA-2026-09-27,source_defined,No f3 inference used.
SW-000116,HT 114a,source_word,0,1,3,1;2;3,SigLA explicit Word object/list,source_explicit,SIGLA,document word list,CC BY-NC-SA 4.0,P-SIGLA-2026-09-27,source_defined,No f3 inference used.
SW-000117,HT 114a,source_word,1,4,5,4;5,SigLA explicit Word object/list,source_explicit,SIGLA,document word list,CC BY-NC-SA 4.0,P-SIGLA-2026-09-27,source_defined,No f3 inference used.
SW-000118,HT 115a,source_word,0,1,4,1;2;3;4,SigLA explicit Word object/list,source_explicit,SIGLA,document word list,CC BY-NC-SA 4.0,P-SIGLA-2026-09-27,source_defined,No f3 inference used.
SW-000119,HT 115a,source_word,1,7,11,7;8;9;10;11,SigLA explicit Word object/list,source_explicit,SIGLA,document word list,CC BY-NC-SA 4.0,P-SIGLA-2026-09-27,source_defined,No f3 inference used.
SW-000120,HT 115a,source_word,2,15,19,15;16;17;18;19,SigLA explicit Word object/list,source_explicit,SIGLA,document word list,CC BY-NC-SA 4.0,P-SIGLA-2026-09-27,source_defined,No f3 inference used.
SW-000121,HT 115a,source_word,3,20,22,20;21;22,SigLA explicit Word object/list,source_explicit,SIGLA,document word list,CC BY-NC-SA 4.0,P-SIGLA-2026-09-27,source_defined,No f3 inference used.
SW-000122,HT 115a,source_word,4,24,26,24;25;26,SigLA explicit Word object/list,source_explicit,SIGLA,document word list,CC BY-NC-SA 4.0,P-SIGLA-2026-09-27,source_defined,No f3 inference used.
SW-000123,HT 115a,source_word,5,27,30,27;28;29;30,SigLA explicit Word object/list,source_explicit,SIGLA,document word list,CC BY-NC-SA 4.0,P-SIGLA-2026-09-27,source_defined,No f3 inference used.
SW-000124,HT 115a,source_word,6,31,33,31;32;33,SigLA explicit Word object/list,source_explicit,SIGLA,document word list,CC BY-NC-SA 4.0,P-SIGLA-2026-09-27,source_defined,No f3 inference used.
SW-000125,HT 115b,source_word,0,1,1,1,SigLA explicit Word object/list,source_explicit,SIGLA,document word list,CC BY-NC-SA 4.0,P-SIGLA-2026-09-27,source_defined,No f3 inference used.
SW-000126,HT 115b,source_word,1,2,4,2;3;4,SigLA explicit Word object/list,source_explicit,SIGLA,document word list,CC BY-NC-SA 4.0,P-SIGLA-2026-09-27,source_defined,No f3 inference used.
SW-000127,HT 115b,source_word,2,6,9,6;8;9,SigLA explicit Word object/list,source_explicit,SIGLA,document word list,CC BY-NC-SA 4.0,P-SIGLA-2026-09-27,source_defined,No f3 inference used.
SW-000128,HT 115b,source_word,3,10,11,10;11,SigLA explicit Word object/list,source_explicit,SIGLA,document word list,CC BY-NC-SA 4.0,P-SIGLA-2026-09-27,source_defined,No f3 inference used.
SW-000129,HT 115b,source_word,4,14,16,14;15;16,SigLA explicit Word object/list,source_explicit,SIGLA,document word list,CC BY-NC-SA 4.0,P-SIGLA-2026-09-27,source_defined,No f3 inference used.
SW-000130,HT 115b,source_word,5,17,20,17;19;20,SigLA explicit Word object/list,source_explicit,SIGLA,document word list,CC BY-NC-SA 4.0,P-SIGLA-2026-09-27,source_defined,No f3 inference used.
SW-000131,HT 115b,source_word,6,23,25,23;24;25,SigLA explicit Word object/list,source_explicit,SIGLA,document word list,CC BY-NC-SA 4.0,P-SIGLA-2026-09-27,source_defined,No f3 inference used.
SW-000132,HT 115b,source_word,7,26,27,26;27,SigLA explicit Word object/list,source_explicit,SIGLA,document word list,CC BY-NC-SA 4.0,P-SIGLA-2026-09-27,source_defined,No f3 inference used.
SW-000133,HT 115b,source_word,8,31,32,31;32,SigLA explicit Word object/list,source_explicit,SIGLA,document word list,CC BY-NC-SA 4.0,P-SIGLA-2026-09-27,source_defined,No f3 inference used.
SW-000134,HT 116a,source_word,0,1,3,1;2;3,SigLA explicit Word object/list,source_explicit,SIGLA,document word list,CC BY-NC-SA 4.0,P-SIGLA-2026-09-27,source_defined,No f3 inference used.
SW-000135,HT 116a,source_word,1,5,7,5;6;7,SigLA explicit Word object/list,source_explicit,SIGLA,document word list,CC BY-NC-SA 4.0,P-SIGLA-2026-09-27,source_defined,No f3 inference used.
SW-000136,HT 116a,source_word,2,9,10,9;10,SigLA explicit Word object/list,source_explicit,SIGLA,document word list,CC BY-NC-SA 4.0,P-SIGLA-2026-09-27,source_defined,No f3 inference used.
SW-000137,HT 116a,source_word,3,18,20,18;19;20,SigLA explicit Word object/list,source_explicit,SIGLA,document word list,CC BY-NC-SA 4.0,P-SIGLA-2026-09-27,source_defined,No f3 inference used.
SW-000138,HT 116a,source_word,4,25,27,25;26;27,SigLA explicit Word object/list,source_explicit,SIGLA,document word list,CC BY-NC-SA 4.0,P-SIGLA-2026-09-27,source_defined,No f3 inference used.
SW-000139,HT 116a,source_word,5,30,32,30;31;32,SigLA explicit Word object/list,source_explicit,SIGLA,document word list,CC BY-NC-SA 4.0,P-SIGLA-2026-09-27,source_defined,No f3 inference used.
SW-000140,HT 116b,source_word,0,1,2,1;2,SigLA explicit Word object/list,source_explicit,SIGLA,document word list,CC BY-NC-SA 4.0,P-SIGLA-2026-09-27,source_defined,No f3 inference used.
SW-000141,HT 117a,source_word,0,1,4,1;2;3;4,SigLA explicit Word object/list,source_explicit,SIGLA,document word list,CC BY-NC-SA 4.0,P-SIGLA-2026-09-27,source_defined,No f3 inference used.
SW-000142,HT 117a,source_word,1,5,6,5;6,SigLA explicit Word object/list,source_explicit,SIGLA,document word list,CC BY-NC-SA 4.0,P-SIGLA-2026-09-27,source_defined,No f3 inference used.
SW-000143,HT 117a,source_word,2,7,10,7;8;9;10,SigLA explicit Word object/list,source_explicit,SIGLA,document word list,CC BY-NC-SA 4.0,P-SIGLA-2026-09-27,source_defined,No f3 inference used.
SW-000144,HT 117a,source_word,3,11,12,11;12,SigLA explicit Word object/list,source_explicit,SIGLA,document word list,CC BY-NC-SA 4.0,P-SIGLA-2026-09-27,source_defined,No f3 inference used.
SW-000145,HT 117a,source_word,4,13,14,13;14,SigLA explicit Word object/list,source_explicit,SIGLA,document word list,CC BY-NC-SA 4.0,P-SIGLA-2026-09-27,source_defined,No f3 inference used.
SW-000146,HT 117a,source_word,5,15,17,15;16;17,SigLA explicit Word object/list,source_explicit,SIGLA,document word list,CC BY-NC-SA 4.0,P-SIGLA-2026-09-27,source_defined,No f3 inference used.
SW-000147,HT 117a,source_word,6,18,19,18;19,SigLA explicit Word object/list,source_explicit,SIGLA,document word list,CC BY-NC-SA 4.0,P-SIGLA-2026-09-27,source_defined,No f3 inference used.
SW-000148,HT 117a,source_word,7,20,22,20;21;22,SigLA explicit Word object/list,source_explicit,SIGLA,document word list,CC BY-NC-SA 4.0,P-SIGLA-2026-09-27,source_defined,No f3 inference used.
SW-000149,HT 117a,source_word,8,23,25,23;24;25,SigLA explicit Word object/list,source_explicit,SIGLA,document word list,CC BY-NC-SA 4.0,P-SIGLA-2026-09-27,source_defined,No f3 inference used.
SW-000150,HT 117a,source_word,9,26,28,26;27;28,SigLA explicit Word object/list,source_explicit,SIGLA,document word list,CC BY-NC-SA 4.0,P-SIGLA-2026-09-27,source_defined,No f3 inference used.
SW-000151,HT 117a,source_word,10,29,33,29;30;31;32;33,SigLA explicit Word object/list,source_explicit,SIGLA,document word list,CC BY-NC-SA 4.0,P-SIGLA-2026-09-27,source_defined,No f3 inference used.
SW-000152,HT 117a,source_word,11,34,36,34;35;36,SigLA explicit Word object/list,source_explicit,SIGLA,document word list,CC BY-NC-SA 4.0,P-SIGLA-2026-09-27,source_defined,No f3 inference used.
SW-000153,HT 117a,source_word,12,37,39,37;38;39,SigLA explicit Word object/list,source_explicit,SIGLA,document word list,CC BY-NC-SA 4.0,P-SIGLA-2026-09-27,source_defined,No f3 inference used.
SW-000154,HT 117a,source_word,13,40,41,40;41,SigLA explicit Word object/list,source_explicit,SIGLA,document word list,CC BY-NC-SA 4.0,P-SIGLA-2026-09-27,source_defined,No f3 inference used.
SW-000155,HT 117a,source_word,14,42,43,42;43,SigLA explicit Word object/list,source_explicit,SIGLA,document word list,CC BY-NC-SA 4.0,P-SIGLA-2026-09-27,source_defined,No f3 inference used.
SW-000156,HT 117a,source_word,15,44,47,44;45;46;47,SigLA explicit Word object/list,source_explicit,SIGLA,document word list,CC BY-NC-SA 4.0,P-SIGLA-2026-09-27,source_defined,No f3 inference used.
SW-000157,HT 117a,source_word,16,48,51,48;49;50;51,SigLA explicit Word object/list,source_explicit,SIGLA,document word list,CC BY-NC-SA 4.0,P-SIGLA-2026-09-27,source_defined,No f3 inference used.
SW-000158,HT 117a,source_word,17,52,54,52;53;54,SigLA explicit Word object/list,source_explicit,SIGLA,document word list,CC BY-NC-SA 4.0,P-SIGLA-2026-09-27,source_defined,No f3 inference used.
SW-000159,HT 117a,source_word,18,55,58,55;56;57;58,SigLA explicit Word object/list,source_explicit,SIGLA,document word list,CC BY-NC-SA 4.0,P-SIGLA-2026-09-27,source_defined,No f3 inference used.
SW-000160,HT 117a,source_word,19,59,61,59;60;61,SigLA explicit Word object/list,source_explicit,SIGLA,document word list,CC BY-NC-SA 4.0,P-SIGLA-2026-09-27,source_defined,No f3 inference used.
SW-000161,HT 117b,source_word,0,1,3,1;2;3,SigLA explicit Word object/list,source_explicit,SIGLA,document word list,CC BY-NC-SA 4.0,P-SIGLA-2026-09-27,source_defined,No f3 inference used.
SW-000162,HT 117b,source_word,1,4,6,4;5;6,SigLA explicit Word object/list,source_explicit,SIGLA,document word list,CC BY-NC-SA 4.0,P-SIGLA-2026-09-27,source_defined,No f3 inference used.
SW-000163,HT 117b,source_word,2,7,9,7;8;9,SigLA explicit Word object/list,source_explicit,SIGLA,document word list,CC BY-NC-SA 4.0,P-SIGLA-2026-09-27,source_defined,No f3 inference used.
SW-000164,HT 118,source_word,0,3,4,3;4,SigLA explicit Word object/list,source_explicit,SIGLA,document word list,CC BY-NC-SA 4.0,P-SIGLA-2026-09-27,source_defined,No f3 inference used.
SW-000165,HT 118,source_word,1,6,8,6;7;8,SigLA explicit Word object/list,source_explicit,SIGLA,document word list,CC BY-NC-SA 4.0,P-SIGLA-2026-09-27,source_defined,No f3 inference used.
SW-000166,HT 118,source_word,2,10,12,10;11;12,SigLA explicit Word object/list,source_explicit,SIGLA,document word list,CC BY-NC-SA 4.0,P-SIGLA-2026-09-27,source_defined,No f3 inference used.
SW-000167,HT 118,source_word,3,14,16,14;15;16,SigLA explicit Word object/list,source_explicit,SIGLA,document word list,CC BY-NC-SA 4.0,P-SIGLA-2026-09-27,source_defined,No f3 inference used.
SW-000168,HT 118,source_word,4,17,18,17;18,SigLA explicit Word object/list,source_explicit,SIGLA,document word list,CC BY-NC-SA 4.0,P-SIGLA-2026-09-27,source_defined,No f3 inference used.
SW-000169,HT 119,source_word,0,3,5,3;4;5,SigLA explicit Word object/list,source_explicit,SIGLA,document word list,CC BY-NC-SA 4.0,P-SIGLA-2026-09-27,source_defined,No f3 inference used.
SW-000170,HT 119,source_word,1,6,7,6;7,SigLA explicit Word object/list,source_explicit,SIGLA,document word list,CC BY-NC-SA 4.0,P-SIGLA-2026-09-27,source_defined,No f3 inference used.
SW-000171,HT 119,source_word,2,8,11,8;9;10;11,SigLA explicit Word object/list,source_explicit,SIGLA,document word list,CC BY-NC-SA 4.0,P-SIGLA-2026-09-27,source_defined,No f3 inference used.
SW-000172,HT 119,source_word,3,13,14,13;14,SigLA explicit Word object/list,source_explicit,SIGLA,document word list,CC BY-NC-SA 4.0,P-SIGLA-2026-09-27,source_defined,No f3 inference used.
SW-000173,HT 119,source_word,4,15,16,15;16,SigLA explicit Word object/list,source_explicit,SIGLA,document word list,CC BY-NC-SA 4.0,P-SIGLA-2026-09-27,source_defined,No f3 inference used.
SW-000174,HT 119,source_word,5,17,18,17;18,SigLA explicit Word object/list,source_explicit,SIGLA,document word list,CC BY-NC-SA 4.0,P-SIGLA-2026-09-27,source_defined,No f3 inference used.
SW-000175,HT 119,source_word,6,19,20,19;20,SigLA explicit Word object/list,source_explicit,SIGLA,document word list,CC BY-NC-SA 4.0,P-SIGLA-2026-09-27,source_defined,No f3 inference used.
SW-000176,HT 11a,source_word,0,1,3,1;2;3,SigLA explicit Word object/list,source_explicit,SIGLA,document word list,CC BY-NC-SA 4.0,P-SIGLA-2026-09-27,source_defined,No f3 inference used.
SW-000177,HT 11a,source_word,1,5,7,5;6;7,SigLA explicit Word object/list,source_explicit,SIGLA,document word list,CC BY-NC-SA 4.0,P-SIGLA-2026-09-27,source_defined,No f3 inference used.
SW-000178,HT 11a,source_word,2,10,11,10;11,SigLA explicit Word object/list,source_explicit,SIGLA,document word list,CC BY-NC-SA 4.0,P-SIGLA-2026-09-27,source_defined,No f3 inference used.
SW-000179,HT 11a,source_word,3,12,13,12;13,SigLA explicit Word object/list,source_explicit,SIGLA,document word list,CC BY-NC-SA 4.0,P-SIGLA-2026-09-27,source_defined,No f3 inference used.
SW-000180,HT 11a,source_word,4,14,16,14;15;16,SigLA explicit Word object/list,source_explicit,SIGLA,document word list,CC BY-NC-SA 4.0,P-SIGLA-2026-09-27,source_defined,No f3 inference used.
SW-000181,HT 11a,source_word,5,17,18,17;18,SigLA explicit Word object/list,source_explicit,SIGLA,document word list,CC BY-NC-SA 4.0,P-SIGLA-2026-09-27,source_defined,No f3 inference used.
SW-000182,HT 11b,source_word,0,1,2,1;2,SigLA explicit Word object/list,source_explicit,SIGLA,document word list,CC BY-NC-SA 4.0,P-SIGLA-2026-09-27,source_defined,No f3 inference used.
SW-000183,HT 11b,source_word,1,3,4,3;4,SigLA explicit Word object/list,source_explicit,SIGLA,document word list,CC BY-NC-SA 4.0,P-SIGLA-2026-09-27,source_defined,No f3 inference used.
SW-000184,HT 11b,source_word,2,5,5,5,SigLA explicit Word object/list,source_explicit,SIGLA,document word list,CC BY-NC-SA 4.0,P-SIGLA-2026-09-27,source_defined,No f3 inference used.
SW-000185,HT 11b,source_word,3,9,11,9;10;11,SigLA explicit Word object/list,source_explicit,SIGLA,document word list,CC BY-NC-SA 4.0,P-SIGLA-2026-09-27,source_defined,No f3 inference used.
SW-000186,HT 11b,source_word,4,13,15,13;14;15,SigLA explicit Word object/list,source_explicit,SIGLA,document word list,CC BY-NC-SA 4.0,P-SIGLA-2026-09-27,source_defined,No f3 inference used.
SW-000187,HT 11b,source_word,5,17,18,17;18,SigLA explicit Word object/list,source_explicit,SIGLA,document word list,CC BY-NC-SA 4.0,P-SIGLA-2026-09-27,source_defined,No f3 inference used.
SW-000188,HT 12,source_word,0,1,4,1;2;3;4,SigLA explicit Word object/list,source_explicit,SIGLA,document word list,CC BY-NC-SA 4.0,P-SIGLA-2026-09-27,source_defined,No f3 inference used.
SW-000189,HT 12,source_word,1,7,9,7;8;9,SigLA explicit Word object/list,source_explicit,SIGLA,document word list,CC BY-NC-SA 4.0,P-SIGLA-2026-09-27,source_defined,No f3 inference used.
SW-000190,HT 12,source_word,2,18,19,18;19,SigLA explicit Word object/list,source_explicit,SIGLA,document word list,CC BY-NC-SA 4.0,P-SIGLA-2026-09-27,source_defined,No f3 inference used.
SW-000191,HT 120,source_word,0,1,3,1;2;3,SigLA explicit Word object/list,source_explicit,SIGLA,document word list,CC BY-NC-SA 4.0,P-SIGLA-2026-09-27,source_defined,No f3 inference used.
SW-000192,HT 120,source_word,1,4,5,4;5,SigLA explicit Word object/list,source_explicit,SIGLA,document word list,CC BY-NC-SA 4.0,P-SIGLA-2026-09-27,source_defined,No f3 inference used.
SW-000193,HT 120,source_word,2,10,12,10;11;12,SigLA explicit Word object/list,source_explicit,SIGLA,document word list,CC BY-NC-SA 4.0,P-SIGLA-2026-09-27,source_defined,No f3 inference used.
SW-000194,HT 120,source_word,3,14,17,14;15;16;17,SigLA explicit Word object/list,source_explicit,SIGLA,document word list,CC BY-NC-SA 4.0,P-SIGLA-2026-09-27,source_defined,No f3 inference used.
SW-000195,HT 120,source_word,4,20,22,20;21;22,SigLA explicit Word object/list,source_explicit,SIGLA,document word list,CC BY-NC-SA 4.0,P-SIGLA-2026-09-27,source_defined,No f3 inference used.
SW-000196,HT 121,source_word,0,1,3,1;2;3,SigLA explicit Word object/list,source_explicit,SIGLA,document word list,CC BY-NC-SA 4.0,P-SIGLA-2026-09-27,source_defined,No f3 inference used.
SW-000197,HT 121,source_word,1,5,6,5;6,SigLA explicit Word object/list,source_explicit,SIGLA,document word list,CC BY-NC-SA 4.0,P-SIGLA-2026-09-27,source_defined,No f3 inference used.
SW-000198,HT 122a,source_word,0,1,2,1;2,SigLA explicit Word object/list,source_explicit,SIGLA,document word list,CC BY-NC-SA 4.0,P-SIGLA-2026-09-27,source_defined,No f3 inference used.
SW-000199,HT 122a,source_word,1,3,5,3;4;5,SigLA explicit Word object/list,source_explicit,SIGLA,document word list,CC BY-NC-SA 4.0,P-SIGLA-2026-09-27,source_defined,No f3 inference used.
SW-000200,HT 122a,source_word,2,6,8,6;7;8,SigLA explicit Word object/list,source_explicit,SIGLA,document word list,CC BY-NC-SA 4.0,P-SIGLA-2026-09-27,source_defined,No f3 inference used.
SW-000201,HT 122a,source_word,3,9,9,9,SigLA explicit Word object/list,source_explicit,SIGLA,document word list,CC BY-NC-SA 4.0,P-SIGLA-2026-09-27,source_defined,No f3 inference used.
SW-000202,HT 122a,source_word,4,10,10,10,SigLA explicit Word object/list,source_explicit,SIGLA,document word list,CC BY-NC-SA 4.0,P-SIGLA-2026-09-27,source_defined,No f3 inference used.
SW-000203,HT 122a,source_word,5,11,12,11;12,SigLA explicit Word object/list,source_explicit,SIGLA,document word list,CC BY-NC-SA 4.0,P-SIGLA-2026-09-27,source_defined,No f3 inference used.
SW-000204,HT 122a,source_word,6,13,15,13;14;15,SigLA explicit Word object/list,source_explicit,SIGLA,document word list,CC BY-NC-SA 4.0,P-SIGLA-2026-09-27,source_defined,No f3 inference used.
SW-000205,HT 122a,source_word,7,16,19,16;17;18;19,SigLA explicit Word object/list,source_explicit,SIGLA,document word list,CC BY-NC-SA 4.0,P-SIGLA-2026-09-27,source_defined,No f3 inference used.
SW-000206,HT 122a,source_word,8,20,22,20;21;22,SigLA explicit Word object/list,source_explicit,SIGLA,document word list,CC BY-NC-SA 4.0,P-SIGLA-2026-09-27,source_defined,No f3 inference used.
SW-000207,HT 122a,source_word,9,23,25,23;24;25,SigLA explicit Word object/list,source_explicit,SIGLA,document word list,CC BY-NC-SA 4.0,P-SIGLA-2026-09-27,source_defined,No f3 inference used.
SW-000208,HT 122a,source_word,10,26,27,26;27,SigLA explicit Word object/list,source_explicit,SIGLA,document word list,CC BY-NC-SA 4.0,P-SIGLA-2026-09-27,source_defined,No f3 inference used.
SW-000209,HT 122a,source_word,11,28,30,28;29;30,SigLA explicit Word object/list,source_explicit,SIGLA,document word list,CC BY-NC-SA 4.0,P-SIGLA-2026-09-27,source_defined,No f3 inference used.
SW-000210,HT 122a,source_word,12,31,33,31;32;33,SigLA explicit Word object/list,source_explicit,SIGLA,document word list,CC BY-NC-SA 4.0,P-SIGLA-2026-09-27,source_defined,No f3 inference used.
SW-000211,HT 122a,source_word,13,34,35,34;35,SigLA explicit Word object/list,source_explicit,SIGLA,document word list,CC BY-NC-SA 4.0,P-SIGLA-2026-09-27,source_defined,No f3 inference used.
SW-000212,HT 122a,source_word,14,36,36,36,SigLA explicit Word object/list,source_explicit,SIGLA,document word list,CC BY-NC-SA 4.0,P-SIGLA-2026-09-27,source_defined,No f3 inference used.
SW-000213,HT 122a,source_word,15,37,39,37;38;39,SigLA explicit Word object/list,source_explicit,SIGLA,document word list,CC BY-NC-SA 4.0,P-SIGLA-2026-09-27,source_defined,No f3 inference used.
SW-000214,HT 122a,source_word,16,40,42,40;41;42,SigLA explicit Word object/list,source_explicit,SIGLA,document word list,CC BY-NC-SA 4.0,P-SIGLA-2026-09-27,source_defined,No f3 inference used.
SW-000215,HT 122a,source_word,17,43,44,43;44,SigLA explicit Word object/list,source_explicit,SIGLA,document word list,CC BY-NC-SA 4.0,P-SIGLA-2026-09-27,source_defined,No f3 inference used.
SW-000216,HT 122a,source_word,18,45,46,45;46,SigLA explicit Word object/list,source_explicit,SIGLA,document word list,CC BY-NC-SA 4.0,P-SIGLA-2026-09-27,source_defined,No f3 inference used.
SW-000217,HT 122b,source_word,0,1,2,1;2,SigLA explicit Word object/list,source_explicit,SIGLA,document word list,CC BY-NC-SA 4.0,P-SIGLA-2026-09-27,source_defined,No f3 inference used.
SW-000218,HT 122b,source_word,1,5,7,5;6;7,SigLA explicit Word object/list,source_explicit,SIGLA,document word list,CC BY-NC-SA 4.0,P-SIGLA-2026-09-27,source_defined,No f3 inference used.
SW-000219,HT 122b,source_word,2,,,,SigLA explicit Word object/list,source_explicit,SIGLA,document word list,CC BY-NC-SA 4.0,P-SIGLA-2026-09-27,source_defined,No f3 inference used.
SW-000220,HT 122b,source_word,3,9,14,9;10;11;12;13;14,SigLA explicit Word object/list,source_explicit,SIGLA,document word list,CC BY-NC-SA 4.0,P-SIGLA-2026-09-27,source_defined,No f3 inference used.
SW-000221,HT 122b,source_word,4,15,17,15;16;17,SigLA explicit Word object/list,source_explicit,SIGLA,document word list,CC BY-NC-SA 4.0,P-SIGLA-2026-09-27,source_defined,No f3 inference used.
SW-000222,HT 122b,source_word,5,19,20,19;20,SigLA explicit Word object/list,source_explicit,SIGLA,document word list,CC BY-NC-SA 4.0,P-SIGLA-2026-09-27,source_defined,No f3 inference used.
SW-000223,HT 122b,source_word,6,21,22,21;22,SigLA explicit Word object/list,source_explicit,SIGLA,document word list,CC BY-NC-SA 4.0,P-SIGLA-2026-09-27,source_defined,No f3 inference used.
SW-000224,HT 122b,source_word,7,23,26,23;24;25;26,SigLA explicit Word object/list,source_explicit,SIGLA,document word list,CC BY-NC-SA 4.0,P-SIGLA-2026-09-27,source_defined,No f3 inference used.
SW-000225,HT 123a,source_word,0,1,3,1;2;3,SigLA explicit Word object/list,source_explicit,SIGLA,document word list,CC BY-NC-SA 4.0,P-SIGLA-2026-09-27,source_defined,No f3 inference used.
SW-000226,HT 123a,source_word,1,5,5,5,SigLA explicit Word object/list,source_explicit,SIGLA,document word list,CC BY-NC-SA 4.0,P-SIGLA-2026-09-27,source_defined,No f3 inference used.
SW-000227,HT 123a,source_word,2,7,9,7;9,SigLA explicit Word object/list,source_explicit,SIGLA,document word list,CC BY-NC-SA 4.0,P-SIGLA-2026-09-27,source_defined,No f3 inference used.
SW-000228,HT 123a,source_word,3,11,12,11;12,SigLA explicit Word object/list,source_explicit,SIGLA,document word list,CC BY-NC-SA 4.0,P-SIGLA-2026-09-27,source_defined,No f3 inference used.
SW-000229,HT 123a,source_word,4,17,19,17;19,SigLA explicit Word object/list,source_explicit,SIGLA,document word list,CC BY-NC-SA 4.0,P-SIGLA-2026-09-27,source_defined,No f3 inference used.
SW-000230,HT 123a,source_word,5,21,22,21;22,SigLA explicit Word object/list,source_explicit,SIGLA,document word list,CC BY-NC-SA 4.0,P-SIGLA-2026-09-27,source_defined,No f3 inference used.
SW-000231,HT 123a,source_word,6,27,28,27;28,SigLA explicit Word object/list,source_explicit,SIGLA,document word list,CC BY-NC-SA 4.0,P-SIGLA-2026-09-27,source_defined,No f3 inference used.
SW-000232,HT 123a,source_word,7,31,32,31;32,SigLA explicit Word object/list,source_explicit,SIGLA,document word list,CC BY-NC-SA 4.0,P-SIGLA-2026-09-27,source_defined,No f3 inference used.
SW-000233,HT 123a,source_word,8,37,39,37;39,SigLA explicit Word object/list,source_explicit,SIGLA,document word list,CC BY-NC-SA 4.0,P-SIGLA-2026-09-27,source_defined,No f3 inference used.
SW-000234,HT 123a,source_word,9,42,43,42;43,SigLA explicit Word object/list,source_explicit,SIGLA,document word list,CC BY-NC-SA 4.0,P-SIGLA-2026-09-27,source_defined,No f3 inference used.
SW-000235,HT 123a,source_word,10,47,48,47;48,SigLA explicit Word object/list,source_explicit,SIGLA,document word list,CC BY-NC-SA 4.0,P-SIGLA-2026-09-27,source_defined,No f3 inference used.
SW-000236,HT 123a,source_word,11,50,51,50;51,SigLA explicit Word object/list,source_explicit,SIGLA,document word list,CC BY-NC-SA 4.0,P-SIGLA-2026-09-27,source_defined,No f3 inference used.
SW-000237,HT 123b,source_word,0,6,8,6;7;8,SigLA explicit Word object/list,source_explicit,SIGLA,document word list,CC BY-NC-SA 4.0,P-SIGLA-2026-09-27,source_defined,No f3 inference used.
SW-000238,HT 123b,source_word,1,10,11,10;11,SigLA explicit Word object/list,source_explicit,SIGLA,document word list,CC BY-NC-SA 4.0,P-SIGLA-2026-09-27,source_defined,No f3 inference used.
SW-000239,HT 123b,source_word,2,13,13,13,SigLA explicit Word object/list,source_explicit,SIGLA,document word list,CC BY-NC-SA 4.0,P-SIGLA-2026-09-27,source_defined,No f3 inference used.
SW-000240,HT 123b,source_word,3,14,14,14,SigLA explicit Word object/list,source_explicit,SIGLA,document word list,CC BY-NC-SA 4.0,P-SIGLA-2026-09-27,source_defined,No f3 inference used.
SW-000241,HT 123b,source_word,4,15,18,15;16;17;18,SigLA explicit Word object/list,source_explicit,SIGLA,document word list,CC BY-NC-SA 4.0,P-SIGLA-2026-09-27,source_defined,No f3 inference used.
SW-000242,HT 123b,source_word,5,21,22,21;22,SigLA explicit Word object/list,source_explicit,SIGLA,document word list,CC BY-NC-SA 4.0,P-SIGLA-2026-09-27,source_defined,No f3 inference used.
SW-000243,HT 123b,source_word,6,23,24,23;24,SigLA explicit Word object/list,source_explicit,SIGLA,document word list,CC BY-NC-SA 4.0,P-SIGLA-2026-09-27,source_defined,No f3 inference used.
SW-000244,HT 123b,source_word,7,26,29,26;27;28;29,SigLA explicit Word object/list,source_explicit,SIGLA,document word list,CC BY-NC-SA 4.0,P-SIGLA-2026-09-27,source_defined,No f3 inference used.
SW-000245,HT 123b,source_word,8,32,33,32;33,SigLA explicit Word object/list,source_explicit,SIGLA,document word list,CC BY-NC-SA 4.0,P-SIGLA-2026-09-27,source_defined,No f3 inference used.
SW-000246,HT 123b,source_word,9,34,35,34;35,SigLA explicit Word object/list,source_explicit,SIGLA,document word list,CC BY-NC-SA 4.0,P-SIGLA-2026-09-27,source_defined,No f3 inference used.
SW-000247,HT 126a,source_word,0,1,3,1;2;3,SigLA explicit Word object/list,source_explicit,SIGLA,document word list,CC BY-NC-SA 4.0,P-SIGLA-2026-09-27,source_defined,No f3 inference used.
SW-000248,HT 126a,source_word,1,5,6,5;6,SigLA explicit Word object/list,source_explicit,SIGLA,document word list,CC BY-NC-SA 4.0,P-SIGLA-2026-09-27,source_defined,No f3 inference used.
SW-000249,HT 126a,source_word,2,8,8,8,SigLA explicit Word object/list,source_explicit,SIGLA,document word list,CC BY-NC-SA 4.0,P-SIGLA-2026-09-27,source_defined,No f3 inference used.
SW-000250,HT 126a,source_word,3,10,12,10;11;12,SigLA explicit Word object/list,source_explicit,SIGLA,document word list,CC BY-NC-SA 4.0,P-SIGLA-2026-09-27,source_defined,No f3 inference used.
SW-000251,HT 126a,source_word,4,13,14,13;14,SigLA explicit Word object/list,source_explicit,SIGLA,document word list,CC BY-NC-SA 4.0,P-SIGLA-2026-09-27,source_defined,No f3 inference used.
SW-000252,HT 126a,source_word,5,15,15,15,SigLA explicit Word object/list,source_explicit,SIGLA,document word list,CC BY-NC-SA 4.0,P-SIGLA-2026-09-27,source_defined,No f3 inference used.
SW-000253,HT 127a,source_word,0,1,3,1;2;3,SigLA explicit Word object/list,source_explicit,SIGLA,document word list,CC BY-NC-SA 4.0,P-SIGLA-2026-09-27,source_defined,No f3 inference used.
SW-000254,HT 127a,source_word,1,4,7,4;5;6;7,SigLA explicit Word object/list,source_explicit,SIGLA,document word list,CC BY-NC-SA 4.0,P-SIGLA-2026-09-27,source_defined,No f3 inference used.
SW-000255,HT 127b,source_word,0,1,1,1,SigLA explicit Word object/list,source_explicit,SIGLA,document word list,CC BY-NC-SA 4.0,P-SIGLA-2026-09-27,source_defined,No f3 inference used.
SW-000256,HT 127b,source_word,1,2,3,2;3,SigLA explicit Word object/list,source_explicit,SIGLA,document word list,CC BY-NC-SA 4.0,P-SIGLA-2026-09-27,source_defined,No f3 inference used.
SW-000257,HT 127b,source_word,2,10,11,10;11,SigLA explicit Word object/list,source_explicit,SIGLA,document word list,CC BY-NC-SA 4.0,P-SIGLA-2026-09-27,source_defined,No f3 inference used.
SW-000258,HT 128a,source_word,0,2,3,2;3,SigLA explicit Word object/list,source_explicit,SIGLA,document word list,CC BY-NC-SA 4.0,P-SIGLA-2026-09-27,source_defined,No f3 inference used.
SW-000259,HT 128a,source_word,1,4,8,4;5;6;7;8,SigLA explicit Word object/list,source_explicit,SIGLA,document word list,CC BY-NC-SA 4.0,P-SIGLA-2026-09-27,source_defined,No f3 inference used.
SW-000260,HT 128a,source_word,2,10,13,10;11;12;13,SigLA explicit Word object/list,source_explicit,SIGLA,document word list,CC BY-NC-SA 4.0,P-SIGLA-2026-09-27,source_defined,No f3 inference used.
SW-000261,HT 128a,source_word,3,15,16,15;16,SigLA explicit Word object/list,source_explicit,SIGLA,document word list,CC BY-NC-SA 4.0,P-SIGLA-2026-09-27,source_defined,No f3 inference used.
SW-000262,HT 128a,source_word,4,20,20,20,SigLA explicit Word object/list,source_explicit,SIGLA,document word list,CC BY-NC-SA 4.0,P-SIGLA-2026-09-27,source_defined,No f3 inference used.
SW-000263,HT 128a,source_word,5,21,21,21,SigLA explicit Word object/list,source_explicit,SIGLA,document word list,CC BY-NC-SA 4.0,P-SIGLA-2026-09-27,source_defined,No f3 inference used.
SW-000264,HT 128a,source_word,6,22,23,22;23,SigLA explicit Word object/list,source_explicit,SIGLA,document word list,CC BY-NC-SA 4.0,P-SIGLA-2026-09-27,source_defined,No f3 inference used.
SW-000265,HT 128b,source_word,0,2,3,2;3,SigLA explicit Word object/list,source_explicit,SIGLA,document word list,CC BY-NC-SA 4.0,P-SIGLA-2026-09-27,source_defined,No f3 inference used.
SW-000266,HT 128b,source_word,1,5,5,5,SigLA explicit Word object/list,source_explicit,SIGLA,document word list,CC BY-NC-SA 4.0,P-SIGLA-2026-09-27,source_defined,No f3 inference used.
SW-000267,HT 129,source_word,0,1,3,1;2;3,SigLA explicit Word object/list,source_explicit,SIGLA,document word list,CC BY-NC-SA 4.0,P-SIGLA-2026-09-27,source_defined,No f3 inference used.
SW-000268,HT 129,source_word,1,9,12,9;10;11;12,SigLA explicit Word object/list,source_explicit,SIGLA,document word list,CC BY-NC-SA 4.0,P-SIGLA-2026-09-27,source_defined,No f3 inference used.
SW-000269,HT 13,source_word,0,1,4,1;2;3;4,SigLA explicit Word object/list,source_explicit,SIGLA,document word list,CC BY-NC-SA 4.0,P-SIGLA-2026-09-27,source_defined,No f3 inference used.
SW-000270,HT 13,source_word,1,7,8,7;8,SigLA explicit Word object/list,source_explicit,SIGLA,document word list,CC BY-NC-SA 4.0,P-SIGLA-2026-09-27,source_defined,No f3 inference used.
SW-000271,HT 13,source_word,2,10,11,10;11,SigLA explicit Word object/list,source_explicit,SIGLA,document word list,CC BY-NC-SA 4.0,P-SIGLA-2026-09-27,source_defined,No f3 inference used.
SW-000272,HT 13,source_word,3,12,13,12;13,SigLA explicit Word object/list,source_explicit,SIGLA,document word list,CC BY-NC-SA 4.0,P-SIGLA-2026-09-27,source_defined,No f3 inference used.
SW-000273,HT 13,source_word,4,15,17,15;16;17,SigLA explicit Word object/list,source_explicit,SIGLA,document word list,CC BY-NC-SA 4.0,P-SIGLA-2026-09-27,source_defined,No f3 inference used.
SW-000274,HT 13,source_word,5,18,20,18;19;20,SigLA explicit Word object/list,source_explicit,SIGLA,document word list,CC BY-NC-SA 4.0,P-SIGLA-2026-09-27,source_defined,No f3 inference used.
SW-000275,HT 13,source_word,6,21,24,21;22;23;24,SigLA explicit Word object/list,source_explicit,SIGLA,document word list,CC BY-NC-SA 4.0,P-SIGLA-2026-09-27,source_defined,No f3 inference used.
SW-000276,HT 13,source_word,7,25,26,25;26,SigLA explicit Word object/list,source_explicit,SIGLA,document word list,CC BY-NC-SA 4.0,P-SIGLA-2026-09-27,source_defined,No f3 inference used.
SW-000277,HT 130,source_word,0,2,3,2;3,SigLA explicit Word object/list,source_explicit,SIGLA,document word list,CC BY-NC-SA 4.0,P-SIGLA-2026-09-27,source_defined,No f3 inference used.
SW-000278,HT 130,source_word,1,6,6,6,SigLA explicit Word object/list,source_explicit,SIGLA,document word list,CC BY-NC-SA 4.0,P-SIGLA-2026-09-27,source_defined,No f3 inference used.
SW-000279,HT 130,source_word,2,7,7,7,SigLA explicit Word object/list,source_explicit,SIGLA,document word list,CC BY-NC-SA 4.0,P-SIGLA-2026-09-27,source_defined,No f3 inference used.
SW-000280,HT 131a,source_word,0,,,,SigLA explicit Word object/list,source_explicit,SIGLA,document word list,CC BY-NC-SA 4.0,P-SIGLA-2026-09-27,source_defined,No f3 inference used.
SW-000281,HT 131a,source_word,1,3,5,3;4;5,SigLA explicit Word object/list,source_explicit,SIGLA,document word list,CC BY-NC-SA 4.0,P-SIGLA-2026-09-27,source_defined,No f3 inference used.
SW-000282,HT 131b,source_word,0,,,,SigLA explicit Word object/list,source_explicit,SIGLA,document word list,CC BY-NC-SA 4.0,P-SIGLA-2026-09-27,source_defined,No f3 inference used.
SW-000283,HT 131b,source_word,1,5,8,5;6;7;8,SigLA explicit Word object/list,source_explicit,SIGLA,document word list,CC BY-NC-SA 4.0,P-SIGLA-2026-09-27,source_defined,No f3 inference used.
SW-000284,HT 132,source_word,0,1,2,1;2,SigLA explicit Word object/list,source_explicit,SIGLA,document word list,CC BY-NC-SA 4.0,P-SIGLA-2026-09-27,source_defined,No f3 inference used.
SW-000285,HT 132,source_word,1,4,6,4;5;6,SigLA explicit Word object/list,source_explicit,SIGLA,document word list,CC BY-NC-SA 4.0,P-SIGLA-2026-09-27,source_defined,No f3 inference used.
SW-000286,HT 133,source_word,0,1,2,1;2,SigLA explicit Word object/list,source_explicit,SIGLA,document word list,CC BY-NC-SA 4.0,P-SIGLA-2026-09-27,source_defined,No f3 inference used.
SW-000287,HT 135a,source_word,0,1,3,1;2;3,SigLA explicit Word object/list,source_explicit,SIGLA,document word list,CC BY-NC-SA 4.0,P-SIGLA-2026-09-27,source_defined,No f3 inference used.
SW-000288,HT 135a,source_word,1,4,5,4;5,SigLA explicit Word object/list,source_explicit,SIGLA,document word list,CC BY-NC-SA 4.0,P-SIGLA-2026-09-27,source_defined,No f3 inference used.
SW-000289,HT 135a,source_word,2,6,7,6;7,SigLA explicit Word object/list,source_explicit,SIGLA,document word list,CC BY-NC-SA 4.0,P-SIGLA-2026-09-27,source_defined,No f3 inference used.
SW-000290,HT 135a,source_word,3,8,10,8;9;10,SigLA explicit Word object/list,source_explicit,SIGLA,document word list,CC BY-NC-SA 4.0,P-SIGLA-2026-09-27,source_defined,No f3 inference used.
SW-000291,HT 135a,source_word,4,11,11,11,SigLA explicit Word object/list,source_explicit,SIGLA,document word list,CC BY-NC-SA 4.0,P-SIGLA-2026-09-27,source_defined,No f3 inference used.
SW-000292,HT 135b,source_word,0,2,4,2;3;4,SigLA explicit Word object/list,source_explicit,SIGLA,document word list,CC BY-NC-SA 4.0,P-SIGLA-2026-09-27,source_defined,No f3 inference used.
SW-000293,HT 136a,source_word,0,,,,SigLA explicit Word object/list,source_explicit,SIGLA,document word list,CC BY-NC-SA 4.0,P-SIGLA-2026-09-27,source_defined,No f3 inference used.
SW-000294,HT 137,source_word,0,,,,SigLA explicit Word object/list,source_explicit,SIGLA,document word list,CC BY-NC-SA 4.0,P-SIGLA-2026-09-27,source_defined,No f3 inference used.
SW-000295,HT 137,source_word,1,,,,SigLA explicit Word object/list,source_explicit,SIGLA,document word list,CC BY-NC-SA 4.0,P-SIGLA-2026-09-27,source_defined,No f3 inference used.
SW-000296,HT 137,source_word,2,3,3,3,SigLA explicit Word object/list,source_explicit,SIGLA,document word list,CC BY-NC-SA 4.0,P-SIGLA-2026-09-27,source_defined,No f3 inference used.
SW-000297,HT 139,source_word,0,2,4,2;3;4,SigLA explicit Word object/list,source_explicit,SIGLA,document word list,CC BY-NC-SA 4.0,P-SIGLA-2026-09-27,source_defined,No f3 inference used.
SW-000298,HT 139,source_word,1,8,9,8;9,SigLA explicit Word object/list,source_explicit,SIGLA,document word list,CC BY-NC-SA 4.0,P-SIGLA-2026-09-27,source_defined,No f3 inference used.
SW-000299,HT 14,source_word,0,1,2,1;2,SigLA explicit Word object/list,source_explicit,SIGLA,document word list,CC BY-NC-SA 4.0,P-SIGLA-2026-09-27,source_defined,No f3 inference used.
SW-000300,HT 14,source_word,1,10,13,10;11;12;13,SigLA explicit Word object/list,source_explicit,SIGLA,document word list,CC BY-NC-SA 4.0,P-SIGLA-2026-09-27,source_defined,No f3 inference used.
SW-000301,HT 140,source_word,0,1,3,1;2;3,SigLA explicit Word object/list,source_explicit,SIGLA,document word list,CC BY-NC-SA 4.0,P-SIGLA-2026-09-27,source_defined,No f3 inference used.
SW-000302,HT 140,source_word,1,4,6,4;5;6,SigLA explicit Word object/list,source_explicit,SIGLA,document word list,CC BY-NC-SA 4.0,P-SIGLA-2026-09-27,source_defined,No f3 inference used.
SW-000303,HT 140,source_word,2,7,8,7;8,SigLA explicit Word object/list,source_explicit,SIGLA,document word list,CC BY-NC-SA 4.0,P-SIGLA-2026-09-27,source_defined,No f3 inference used.
SW-000304,HT 140,source_word,3,12,14,12;13;14,SigLA explicit Word object/list,source_explicit,SIGLA,document word list,CC BY-NC-SA 4.0,P-SIGLA-2026-09-27,source_defined,No f3 inference used.
SW-000305,HT 140,source_word,4,16,17,16;17,SigLA explicit Word object/list,source_explicit,SIGLA,document word list,CC BY-NC-SA 4.0,P-SIGLA-2026-09-27,source_defined,No f3 inference used.
SW-000306,HT 140,source_word,5,18,19,18;19,SigLA explicit Word object/list,source_explicit,SIGLA,document word list,CC BY-NC-SA 4.0,P-SIGLA-2026-09-27,source_defined,No f3 inference used.
SW-000307,HT 140,source_word,6,28,29,28;29,SigLA explicit Word object/list,source_explicit,SIGLA,document word list,CC BY-NC-SA 4.0,P-SIGLA-2026-09-27,source_defined,No f3 inference used.
SW-000308,HT 141,source_word,0,2,3,2;3,SigLA explicit Word object/list,source_explicit,SIGLA,document word list,CC BY-NC-SA 4.0,P-SIGLA-2026-09-27,source_defined,No f3 inference used.
SW-000309,HT 141,source_word,1,4,5,4;5,SigLA explicit Word object/list,source_explicit,SIGLA,document word list,CC BY-NC-SA 4.0,P-SIGLA-2026-09-27,source_defined,No f3 inference used.
SW-000310,HT 142,source_word,0,,,,SigLA explicit Word object/list,source_explicit,SIGLA,document word list,CC BY-NC-SA 4.0,P-SIGLA-2026-09-27,source_defined,No f3 inference used.
SW-000311,HT 144,source_word,0,,,,SigLA explicit Word object/list,source_explicit,SIGLA,document word list,CC BY-NC-SA 4.0,P-SIGLA-2026-09-27,source_defined,No f3 inference used.
SW-000312,HT 144,source_word,1,2,2,2,SigLA explicit Word object/list,source_explicit,SIGLA,document word list,CC BY-NC-SA 4.0,P-SIGLA-2026-09-27,source_defined,No f3 inference used.
SW-000313,HT 144,source_word,2,,,,SigLA explicit Word object/list,source_explicit,SIGLA,document word list,CC BY-NC-SA 4.0,P-SIGLA-2026-09-27,source_defined,No f3 inference used.
SW-000314,HT 146,source_word,0,1,1,1,SigLA explicit Word object/list,source_explicit,SIGLA,document word list,CC BY-NC-SA 4.0,P-SIGLA-2026-09-27,source_defined,No f3 inference used.
SW-000315,HT 146,source_word,1,2,3,2;3,SigLA explicit Word object/list,source_explicit,SIGLA,document word list,CC BY-NC-SA 4.0,P-SIGLA-2026-09-27,source_defined,No f3 inference used.
SW-000316,HT 146,source_word,2,5,7,5;6;7,SigLA explicit Word object/list,source_explicit,SIGLA,document word list,CC BY-NC-SA 4.0,P-SIGLA-2026-09-27,source_defined,No f3 inference used.
SW-000317,HT 147,source_word,0,1,1,1,SigLA explicit Word object/list,source_explicit,SIGLA,document word list,CC BY-NC-SA 4.0,P-SIGLA-2026-09-27,source_defined,No f3 inference used.
SW-000318,HT 15,source_word,0,1,3,1;2;3,SigLA explicit Word object/list,source_explicit,SIGLA,document word list,CC BY-NC-SA 4.0,P-SIGLA-2026-09-27,source_defined,No f3 inference used.
SW-000319,HT 15,source_word,1,5,7,5;6;7,SigLA explicit Word object/list,source_explicit,SIGLA,document word list,CC BY-NC-SA 4.0,P-SIGLA-2026-09-27,source_defined,No f3 inference used.
SW-000320,HT 15,source_word,2,10,11,10;11,SigLA explicit Word object/list,source_explicit,SIGLA,document word list,CC BY-NC-SA 4.0,P-SIGLA-2026-09-27,source_defined,No f3 inference used.
SW-000321,HT 154,source_word,0,2,2,2,SigLA explicit Word object/list,source_explicit,SIGLA,document word list,CC BY-NC-SA 4.0,P-SIGLA-2026-09-27,source_defined,No f3 inference used.
SW-000322,HT 154,source_word,1,3,3,3,SigLA explicit Word object/list,source_explicit,SIGLA,document word list,CC BY-NC-SA 4.0,P-SIGLA-2026-09-27,source_defined,No f3 inference used.
SW-000323,HT 154A,source_word,0,1,4,1;2;3;4,SigLA explicit Word object/list,source_explicit,SIGLA,document word list,CC BY-NC-SA 4.0,P-SIGLA-2026-09-27,source_defined,No f3 inference used.
SW-000324,HT 154A,source_word,1,,,,SigLA explicit Word object/list,source_explicit,SIGLA,document word list,CC BY-NC-SA 4.0,P-SIGLA-2026-09-27,source_defined,No f3 inference used.
SW-000325,HT 154A,source_word,2,,,,SigLA explicit Word object/list,source_explicit,SIGLA,document word list,CC BY-NC-SA 4.0,P-SIGLA-2026-09-27,source_defined,No f3 inference used.
SW-000326,HT 154C,source_word,0,1,2,1;2,SigLA explicit Word object/list,source_explicit,SIGLA,document word list,CC BY-NC-SA 4.0,P-SIGLA-2026-09-27,source_defined,No f3 inference used.
SW-000327,HT 154C,source_word,1,,,,SigLA explicit Word object/list,source_explicit,SIGLA,document word list,CC BY-NC-SA 4.0,P-SIGLA-2026-09-27,source_defined,No f3 inference used.
SW-000328,HT 154E,source_word,0,,,,SigLA explicit Word object/list,source_explicit,SIGLA,document word list,CC BY-NC-SA 4.0,P-SIGLA-2026-09-27,source_defined,No f3 inference used.
SW-000329,HT 154G,source_word,0,,,,SigLA explicit Word object/list,source_explicit,SIGLA,document word list,CC BY-NC-SA 4.0,P-SIGLA-2026-09-27,source_defined,No f3 inference used.
SW-000330,HT 154Ja,source_word,0,1,2,1;2,SigLA explicit Word object/list,source_explicit,SIGLA,document word list,CC BY-NC-SA 4.0,P-SIGLA-2026-09-27,source_defined,No f3 inference used.
SW-000331,HT 154Jb,source_word,0,,,,SigLA explicit Word object/list,source_explicit,SIGLA,document word list,CC BY-NC-SA 4.0,P-SIGLA-2026-09-27,source_defined,No f3 inference used.
SW-000332,HT 154K,source_word,0,,,,SigLA explicit Word object/list,source_explicit,SIGLA,document word list,CC BY-NC-SA 4.0,P-SIGLA-2026-09-27,source_defined,No f3 inference used.
SW-000333,HT 154K,source_word,1,,,,SigLA explicit Word object/list,source_explicit,SIGLA,document word list,CC BY-NC-SA 4.0,P-SIGLA-2026-09-27,source_defined,No f3 inference used.
SW-000334,HT 154M,source_word,0,,,,SigLA explicit Word object/list,source_explicit,SIGLA,document word list,CC BY-NC-SA 4.0,P-SIGLA-2026-09-27,source_defined,No f3 inference used.
SW-000335,HT 154M,source_word,1,,,,SigLA explicit Word object/list,source_explicit,SIGLA,document word list,CC BY-NC-SA 4.0,P-SIGLA-2026-09-27,source_defined,No f3 inference used.
SW-000336,HT 154N,source_word,0,1,1,1,SigLA explicit Word object/list,source_explicit,SIGLA,document word list,CC BY-NC-SA 4.0,P-SIGLA-2026-09-27,source_defined,No f3 inference used.
SW-000337,HT 154N,source_word,1,2,2,2,SigLA explicit Word object/list,source_explicit,SIGLA,document word list,CC BY-NC-SA 4.0,P-SIGLA-2026-09-27,source_defined,No f3 inference used.
SW-000338,HT 16,source_word,0,1,3,1;2;3,SigLA explicit Word object/list,source_explicit,SIGLA,document word list,CC BY-NC-SA 4.0,P-SIGLA-2026-09-27,source_defined,No f3 inference used.
SW-000339,HT 16,source_word,1,4,6,4;5;6,SigLA explicit Word object/list,source_explicit,SIGLA,document word list,CC BY-NC-SA 4.0,P-SIGLA-2026-09-27,source_defined,No f3 inference used.
SW-000340,HT 16,source_word,2,13,14,13;14,SigLA explicit Word object/list,source_explicit,SIGLA,document word list,CC BY-NC-SA 4.0,P-SIGLA-2026-09-27,source_defined,No f3 inference used.
SW-000341,HT 17,source_word,0,1,3,1;2;3,SigLA explicit Word object/list,source_explicit,SIGLA,document word list,CC BY-NC-SA 4.0,P-SIGLA-2026-09-27,source_defined,No f3 inference used.
SW-000342,HT 17,source_word,1,7,8,7;8,SigLA explicit Word object/list,source_explicit,SIGLA,document word list,CC BY-NC-SA 4.0,P-SIGLA-2026-09-27,source_defined,No f3 inference used.
SW-000343,HT 17,source_word,2,9,11,9;10;11,SigLA explicit Word object/list,source_explicit,SIGLA,document word list,CC BY-NC-SA 4.0,P-SIGLA-2026-09-27,source_defined,No f3 inference used.
SW-000344,HT 18,source_word,0,1,2,1;2,SigLA explicit Word object/list,source_explicit,SIGLA,document word list,CC BY-NC-SA 4.0,P-SIGLA-2026-09-27,source_defined,No f3 inference used.
SW-000345,HT 18,source_word,1,6,7,6;7,SigLA explicit Word object/list,source_explicit,SIGLA,document word list,CC BY-NC-SA 4.0,P-SIGLA-2026-09-27,source_defined,No f3 inference used.
SW-000346,HT 19,source_word,0,1,3,1;2;3,SigLA explicit Word object/list,source_explicit,SIGLA,document word list,CC BY-NC-SA 4.0,P-SIGLA-2026-09-27,source_defined,No f3 inference used.
SW-000347,HT 19,source_word,1,6,7,6;7,SigLA explicit Word object/list,source_explicit,SIGLA,document word list,CC BY-NC-SA 4.0,P-SIGLA-2026-09-27,source_defined,No f3 inference used.
SW-000348,HT 19,source_word,2,9,11,9;10;11,SigLA explicit Word object/list,source_explicit,SIGLA,document word list,CC BY-NC-SA 4.0,P-SIGLA-2026-09-27,source_defined,No f3 inference used.
SW-000349,HT 2,source_word,0,1,3,1;2;3,SigLA explicit Word object/list,source_explicit,SIGLA,document word list,CC BY-NC-SA 4.0,P-SIGLA-2026-09-27,source_defined,No f3 inference used.
SW-000350,HT 2,source_word,1,7,10,7;8;9;10,SigLA explicit Word object/list,source_explicit,SIGLA,document word list,CC BY-NC-SA 4.0,P-SIGLA-2026-09-27,source_defined,No f3 inference used.
SW-000351,HT 20,source_word,0,1,3,1;2;3,SigLA explicit Word object/list,source_explicit,SIGLA,document word list,CC BY-NC-SA 4.0,P-SIGLA-2026-09-27,source_defined,No f3 inference used.
SW-000352,HT 20,source_word,1,4,6,4;5;6,SigLA explicit Word object/list,source_explicit,SIGLA,document word list,CC BY-NC-SA 4.0,P-SIGLA-2026-09-27,source_defined,No f3 inference used.
SW-000353,HT 20,source_word,2,8,10,8;9;10,SigLA explicit Word object/list,source_explicit,SIGLA,document word list,CC BY-NC-SA 4.0,P-SIGLA-2026-09-27,source_defined,No f3 inference used.
SW-000354,HT 20,source_word,3,15,17,15;16;17,SigLA explicit Word object/list,source_explicit,SIGLA,document word list,CC BY-NC-SA 4.0,P-SIGLA-2026-09-27,source_defined,No f3 inference used.
SW-000355,HT 21,source_word,0,1,4,1;2;3;4,SigLA explicit Word object/list,source_explicit,SIGLA,document word list,CC BY-NC-SA 4.0,P-SIGLA-2026-09-27,source_defined,No f3 inference used.
SW-000356,HT 23a,source_word,0,1,2,1;2,SigLA explicit Word object/list,source_explicit,SIGLA,document word list,CC BY-NC-SA 4.0,P-SIGLA-2026-09-27,source_defined,No f3 inference used.
SW-000357,HT 23a,source_word,1,19,22,19;20;21;22,SigLA explicit Word object/list,source_explicit,SIGLA,document word list,CC BY-NC-SA 4.0,P-SIGLA-2026-09-27,source_defined,No f3 inference used.
SW-000358,HT 23a,source_word,2,24,26,24;25;26,SigLA explicit Word object/list,source_explicit,SIGLA,document word list,CC BY-NC-SA 4.0,P-SIGLA-2026-09-27,source_defined,No f3 inference used.
SW-000359,HT 23a,source_word,3,29,30,29;30,SigLA explicit Word object/list,source_explicit,SIGLA,document word list,CC BY-NC-SA 4.0,P-SIGLA-2026-09-27,source_defined,No f3 inference used.
SW-000360,HT 23b,source_word,0,1,2,1;2,SigLA explicit Word object/list,source_explicit,SIGLA,document word list,CC BY-NC-SA 4.0,P-SIGLA-2026-09-27,source_defined,No f3 inference used.
SW-000361,HT 23b,source_word,1,8,8,8,SigLA explicit Word object/list,source_explicit,SIGLA,document word list,CC BY-NC-SA 4.0,P-SIGLA-2026-09-27,source_defined,No f3 inference used.
SW-000362,HT 23b,source_word,2,9,9,9,SigLA explicit Word object/list,source_explicit,SIGLA,document word list,CC BY-NC-SA 4.0,P-SIGLA-2026-09-27,source_defined,No f3 inference used.
SW-000363,HT 23b,source_word,3,,,,SigLA explicit Word object/list,source_explicit,SIGLA,document word list,CC BY-NC-SA 4.0,P-SIGLA-2026-09-27,source_defined,No f3 inference used.
SW-000364,HT 24a,source_word,0,1,4,1;2;3;4,SigLA explicit Word object/list,source_explicit,SIGLA,document word list,CC BY-NC-SA 4.0,P-SIGLA-2026-09-27,source_defined,No f3 inference used.
SW-000365,HT 24a,source_word,1,11,14,11;12;13;14,SigLA explicit Word object/list,source_explicit,SIGLA,document word list,CC BY-NC-SA 4.0,P-SIGLA-2026-09-27,source_defined,No f3 inference used.
SW-000366,HT 24a,source_word,2,16,19,16;18;19,SigLA explicit Word object/list,source_explicit,SIGLA,document word list,CC BY-NC-SA 4.0,P-SIGLA-2026-09-27,source_defined,No f3 inference used.
SW-000367,HT 25a,source_word,0,1,3,1;2;3,SigLA explicit Word object/list,source_explicit,SIGLA,document word list,CC BY-NC-SA 4.0,P-SIGLA-2026-09-27,source_defined,No f3 inference used.
SW-000368,HT 25a,source_word,1,4,5,4;5,SigLA explicit Word object/list,source_explicit,SIGLA,document word list,CC BY-NC-SA 4.0,P-SIGLA-2026-09-27,source_defined,No f3 inference used.
SW-000369,HT 25a,source_word,2,6,8,6;7;8,SigLA explicit Word object/list,source_explicit,SIGLA,document word list,CC BY-NC-SA 4.0,P-SIGLA-2026-09-27,source_defined,No f3 inference used.
SW-000370,HT 25a,source_word,3,9,11,9;10;11,SigLA explicit Word object/list,source_explicit,SIGLA,document word list,CC BY-NC-SA 4.0,P-SIGLA-2026-09-27,source_defined,No f3 inference used.
SW-000371,HT 25a,source_word,4,12,15,12;13;14;15,SigLA explicit Word object/list,source_explicit,SIGLA,document word list,CC BY-NC-SA 4.0,P-SIGLA-2026-09-27,source_defined,No f3 inference used.
SW-000372,HT 25a,source_word,5,16,18,16;17;18,SigLA explicit Word object/list,source_explicit,SIGLA,document word list,CC BY-NC-SA 4.0,P-SIGLA-2026-09-27,source_defined,No f3 inference used.
SW-000373,HT 25a,source_word,6,19,21,19;20;21,SigLA explicit Word object/list,source_explicit,SIGLA,document word list,CC BY-NC-SA 4.0,P-SIGLA-2026-09-27,source_defined,No f3 inference used.
SW-000374,HT 25a,source_word,7,22,24,22;23;24,SigLA explicit Word object/list,source_explicit,SIGLA,document word list,CC BY-NC-SA 4.0,P-SIGLA-2026-09-27,source_defined,No f3 inference used.
SW-000375,HT 25a,source_word,8,25,27,25;26;27,SigLA explicit Word object/list,source_explicit,SIGLA,document word list,CC BY-NC-SA 4.0,P-SIGLA-2026-09-27,source_defined,No f3 inference used.
SW-000376,HT 25b,source_word,0,,,,SigLA explicit Word object/list,source_explicit,SIGLA,document word list,CC BY-NC-SA 4.0,P-SIGLA-2026-09-27,source_defined,No f3 inference used.
SW-000377,HT 25b,source_word,1,2,3,2;3,SigLA explicit Word object/list,source_explicit,SIGLA,document word list,CC BY-NC-SA 4.0,P-SIGLA-2026-09-27,source_defined,No f3 inference used.
SW-000378,HT 25b,source_word,2,4,6,4;5;6,SigLA explicit Word object/list,source_explicit,SIGLA,document word list,CC BY-NC-SA 4.0,P-SIGLA-2026-09-27,source_defined,No f3 inference used.
SW-000379,HT 25b,source_word,3,7,8,7;8,SigLA explicit Word object/list,source_explicit,SIGLA,document word list,CC BY-NC-SA 4.0,P-SIGLA-2026-09-27,source_defined,No f3 inference used.
SW-000380,HT 25b,source_word,4,11,12,11;12,SigLA explicit Word object/list,source_explicit,SIGLA,document word list,CC BY-NC-SA 4.0,P-SIGLA-2026-09-27,source_defined,No f3 inference used.
SW-000381,HT 26a,source_word,0,2,4,2;3;4,SigLA explicit Word object/list,source_explicit,SIGLA,document word list,CC BY-NC-SA 4.0,P-SIGLA-2026-09-27,source_defined,No f3 inference used.
SW-000382,HT 26a,source_word,1,5,6,5;6,SigLA explicit Word object/list,source_explicit,SIGLA,document word list,CC BY-NC-SA 4.0,P-SIGLA-2026-09-27,source_defined,No f3 inference used.
SW-000383,HT 26a,source_word,2,7,10,7;8;9;10,SigLA explicit Word object/list,source_explicit,SIGLA,document word list,CC BY-NC-SA 4.0,P-SIGLA-2026-09-27,source_defined,No f3 inference used.
SW-000384,HT 26a,source_word,3,11,13,11;12;13,SigLA explicit Word object/list,source_explicit,SIGLA,document word list,CC BY-NC-SA 4.0,P-SIGLA-2026-09-27,source_defined,No f3 inference used.
SW-000385,HT 26b,source_word,0,,,,SigLA explicit Word object/list,source_explicit,SIGLA,document word list,CC BY-NC-SA 4.0,P-SIGLA-2026-09-27,source_defined,No f3 inference used.
SW-000386,HT 26b,source_word,1,4,6,4;5;6,SigLA explicit Word object/list,source_explicit,SIGLA,document word list,CC BY-NC-SA 4.0,P-SIGLA-2026-09-27,source_defined,No f3 inference used.
SW-000387,HT 26b,source_word,2,7,10,7;8;9;10,SigLA explicit Word object/list,source_explicit,SIGLA,document word list,CC BY-NC-SA 4.0,P-SIGLA-2026-09-27,source_defined,No f3 inference used.
SW-000388,HT 26b,source_word,3,12,13,12;13,SigLA explicit Word object/list,source_explicit,SIGLA,document word list,CC BY-NC-SA 4.0,P-SIGLA-2026-09-27,source_defined,No f3 inference used.
SW-000389,HT 26b,source_word,4,14,15,14;15,SigLA explicit Word object/list,source_explicit,SIGLA,document word list,CC BY-NC-SA 4.0,P-SIGLA-2026-09-27,source_defined,No f3 inference used.
SW-000390,HT 27a,source_word,0,1,3,1;2;3,SigLA explicit Word object/list,source_explicit,SIGLA,document word list,CC BY-NC-SA 4.0,P-SIGLA-2026-09-27,source_defined,No f3 inference used.
SW-000391,HT 27a,source_word,1,8,11,8;9;10;11,SigLA explicit Word object/list,source_explicit,SIGLA,document word list,CC BY-NC-SA 4.0,P-SIGLA-2026-09-27,source_defined,No f3 inference used.
SW-000392,HT 27a,source_word,2,12,12,12,SigLA explicit Word object/list,source_explicit,SIGLA,document word list,CC BY-NC-SA 4.0,P-SIGLA-2026-09-27,source_defined,No f3 inference used.
SW-000393,HT 27a,source_word,3,13,14,13;14,SigLA explicit Word object/list,source_explicit,SIGLA,document word list,CC BY-NC-SA 4.0,P-SIGLA-2026-09-27,source_defined,No f3 inference used.
SW-000394,HT 27a,source_word,4,15,16,15;16,SigLA explicit Word object/list,source_explicit,SIGLA,document word list,CC BY-NC-SA 4.0,P-SIGLA-2026-09-27,source_defined,No f3 inference used.
SW-000395,HT 27a,source_word,5,17,18,17;18,SigLA explicit Word object/list,source_explicit,SIGLA,document word list,CC BY-NC-SA 4.0,P-SIGLA-2026-09-27,source_defined,No f3 inference used.
SW-000396,HT 27a,source_word,6,19,21,19;20;21,SigLA explicit Word object/list,source_explicit,SIGLA,document word list,CC BY-NC-SA 4.0,P-SIGLA-2026-09-27,source_defined,No f3 inference used.
SW-000397,HT 27a,source_word,7,23,24,23;24,SigLA explicit Word object/list,source_explicit,SIGLA,document word list,CC BY-NC-SA 4.0,P-SIGLA-2026-09-27,source_defined,No f3 inference used.
SW-000398,HT 27b,source_word,0,1,2,1;2,SigLA explicit Word object/list,source_explicit,SIGLA,document word list,CC BY-NC-SA 4.0,P-SIGLA-2026-09-27,source_defined,No f3 inference used.
SW-000399,HT 27b,source_word,1,,,,SigLA explicit Word object/list,source_explicit,SIGLA,document word list,CC BY-NC-SA 4.0,P-SIGLA-2026-09-27,source_defined,No f3 inference used.
SW-000400,HT 27b,source_word,2,11,12,11;12,SigLA explicit Word object/list,source_explicit,SIGLA,document word list,CC BY-NC-SA 4.0,P-SIGLA-2026-09-27,source_defined,No f3 inference used.
SW-000401,HT 28a,source_word,0,1,4,1;2;3;4,SigLA explicit Word object/list,source_explicit,SIGLA,document word list,CC BY-NC-SA 4.0,P-SIGLA-2026-09-27,source_defined,No f3 inference used.
SW-000402,HT 28a,source_word,1,5,6,5;6,SigLA explicit Word object/list,source_explicit,SIGLA,document word list,CC BY-NC-SA 4.0,P-SIGLA-2026-09-27,source_defined,No f3 inference used.
SW-000403,HT 28a,source_word,2,14,15,14;15,SigLA explicit Word object/list,source_explicit,SIGLA,document word list,CC BY-NC-SA 4.0,P-SIGLA-2026-09-27,source_defined,No f3 inference used.
SW-000404,HT 28a,source_word,3,21,24,21;22;23;24,SigLA explicit Word object/list,source_explicit,SIGLA,document word list,CC BY-NC-SA 4.0,P-SIGLA-2026-09-27,source_defined,No f3 inference used.
SW-000405,HT 28a,source_word,4,28,30,28;29;30,SigLA explicit Word object/list,source_explicit,SIGLA,document word list,CC BY-NC-SA 4.0,P-SIGLA-2026-09-27,source_defined,No f3 inference used.
SW-000406,HT 28b,source_word,0,1,4,1;2;3;4,SigLA explicit Word object/list,source_explicit,SIGLA,document word list,CC BY-NC-SA 4.0,P-SIGLA-2026-09-27,source_defined,No f3 inference used.
SW-000407,HT 28b,source_word,1,5,8,5;6;7;8,SigLA explicit Word object/list,source_explicit,SIGLA,document word list,CC BY-NC-SA 4.0,P-SIGLA-2026-09-27,source_defined,No f3 inference used.
SW-000408,HT 28b,source_word,2,9,10,9;10,SigLA explicit Word object/list,source_explicit,SIGLA,document word list,CC BY-NC-SA 4.0,P-SIGLA-2026-09-27,source_defined,No f3 inference used.
SW-000409,HT 28b,source_word,3,15,16,15;16,SigLA explicit Word object/list,source_explicit,SIGLA,document word list,CC BY-NC-SA 4.0,P-SIGLA-2026-09-27,source_defined,No f3 inference used.
SW-000410,HT 28b,source_word,4,18,19,18;19,SigLA explicit Word object/list,source_explicit,SIGLA,document word list,CC BY-NC-SA 4.0,P-SIGLA-2026-09-27,source_defined,No f3 inference used.
SW-000411,HT 28b,source_word,5,22,24,22;23;24,SigLA explicit Word object/list,source_explicit,SIGLA,document word list,CC BY-NC-SA 4.0,P-SIGLA-2026-09-27,source_defined,No f3 inference used.
SW-000412,HT 29,source_word,0,1,3,1;2;3,SigLA explicit Word object/list,source_explicit,SIGLA,document word list,CC BY-NC-SA 4.0,P-SIGLA-2026-09-27,source_defined,No f3 inference used.
SW-000413,HT 29,source_word,1,5,7,5;6;7,SigLA explicit Word object/list,source_explicit,SIGLA,document word list,CC BY-NC-SA 4.0,P-SIGLA-2026-09-27,source_defined,No f3 inference used.
SW-000414,HT 29,source_word,2,9,12,9;10;12,SigLA explicit Word object/list,source_explicit,SIGLA,document word list,CC BY-NC-SA 4.0,P-SIGLA-2026-09-27,source_defined,No f3 inference used.
SW-000415,HT 29,source_word,3,13,15,13;14;15,SigLA explicit Word object/list,source_explicit,SIGLA,document word list,CC BY-NC-SA 4.0,P-SIGLA-2026-09-27,source_defined,No f3 inference used.
SW-000416,HT 29,source_word,4,16,18,16;17;18,SigLA explicit Word object/list,source_explicit,SIGLA,document word list,CC BY-NC-SA 4.0,P-SIGLA-2026-09-27,source_defined,No f3 inference used.
SW-000417,HT 29,source_word,5,22,26,22;23;24;26,SigLA explicit Word object/list,source_explicit,SIGLA,document word list,CC BY-NC-SA 4.0,P-SIGLA-2026-09-27,source_defined,No f3 inference used.
SW-000418,HT 29,source_word,6,27,31,27;28;30;31,SigLA explicit Word object/list,source_explicit,SIGLA,document word list,CC BY-NC-SA 4.0,P-SIGLA-2026-09-27,source_defined,No f3 inference used.
SW-000419,HT 3,source_word,0,1,2,1;2,SigLA explicit Word object/list,source_explicit,SIGLA,document word list,CC BY-NC-SA 4.0,P-SIGLA-2026-09-27,source_defined,No f3 inference used.
SW-000420,HT 3,source_word,1,3,4,3;4,SigLA explicit Word object/list,source_explicit,SIGLA,document word list,CC BY-NC-SA 4.0,P-SIGLA-2026-09-27,source_defined,No f3 inference used.
SW-000421,HT 3,source_word,2,5,7,5;6;7,SigLA explicit Word object/list,source_explicit,SIGLA,document word list,CC BY-NC-SA 4.0,P-SIGLA-2026-09-27,source_defined,No f3 inference used.
SW-000422,HT 3,source_word,3,,,,SigLA explicit Word object/list,source_explicit,SIGLA,document word list,CC BY-NC-SA 4.0,P-SIGLA-2026-09-27,source_defined,No f3 inference used.
SW-000423,HT 3,source_word,4,10,11,10;11,SigLA explicit Word object/list,source_explicit,SIGLA,document word list,CC BY-NC-SA 4.0,P-SIGLA-2026-09-27,source_defined,No f3 inference used.
SW-000424,HT 3,source_word,5,12,12,12,SigLA explicit Word object/list,source_explicit,SIGLA,document word list,CC BY-NC-SA 4.0,P-SIGLA-2026-09-27,source_defined,No f3 inference used.
SW-000425,HT 3,source_word,6,13,16,13;14;15;16,SigLA explicit Word object/list,source_explicit,SIGLA,document word list,CC BY-NC-SA 4.0,P-SIGLA-2026-09-27,source_defined,No f3 inference used.
SW-000426,HT 3,source_word,7,,,,SigLA explicit Word object/list,source_explicit,SIGLA,document word list,CC BY-NC-SA 4.0,P-SIGLA-2026-09-27,source_defined,No f3 inference used.
SW-000427,HT 3,source_word,8,18,20,18;19;20,SigLA explicit Word object/list,source_explicit,SIGLA,document word list,CC BY-NC-SA 4.0,P-SIGLA-2026-09-27,source_defined,No f3 inference used.
SW-000428,HT 3,source_word,9,21,22,21;22,SigLA explicit Word object/list,source_explicit,SIGLA,document word list,CC BY-NC-SA 4.0,P-SIGLA-2026-09-27,source_defined,No f3 inference used.
SW-000429,HT 3,source_word,10,23,23,23,SigLA explicit Word object/list,source_explicit,SIGLA,document word list,CC BY-NC-SA 4.0,P-SIGLA-2026-09-27,source_defined,No f3 inference used.
SW-000430,HT 30,source_word,0,2,3,2;3,SigLA explicit Word object/list,source_explicit,SIGLA,document word list,CC BY-NC-SA 4.0,P-SIGLA-2026-09-27,source_defined,No f3 inference used.
SW-000431,HT 30,source_word,1,15,17,15;16;17,SigLA explicit Word object/list,source_explicit,SIGLA,document word list,CC BY-NC-SA 4.0,P-SIGLA-2026-09-27,source_defined,No f3 inference used.
SW-000432,HT 30,source_word,2,20,21,20;21,SigLA explicit Word object/list,source_explicit,SIGLA,document word list,CC BY-NC-SA 4.0,P-SIGLA-2026-09-27,source_defined,No f3 inference used.
SW-000433,HT 31,source_word,0,2,3,2;3,SigLA explicit Word object/list,source_explicit,SIGLA,document word list,CC BY-NC-SA 4.0,P-SIGLA-2026-09-27,source_defined,No f3 inference used.
SW-000434,HT 31,source_word,1,4,5,4;5,SigLA explicit Word object/list,source_explicit,SIGLA,document word list,CC BY-NC-SA 4.0,P-SIGLA-2026-09-27,source_defined,No f3 inference used.
SW-000435,HT 31,source_word,2,8,9,8;9,SigLA explicit Word object/list,source_explicit,SIGLA,document word list,CC BY-NC-SA 4.0,P-SIGLA-2026-09-27,source_defined,No f3 inference used.
SW-000436,HT 31,source_word,3,11,12,11;12,SigLA explicit Word object/list,source_explicit,SIGLA,document word list,CC BY-NC-SA 4.0,P-SIGLA-2026-09-27,source_defined,No f3 inference used.
SW-000437,HT 31,source_word,4,14,16,14;15;16,SigLA explicit Word object/list,source_explicit,SIGLA,document word list,CC BY-NC-SA 4.0,P-SIGLA-2026-09-27,source_defined,No f3 inference used.
SW-000438,HT 31,source_word,5,17,19,17;18;19,SigLA explicit Word object/list,source_explicit,SIGLA,document word list,CC BY-NC-SA 4.0,P-SIGLA-2026-09-27,source_defined,No f3 inference used.
SW-000439,HT 31,source_word,6,20,24,20;21;22;23;24,SigLA explicit Word object/list,source_explicit,SIGLA,document word list,CC BY-NC-SA 4.0,P-SIGLA-2026-09-27,source_defined,No f3 inference used.
SW-000440,HT 31,source_word,7,27,29,27;28;29,SigLA explicit Word object/list,source_explicit,SIGLA,document word list,CC BY-NC-SA 4.0,P-SIGLA-2026-09-27,source_defined,No f3 inference used.
SW-000441,HT 31,source_word,8,31,33,31;32;33,SigLA explicit Word object/list,source_explicit,SIGLA,document word list,CC BY-NC-SA 4.0,P-SIGLA-2026-09-27,source_defined,No f3 inference used.
SW-000442,HT 32,source_word,0,2,3,2;3,SigLA explicit Word object/list,source_explicit,SIGLA,document word list,CC BY-NC-SA 4.0,P-SIGLA-2026-09-27,source_defined,No f3 inference used.
SW-000443,HT 32,source_word,1,13,14,13;14,SigLA explicit Word object/list,source_explicit,SIGLA,document word list,CC BY-NC-SA 4.0,P-SIGLA-2026-09-27,source_defined,No f3 inference used.
SW-000444,HT 33,source_word,0,,,,SigLA explicit Word object/list,source_explicit,SIGLA,document word list,CC BY-NC-SA 4.0,P-SIGLA-2026-09-27,source_defined,No f3 inference used.
SW-000445,HT 33,source_word,1,2,3,2;3,SigLA explicit Word object/list,source_explicit,SIGLA,document word list,CC BY-NC-SA 4.0,P-SIGLA-2026-09-27,source_defined,No f3 inference used.
SW-000446,HT 34,source_word,0,1,3,1;2;3,SigLA explicit Word object/list,source_explicit,SIGLA,document word list,CC BY-NC-SA 4.0,P-SIGLA-2026-09-27,source_defined,No f3 inference used.
SW-000447,HT 34,source_word,1,4,5,4;5,SigLA explicit Word object/list,source_explicit,SIGLA,document word list,CC BY-NC-SA 4.0,P-SIGLA-2026-09-27,source_defined,No f3 inference used.
SW-000448,HT 34,source_word,2,6,7,6;7,SigLA explicit Word object/list,source_explicit,SIGLA,document word list,CC BY-NC-SA 4.0,P-SIGLA-2026-09-27,source_defined,No f3 inference used.
SW-000449,HT 34,source_word,3,23,24,23;24,SigLA explicit Word object/list,source_explicit,SIGLA,document word list,CC BY-NC-SA 4.0,P-SIGLA-2026-09-27,source_defined,No f3 inference used.
SW-000450,HT 35,source_word,0,1,3,1;2;3,SigLA explicit Word object/list,source_explicit,SIGLA,document word list,CC BY-NC-SA 4.0,P-SIGLA-2026-09-27,source_defined,No f3 inference used.
SW-000451,HT 35,source_word,1,5,7,5;6;7,SigLA explicit Word object/list,source_explicit,SIGLA,document word list,CC BY-NC-SA 4.0,P-SIGLA-2026-09-27,source_defined,No f3 inference used.
SW-000452,HT 36,source_word,0,1,2,1;2,SigLA explicit Word object/list,source_explicit,SIGLA,document word list,CC BY-NC-SA 4.0,P-SIGLA-2026-09-27,source_defined,No f3 inference used.
SW-000453,HT 36,source_word,1,9,11,9;10;11,SigLA explicit Word object/list,source_explicit,SIGLA,document word list,CC BY-NC-SA 4.0,P-SIGLA-2026-09-27,source_defined,No f3 inference used.
SW-000454,HT 37,source_word,0,2,3,2;3,SigLA explicit Word object/list,source_explicit,SIGLA,document word list,CC BY-NC-SA 4.0,P-SIGLA-2026-09-27,source_defined,No f3 inference used.
SW-000455,HT 37,source_word,1,5,6,5;6,SigLA explicit Word object/list,source_explicit,SIGLA,document word list,CC BY-NC-SA 4.0,P-SIGLA-2026-09-27,source_defined,No f3 inference used.
SW-000456,HT 37,source_word,2,,,,SigLA explicit Word object/list,source_explicit,SIGLA,document word list,CC BY-NC-SA 4.0,P-SIGLA-2026-09-27,source_defined,No f3 inference used.
SW-000457,HT 37,source_word,3,9,11,9;10;11,SigLA explicit Word object/list,source_explicit,SIGLA,document word list,CC BY-NC-SA 4.0,P-SIGLA-2026-09-27,source_defined,No f3 inference used.
SW-000458,HT 37,source_word,4,12,13,12;13,SigLA explicit Word object/list,source_explicit,SIGLA,document word list,CC BY-NC-SA 4.0,P-SIGLA-2026-09-27,source_defined,No f3 inference used.
SW-000459,HT 37,source_word,5,14,15,14;15,SigLA explicit Word object/list,source_explicit,SIGLA,document word list,CC BY-NC-SA 4.0,P-SIGLA-2026-09-27,source_defined,No f3 inference used.
SW-000460,HT 37,source_word,6,16,17,16;17,SigLA explicit Word object/list,source_explicit,SIGLA,document word list,CC BY-NC-SA 4.0,P-SIGLA-2026-09-27,source_defined,No f3 inference used.
SW-000461,HT 37,source_word,7,19,19,19,SigLA explicit Word object/list,source_explicit,SIGLA,document word list,CC BY-NC-SA 4.0,P-SIGLA-2026-09-27,source_defined,No f3 inference used.
SW-000462,HT 38,source_word,0,2,4,2;3;4,SigLA explicit Word object/list,source_explicit,SIGLA,document word list,CC BY-NC-SA 4.0,P-SIGLA-2026-09-27,source_defined,No f3 inference used.
SW-000463,HT 39,source_word,0,1,3,1;2;3,SigLA explicit Word object/list,source_explicit,SIGLA,document word list,CC BY-NC-SA 4.0,P-SIGLA-2026-09-27,source_defined,No f3 inference used.
SW-000464,HT 39,source_word,1,4,6,4;5;6,SigLA explicit Word object/list,source_explicit,SIGLA,document word list,CC BY-NC-SA 4.0,P-SIGLA-2026-09-27,source_defined,No f3 inference used.
SW-000465,HT 39,source_word,2,7,7,7,SigLA explicit Word object/list,source_explicit,SIGLA,document word list,CC BY-NC-SA 4.0,P-SIGLA-2026-09-27,source_defined,No f3 inference used.
SW-000466,HT 39,source_word,3,8,10,8;9;10,SigLA explicit Word object/list,source_explicit,SIGLA,document word list,CC BY-NC-SA 4.0,P-SIGLA-2026-09-27,source_defined,No f3 inference used.
SW-000467,HT 39,source_word,4,11,12,11;12,SigLA explicit Word object/list,source_explicit,SIGLA,document word list,CC BY-NC-SA 4.0,P-SIGLA-2026-09-27,source_defined,No f3 inference used.
SW-000468,HT 39,source_word,5,13,14,13;14,SigLA explicit Word object/list,source_explicit,SIGLA,document word list,CC BY-NC-SA 4.0,P-SIGLA-2026-09-27,source_defined,No f3 inference used.
SW-000469,HT 4,source_word,0,2,6,2;3;4;5;6,SigLA explicit Word object/list,source_explicit,SIGLA,document word list,CC BY-NC-SA 4.0,P-SIGLA-2026-09-27,source_defined,No f3 inference used.
SW-000470,HT 4,source_word,1,8,10,8;9;10,SigLA explicit Word object/list,source_explicit,SIGLA,document word list,CC BY-NC-SA 4.0,P-SIGLA-2026-09-27,source_defined,No f3 inference used.
SW-000471,HT 4,source_word,2,11,12,11;12,SigLA explicit Word object/list,source_explicit,SIGLA,document word list,CC BY-NC-SA 4.0,P-SIGLA-2026-09-27,source_defined,No f3 inference used.
SW-000472,HT 4,source_word,3,13,16,13;14;15;16,SigLA explicit Word object/list,source_explicit,SIGLA,document word list,CC BY-NC-SA 4.0,P-SIGLA-2026-09-27,source_defined,No f3 inference used.
SW-000473,HT 40,source_word,0,1,3,1;2;3,SigLA explicit Word object/list,source_explicit,SIGLA,document word list,CC BY-NC-SA 4.0,P-SIGLA-2026-09-27,source_defined,No f3 inference used.
SW-000474,HT 40,source_word,1,6,8,6;7;8,SigLA explicit Word object/list,source_explicit,SIGLA,document word list,CC BY-NC-SA 4.0,P-SIGLA-2026-09-27,source_defined,No f3 inference used.
SW-000475,HT 40,source_word,2,10,11,10;11,SigLA explicit Word object/list,source_explicit,SIGLA,document word list,CC BY-NC-SA 4.0,P-SIGLA-2026-09-27,source_defined,No f3 inference used.
SW-000476,HT 40,source_word,3,12,12,12,SigLA explicit Word object/list,source_explicit,SIGLA,document word list,CC BY-NC-SA 4.0,P-SIGLA-2026-09-27,source_defined,No f3 inference used.
SW-000477,HT 41a,source_word,0,1,2,1;2,SigLA explicit Word object/list,source_explicit,SIGLA,document word list,CC BY-NC-SA 4.0,P-SIGLA-2026-09-27,source_defined,No f3 inference used.
SW-000478,HT 41a,source_word,1,7,9,7;8;9,SigLA explicit Word object/list,source_explicit,SIGLA,document word list,CC BY-NC-SA 4.0,P-SIGLA-2026-09-27,source_defined,No f3 inference used.
SW-000479,HT 41a,source_word,2,10,11,10;11,SigLA explicit Word object/list,source_explicit,SIGLA,document word list,CC BY-NC-SA 4.0,P-SIGLA-2026-09-27,source_defined,No f3 inference used.
SW-000480,HT 41b,source_word,0,,,,SigLA explicit Word object/list,source_explicit,SIGLA,document word list,CC BY-NC-SA 4.0,P-SIGLA-2026-09-27,source_defined,No f3 inference used.
SW-000481,HT 42+59,source_word,0,1,1,1,SigLA explicit Word object/list,source_explicit,SIGLA,document word list,CC BY-NC-SA 4.0,P-SIGLA-2026-09-27,source_defined,No f3 inference used.
SW-000482,HT 42+59,source_word,1,6,7,6;7,SigLA explicit Word object/list,source_explicit,SIGLA,document word list,CC BY-NC-SA 4.0,P-SIGLA-2026-09-27,source_defined,No f3 inference used.
SW-000483,HT 42+59,source_word,2,10,10,10,SigLA explicit Word object/list,source_explicit,SIGLA,document word list,CC BY-NC-SA 4.0,P-SIGLA-2026-09-27,source_defined,No f3 inference used.
SW-000484,HT 42+59,source_word,3,13,14,13;14,SigLA explicit Word object/list,source_explicit,SIGLA,document word list,CC BY-NC-SA 4.0,P-SIGLA-2026-09-27,source_defined,No f3 inference used.
SW-000485,HT 42+59,source_word,4,15,16,15;16,SigLA explicit Word object/list,source_explicit,SIGLA,document word list,CC BY-NC-SA 4.0,P-SIGLA-2026-09-27,source_defined,No f3 inference used.
SW-000486,HT 43,source_word,0,1,3,1;2;3,SigLA explicit Word object/list,source_explicit,SIGLA,document word list,CC BY-NC-SA 4.0,P-SIGLA-2026-09-27,source_defined,No f3 inference used.
SW-000487,HT 43,source_word,1,4,6,4;5;6,SigLA explicit Word object/list,source_explicit,SIGLA,document word list,CC BY-NC-SA 4.0,P-SIGLA-2026-09-27,source_defined,No f3 inference used.
SW-000488,HT 44a,source_word,0,1,3,1;2;3,SigLA explicit Word object/list,source_explicit,SIGLA,document word list,CC BY-NC-SA 4.0,P-SIGLA-2026-09-27,source_defined,No f3 inference used.
SW-000489,HT 44b,source_word,0,1,1,1,SigLA explicit Word object/list,source_explicit,SIGLA,document word list,CC BY-NC-SA 4.0,P-SIGLA-2026-09-27,source_defined,No f3 inference used.
SW-000490,HT 45a,source_word,0,2,2,2,SigLA explicit Word object/list,source_explicit,SIGLA,document word list,CC BY-NC-SA 4.0,P-SIGLA-2026-09-27,source_defined,No f3 inference used.
SW-000491,HT 45b,source_word,0,5,5,5,SigLA explicit Word object/list,source_explicit,SIGLA,document word list,CC BY-NC-SA 4.0,P-SIGLA-2026-09-27,source_defined,No f3 inference used.
SW-000492,HT 45b,source_word,1,11,13,11;13,SigLA explicit Word object/list,source_explicit,SIGLA,document word list,CC BY-NC-SA 4.0,P-SIGLA-2026-09-27,source_defined,No f3 inference used.
SW-000493,HT 46a,source_word,0,1,2,1;2,SigLA explicit Word object/list,source_explicit,SIGLA,document word list,CC BY-NC-SA 4.0,P-SIGLA-2026-09-27,source_defined,No f3 inference used.
SW-000494,HT 46a,source_word,1,,,,SigLA explicit Word object/list,source_explicit,SIGLA,document word list,CC BY-NC-SA 4.0,P-SIGLA-2026-09-27,source_defined,No f3 inference used.
SW-000495,HT 46a,source_word,2,4,5,4;5,SigLA explicit Word object/list,source_explicit,SIGLA,document word list,CC BY-NC-SA 4.0,P-SIGLA-2026-09-27,source_defined,No f3 inference used.
SW-000496,HT 47a,source_word,0,1,1,1,SigLA explicit Word object/list,source_explicit,SIGLA,document word list,CC BY-NC-SA 4.0,P-SIGLA-2026-09-27,source_defined,No f3 inference used.
SW-000497,HT 47a,source_word,1,3,6,3;4;5;6,SigLA explicit Word object/list,source_explicit,SIGLA,document word list,CC BY-NC-SA 4.0,P-SIGLA-2026-09-27,source_defined,No f3 inference used.
SW-000498,HT 47a,source_word,2,7,7,7,SigLA explicit Word object/list,source_explicit,SIGLA,document word list,CC BY-NC-SA 4.0,P-SIGLA-2026-09-27,source_defined,No f3 inference used.
SW-000499,HT 47a,source_word,3,8,8,8,SigLA explicit Word object/list,source_explicit,SIGLA,document word list,CC BY-NC-SA 4.0,P-SIGLA-2026-09-27,source_defined,No f3 inference used.
SW-000500,HT 47a,source_word,4,9,9,9,SigLA explicit Word object/list,source_explicit,SIGLA,document word list,CC BY-NC-SA 4.0,P-SIGLA-2026-09-27,source_defined,No f3 inference used.
SW-000501,HT 47a,source_word,5,10,12,10;11;12,SigLA explicit Word object/list,source_explicit,SIGLA,document word list,CC BY-NC-SA 4.0,P-SIGLA-2026-09-27,source_defined,No f3 inference used.
SW-000502,HT 47a,source_word,6,,,,SigLA explicit Word object/list,source_explicit,SIGLA,document word list,CC BY-NC-SA 4.0,P-SIGLA-2026-09-27,source_defined,No f3 inference used.
SW-000503,HT 47a,source_word,7,14,16,14;15;16,SigLA explicit Word object/list,source_explicit,SIGLA,document word list,CC BY-NC-SA 4.0,P-SIGLA-2026-09-27,source_defined,No f3 inference used.
SW-000504,HT 47b,source_word,0,1,3,1;2;3,SigLA explicit Word object/list,source_explicit,SIGLA,document word list,CC BY-NC-SA 4.0,P-SIGLA-2026-09-27,source_defined,No f3 inference used.
SW-000505,HT 49a,source_word,0,2,3,2;3,SigLA explicit Word object/list,source_explicit,SIGLA,document word list,CC BY-NC-SA 4.0,P-SIGLA-2026-09-27,source_defined,No f3 inference used.
SW-000506,HT 49a,source_word,1,4,6,4;5;6,SigLA explicit Word object/list,source_explicit,SIGLA,document word list,CC BY-NC-SA 4.0,P-SIGLA-2026-09-27,source_defined,No f3 inference used.
SW-000507,HT 49a,source_word,2,,,,SigLA explicit Word object/list,source_explicit,SIGLA,document word list,CC BY-NC-SA 4.0,P-SIGLA-2026-09-27,source_defined,No f3 inference used.
SW-000508,HT 49a,source_word,3,8,8,8,SigLA explicit Word object/list,source_explicit,SIGLA,document word list,CC BY-NC-SA 4.0,P-SIGLA-2026-09-27,source_defined,No f3 inference used.
SW-000509,HT 49a,source_word,4,9,10,9;10,SigLA explicit Word object/list,source_explicit,SIGLA,document word list,CC BY-NC-SA 4.0,P-SIGLA-2026-09-27,source_defined,No f3 inference used.
SW-000510,HT 49a,source_word,5,,,,SigLA explicit Word object/list,source_explicit,SIGLA,document word list,CC BY-NC-SA 4.0,P-SIGLA-2026-09-27,source_defined,No f3 inference used.
SW-000511,HT 49a,source_word,6,12,14,12;13;14,SigLA explicit Word object/list,source_explicit,SIGLA,document word list,CC BY-NC-SA 4.0,P-SIGLA-2026-09-27,source_defined,No f3 inference used.
SW-000512,HT 49a,source_word,7,,,,SigLA explicit Word object/list,source_explicit,SIGLA,document word list,CC BY-NC-SA 4.0,P-SIGLA-2026-09-27,source_defined,No f3 inference used.
SW-000513,HT 49a,source_word,8,17,18,17;18,SigLA explicit Word object/list,source_explicit,SIGLA,document word list,CC BY-NC-SA 4.0,P-SIGLA-2026-09-27,source_defined,No f3 inference used.
SW-000514,HT 49a,source_word,9,19,20,19;20,SigLA explicit Word object/list,source_explicit,SIGLA,document word list,CC BY-NC-SA 4.0,P-SIGLA-2026-09-27,source_defined,No f3 inference used.
SW-000515,HT 49a,source_word,10,23,25,23;24;25,SigLA explicit Word object/list,source_explicit,SIGLA,document word list,CC BY-NC-SA 4.0,P-SIGLA-2026-09-27,source_defined,No f3 inference used.
SW-000516,HT 49a,source_word,11,26,28,26;27;28,SigLA explicit Word object/list,source_explicit,SIGLA,document word list,CC BY-NC-SA 4.0,P-SIGLA-2026-09-27,source_defined,No f3 inference used.
SW-000517,HT 49b,source_word,0,1,1,1,SigLA explicit Word object/list,source_explicit,SIGLA,document word list,CC BY-NC-SA 4.0,P-SIGLA-2026-09-27,source_defined,No f3 inference used.
SW-000518,HT 49b,source_word,1,2,2,2,SigLA explicit Word object/list,source_explicit,SIGLA,document word list,CC BY-NC-SA 4.0,P-SIGLA-2026-09-27,source_defined,No f3 inference used.
SW-000519,HT 49b,source_word,2,3,3,3,SigLA explicit Word object/list,source_explicit,SIGLA,document word list,CC BY-NC-SA 4.0,P-SIGLA-2026-09-27,source_defined,No f3 inference used.
SW-000520,HT 49b,source_word,3,,,,SigLA explicit Word object/list,source_explicit,SIGLA,document word list,CC BY-NC-SA 4.0,P-SIGLA-2026-09-27,source_defined,No f3 inference used.
SW-000521,HT 49b,source_word,4,5,5,5,SigLA explicit Word object/list,source_explicit,SIGLA,document word list,CC BY-NC-SA 4.0,P-SIGLA-2026-09-27,source_defined,No f3 inference used.
SW-000522,HT 49b,source_word,5,,,,SigLA explicit Word object/list,source_explicit,SIGLA,document word list,CC BY-NC-SA 4.0,P-SIGLA-2026-09-27,source_defined,No f3 inference used.
SW-000523,HT 49b,source_word,6,,,,SigLA explicit Word object/list,source_explicit,SIGLA,document word list,CC BY-NC-SA 4.0,P-SIGLA-2026-09-27,source_defined,No f3 inference used.
SW-000524,HT 5,source_word,0,1,1,1,SigLA explicit Word object/list,source_explicit,SIGLA,document word list,CC BY-NC-SA 4.0,P-SIGLA-2026-09-27,source_defined,No f3 inference used.
SW-000525,HT 5,source_word,1,2,3,2;3,SigLA explicit Word object/list,source_explicit,SIGLA,document word list,CC BY-NC-SA 4.0,P-SIGLA-2026-09-27,source_defined,No f3 inference used.
SW-000526,HT 5,source_word,2,5,6,5;6,SigLA explicit Word object/list,source_explicit,SIGLA,document word list,CC BY-NC-SA 4.0,P-SIGLA-2026-09-27,source_defined,No f3 inference used.
SW-000527,HT 5,source_word,3,,,,SigLA explicit Word object/list,source_explicit,SIGLA,document word list,CC BY-NC-SA 4.0,P-SIGLA-2026-09-27,source_defined,No f3 inference used.
SW-000528,HT 50a,source_word,0,,,,SigLA explicit Word object/list,source_explicit,SIGLA,document word list,CC BY-NC-SA 4.0,P-SIGLA-2026-09-27,source_defined,No f3 inference used.
SW-000529,HT 50b,source_word,0,,,,SigLA explicit Word object/list,source_explicit,SIGLA,document word list,CC BY-NC-SA 4.0,P-SIGLA-2026-09-27,source_defined,No f3 inference used.
SW-000530,HT 51a,source_word,0,5,6,5;6,SigLA explicit Word object/list,source_explicit,SIGLA,document word list,CC BY-NC-SA 4.0,P-SIGLA-2026-09-27,source_defined,No f3 inference used.
SW-000531,HT 51a,source_word,1,8,8,8,SigLA explicit Word object/list,source_explicit,SIGLA,document word list,CC BY-NC-SA 4.0,P-SIGLA-2026-09-27,source_defined,No f3 inference used.
SW-000532,HT 51b,source_word,0,1,3,1;2;3,SigLA explicit Word object/list,source_explicit,SIGLA,document word list,CC BY-NC-SA 4.0,P-SIGLA-2026-09-27,source_defined,No f3 inference used.
SW-000533,HT 51b,source_word,1,4,5,4;5,SigLA explicit Word object/list,source_explicit,SIGLA,document word list,CC BY-NC-SA 4.0,P-SIGLA-2026-09-27,source_defined,No f3 inference used.
SW-000534,HT 51b,source_word,2,8,8,8,SigLA explicit Word object/list,source_explicit,SIGLA,document word list,CC BY-NC-SA 4.0,P-SIGLA-2026-09-27,source_defined,No f3 inference used.
SW-000535,HT 52a,source_word,0,1,2,1;2,SigLA explicit Word object/list,source_explicit,SIGLA,document word list,CC BY-NC-SA 4.0,P-SIGLA-2026-09-27,source_defined,No f3 inference used.
SW-000536,HT 52a,source_word,1,5,7,5;6;7,SigLA explicit Word object/list,source_explicit,SIGLA,document word list,CC BY-NC-SA 4.0,P-SIGLA-2026-09-27,source_defined,No f3 inference used.
SW-000537,HT 52b,source_word,0,1,1,1,SigLA explicit Word object/list,source_explicit,SIGLA,document word list,CC BY-NC-SA 4.0,P-SIGLA-2026-09-27,source_defined,No f3 inference used.
SW-000538,HT 53a,source_word,0,,,,SigLA explicit Word object/list,source_explicit,SIGLA,document word list,CC BY-NC-SA 4.0,P-SIGLA-2026-09-27,source_defined,No f3 inference used.
SW-000539,HT 53a,source_word,1,2,3,2;3,SigLA explicit Word object/list,source_explicit,SIGLA,document word list,CC BY-NC-SA 4.0,P-SIGLA-2026-09-27,source_defined,No f3 inference used.
SW-000540,HT 53a,source_word,2,,,,SigLA explicit Word object/list,source_explicit,SIGLA,document word list,CC BY-NC-SA 4.0,P-SIGLA-2026-09-27,source_defined,No f3 inference used.
SW-000541,HT 53a,source_word,3,,,,SigLA explicit Word object/list,source_explicit,SIGLA,document word list,CC BY-NC-SA 4.0,P-SIGLA-2026-09-27,source_defined,No f3 inference used.
SW-000542,HT 53a,source_word,4,7,7,7,SigLA explicit Word object/list,source_explicit,SIGLA,document word list,CC BY-NC-SA 4.0,P-SIGLA-2026-09-27,source_defined,No f3 inference used.
SW-000543,HT 53b,source_word,0,,,,SigLA explicit Word object/list,source_explicit,SIGLA,document word list,CC BY-NC-SA 4.0,P-SIGLA-2026-09-27,source_defined,No f3 inference used.
SW-000544,HT 53b,source_word,1,2,3,2;3,SigLA explicit Word object/list,source_explicit,SIGLA,document word list,CC BY-NC-SA 4.0,P-SIGLA-2026-09-27,source_defined,No f3 inference used.
SW-000545,HT 54a,source_word,0,,,,SigLA explicit Word object/list,source_explicit,SIGLA,document word list,CC BY-NC-SA 4.0,P-SIGLA-2026-09-27,source_defined,No f3 inference used.
SW-000546,HT 54a,source_word,1,3,6,3;4;5;6,SigLA explicit Word object/list,source_explicit,SIGLA,document word list,CC BY-NC-SA 4.0,P-SIGLA-2026-09-27,source_defined,No f3 inference used.
SW-000547,HT 54a,source_word,2,7,7,7,SigLA explicit Word object/list,source_explicit,SIGLA,document word list,CC BY-NC-SA 4.0,P-SIGLA-2026-09-27,source_defined,No f3 inference used.
SW-000548,HT 54a,source_word,3,8,9,8;9,SigLA explicit Word object/list,source_explicit,SIGLA,document word list,CC BY-NC-SA 4.0,P-SIGLA-2026-09-27,source_defined,No f3 inference used.
SW-000549,HT 54b,source_word,0,1,1,1,SigLA explicit Word object/list,source_explicit,SIGLA,document word list,CC BY-NC-SA 4.0,P-SIGLA-2026-09-27,source_defined,No f3 inference used.
SW-000550,HT 55a,source_word,0,1,2,1;2,SigLA explicit Word object/list,source_explicit,SIGLA,document word list,CC BY-NC-SA 4.0,P-SIGLA-2026-09-27,source_defined,No f3 inference used.
SW-000551,HT 55a,source_word,1,3,4,3;4,SigLA explicit Word object/list,source_explicit,SIGLA,document word list,CC BY-NC-SA 4.0,P-SIGLA-2026-09-27,source_defined,No f3 inference used.
SW-000552,HT 55a,source_word,2,6,7,6;7,SigLA explicit Word object/list,source_explicit,SIGLA,document word list,CC BY-NC-SA 4.0,P-SIGLA-2026-09-27,source_defined,No f3 inference used.
SW-000553,HT 55a,source_word,3,8,8,8,SigLA explicit Word object/list,source_explicit,SIGLA,document word list,CC BY-NC-SA 4.0,P-SIGLA-2026-09-27,source_defined,No f3 inference used.
SW-000554,HT 55a,source_word,4,9,9,9,SigLA explicit Word object/list,source_explicit,SIGLA,document word list,CC BY-NC-SA 4.0,P-SIGLA-2026-09-27,source_defined,No f3 inference used.
SW-000555,HT 55a,source_word,5,,,,SigLA explicit Word object/list,source_explicit,SIGLA,document word list,CC BY-NC-SA 4.0,P-SIGLA-2026-09-27,source_defined,No f3 inference used.
SW-000556,HT 55b,source_word,0,1,1,1,SigLA explicit Word object/list,source_explicit,SIGLA,document word list,CC BY-NC-SA 4.0,P-SIGLA-2026-09-27,source_defined,No f3 inference used.
SW-000557,HT 55b,source_word,1,2,2,2,SigLA explicit Word object/list,source_explicit,SIGLA,document word list,CC BY-NC-SA 4.0,P-SIGLA-2026-09-27,source_defined,No f3 inference used.
SW-000558,HT 55b,source_word,2,3,4,3;4,SigLA explicit Word object/list,source_explicit,SIGLA,document word list,CC BY-NC-SA 4.0,P-SIGLA-2026-09-27,source_defined,No f3 inference used.
SW-000559,HT 55b,source_word,3,5,5,5,SigLA explicit Word object/list,source_explicit,SIGLA,document word list,CC BY-NC-SA 4.0,P-SIGLA-2026-09-27,source_defined,No f3 inference used.
SW-000560,HT 56a,source_word,0,2,2,2,SigLA explicit Word object/list,source_explicit,SIGLA,document word list,CC BY-NC-SA 4.0,P-SIGLA-2026-09-27,source_defined,No f3 inference used.
SW-000561,HT 56a,source_word,1,4,4,4,SigLA explicit Word object/list,source_explicit,SIGLA,document word list,CC BY-NC-SA 4.0,P-SIGLA-2026-09-27,source_defined,No f3 inference used.
SW-000562,HT 57a,source_word,0,1,4,1;3;4,SigLA explicit Word object/list,source_explicit,SIGLA,document word list,CC BY-NC-SA 4.0,P-SIGLA-2026-09-27,source_defined,No f3 inference used.
SW-000563,HT 57a,source_word,1,5,5,5,SigLA explicit Word object/list,source_explicit,SIGLA,document word list,CC BY-NC-SA 4.0,P-SIGLA-2026-09-27,source_defined,No f3 inference used.
SW-000564,HT 58,source_word,0,1,4,1;2;3;4,SigLA explicit Word object/list,source_explicit,SIGLA,document word list,CC BY-NC-SA 4.0,P-SIGLA-2026-09-27,source_defined,No f3 inference used.
SW-000565,HT 58,source_word,1,10,10,10,SigLA explicit Word object/list,source_explicit,SIGLA,document word list,CC BY-NC-SA 4.0,P-SIGLA-2026-09-27,source_defined,No f3 inference used.
SW-000566,HT 61,source_word,0,1,2,1;2,SigLA explicit Word object/list,source_explicit,SIGLA,document word list,CC BY-NC-SA 4.0,P-SIGLA-2026-09-27,source_defined,No f3 inference used.
SW-000567,HT 62+73,source_word,0,2,3,2;3,SigLA explicit Word object/list,source_explicit,SIGLA,document word list,CC BY-NC-SA 4.0,P-SIGLA-2026-09-27,source_defined,No f3 inference used.
SW-000568,HT 62+73,source_word,1,7,7,7,SigLA explicit Word object/list,source_explicit,SIGLA,document word list,CC BY-NC-SA 4.0,P-SIGLA-2026-09-27,source_defined,No f3 inference used.
SW-000569,HT 62+73,source_word,2,10,11,10;11,SigLA explicit Word object/list,source_explicit,SIGLA,document word list,CC BY-NC-SA 4.0,P-SIGLA-2026-09-27,source_defined,No f3 inference used.
SW-000570,HT 62+73,source_word,3,12,13,12;13,SigLA explicit Word object/list,source_explicit,SIGLA,document word list,CC BY-NC-SA 4.0,P-SIGLA-2026-09-27,source_defined,No f3 inference used.
SW-000571,HT 62+73,source_word,4,18,18,18,SigLA explicit Word object/list,source_explicit,SIGLA,document word list,CC BY-NC-SA 4.0,P-SIGLA-2026-09-27,source_defined,No f3 inference used.
SW-000572,HT 62+73,source_word,5,20,20,20,SigLA explicit Word object/list,source_explicit,SIGLA,document word list,CC BY-NC-SA 4.0,P-SIGLA-2026-09-27,source_defined,No f3 inference used.
SW-000573,HT 62+73,source_word,6,21,21,21,SigLA explicit Word object/list,source_explicit,SIGLA,document word list,CC BY-NC-SA 4.0,P-SIGLA-2026-09-27,source_defined,No f3 inference used.
SW-000574,HT 62+73,source_word,7,22,22,22,SigLA explicit Word object/list,source_explicit,SIGLA,document word list,CC BY-NC-SA 4.0,P-SIGLA-2026-09-27,source_defined,No f3 inference used.
SW-000575,HT 62+73,source_word,8,23,25,23;24;25,SigLA explicit Word object/list,source_explicit,SIGLA,document word list,CC BY-NC-SA 4.0,P-SIGLA-2026-09-27,source_defined,No f3 inference used.
SW-000576,HT 62+73,source_word,9,26,28,26;27;28,SigLA explicit Word object/list,source_explicit,SIGLA,document word list,CC BY-NC-SA 4.0,P-SIGLA-2026-09-27,source_defined,No f3 inference used.
SW-000577,HT 63,source_word,0,3,4,3;4,SigLA explicit Word object/list,source_explicit,SIGLA,document word list,CC BY-NC-SA 4.0,P-SIGLA-2026-09-27,source_defined,No f3 inference used.
SW-000578,HT 63,source_word,1,5,6,5;6,SigLA explicit Word object/list,source_explicit,SIGLA,document word list,CC BY-NC-SA 4.0,P-SIGLA-2026-09-27,source_defined,No f3 inference used.
SW-000579,HT 63,source_word,2,7,7,7,SigLA explicit Word object/list,source_explicit,SIGLA,document word list,CC BY-NC-SA 4.0,P-SIGLA-2026-09-27,source_defined,No f3 inference used.
SW-000580,HT 64,source_word,0,1,3,1;2;3,SigLA explicit Word object/list,source_explicit,SIGLA,document word list,CC BY-NC-SA 4.0,P-SIGLA-2026-09-27,source_defined,No f3 inference used.
SW-000581,HT 64,source_word,1,4,4,4,SigLA explicit Word object/list,source_explicit,SIGLA,document word list,CC BY-NC-SA 4.0,P-SIGLA-2026-09-27,source_defined,No f3 inference used.
SW-000582,HT 64,source_word,2,5,6,5;6,SigLA explicit Word object/list,source_explicit,SIGLA,document word list,CC BY-NC-SA 4.0,P-SIGLA-2026-09-27,source_defined,No f3 inference used.
SW-000583,HT 66,source_word,0,3,3,3,SigLA explicit Word object/list,source_explicit,SIGLA,document word list,CC BY-NC-SA 4.0,P-SIGLA-2026-09-27,source_defined,No f3 inference used.
SW-000584,HT 66,source_word,1,4,4,4,SigLA explicit Word object/list,source_explicit,SIGLA,document word list,CC BY-NC-SA 4.0,P-SIGLA-2026-09-27,source_defined,No f3 inference used.
SW-000585,HT 66,source_word,2,5,6,5;6,SigLA explicit Word object/list,source_explicit,SIGLA,document word list,CC BY-NC-SA 4.0,P-SIGLA-2026-09-27,source_defined,No f3 inference used.
SW-000586,HT 66,source_word,3,7,7,7,SigLA explicit Word object/list,source_explicit,SIGLA,document word list,CC BY-NC-SA 4.0,P-SIGLA-2026-09-27,source_defined,No f3 inference used.
SW-000587,HT 68,source_word,0,1,1,1,SigLA explicit Word object/list,source_explicit,SIGLA,document word list,CC BY-NC-SA 4.0,P-SIGLA-2026-09-27,source_defined,No f3 inference used.
SW-000588,HT 69,source_word,0,2,3,2;3,SigLA explicit Word object/list,source_explicit,SIGLA,document word list,CC BY-NC-SA 4.0,P-SIGLA-2026-09-27,source_defined,No f3 inference used.
SW-000589,HT 6a,source_word,0,1,2,1;2,SigLA explicit Word object/list,source_explicit,SIGLA,document word list,CC BY-NC-SA 4.0,P-SIGLA-2026-09-27,source_defined,No f3 inference used.
SW-000590,HT 6a,source_word,1,3,5,3;4;5,SigLA explicit Word object/list,source_explicit,SIGLA,document word list,CC BY-NC-SA 4.0,P-SIGLA-2026-09-27,source_defined,No f3 inference used.
SW-000591,HT 6a,source_word,2,8,10,8;9;10,SigLA explicit Word object/list,source_explicit,SIGLA,document word list,CC BY-NC-SA 4.0,P-SIGLA-2026-09-27,source_defined,No f3 inference used.
SW-000592,HT 6a,source_word,3,12,12,12,SigLA explicit Word object/list,source_explicit,SIGLA,document word list,CC BY-NC-SA 4.0,P-SIGLA-2026-09-27,source_defined,No f3 inference used.
SW-000593,HT 6a,source_word,4,13,14,13;14,SigLA explicit Word object/list,source_explicit,SIGLA,document word list,CC BY-NC-SA 4.0,P-SIGLA-2026-09-27,source_defined,No f3 inference used.
SW-000594,HT 6a,source_word,5,15,18,15;16;17;18,SigLA explicit Word object/list,source_explicit,SIGLA,document word list,CC BY-NC-SA 4.0,P-SIGLA-2026-09-27,source_defined,No f3 inference used.
SW-000595,HT 6a,source_word,6,19,21,19;20;21,SigLA explicit Word object/list,source_explicit,SIGLA,document word list,CC BY-NC-SA 4.0,P-SIGLA-2026-09-27,source_defined,No f3 inference used.
SW-000596,HT 6a,source_word,7,24,26,24;25;26,SigLA explicit Word object/list,source_explicit,SIGLA,document word list,CC BY-NC-SA 4.0,P-SIGLA-2026-09-27,source_defined,No f3 inference used.
SW-000597,HT 6a,source_word,8,27,29,27;28;29,SigLA explicit Word object/list,source_explicit,SIGLA,document word list,CC BY-NC-SA 4.0,P-SIGLA-2026-09-27,source_defined,No f3 inference used.
SW-000598,HT 6b,source_word,0,1,4,1;2;3;4,SigLA explicit Word object/list,source_explicit,SIGLA,document word list,CC BY-NC-SA 4.0,P-SIGLA-2026-09-27,source_defined,No f3 inference used.
SW-000599,HT 6b,source_word,1,6,8,6;7;8,SigLA explicit Word object/list,source_explicit,SIGLA,document word list,CC BY-NC-SA 4.0,P-SIGLA-2026-09-27,source_defined,No f3 inference used.
SW-000600,HT 6b,source_word,2,9,12,9;10;12,SigLA explicit Word object/list,source_explicit,SIGLA,document word list,CC BY-NC-SA 4.0,P-SIGLA-2026-09-27,source_defined,No f3 inference used.
SW-000601,HT 6b,source_word,3,13,15,13;14;15,SigLA explicit Word object/list,source_explicit,SIGLA,document word list,CC BY-NC-SA 4.0,P-SIGLA-2026-09-27,source_defined,No f3 inference used.
SW-000602,HT 6b,source_word,4,16,17,16;17,SigLA explicit Word object/list,source_explicit,SIGLA,document word list,CC BY-NC-SA 4.0,P-SIGLA-2026-09-27,source_defined,No f3 inference used.
SW-000603,HT 6b,source_word,5,19,20,19;20,SigLA explicit Word object/list,source_explicit,SIGLA,document word list,CC BY-NC-SA 4.0,P-SIGLA-2026-09-27,source_defined,No f3 inference used.
SW-000604,HT 6b,source_word,6,21,23,21;22;23,SigLA explicit Word object/list,source_explicit,SIGLA,document word list,CC BY-NC-SA 4.0,P-SIGLA-2026-09-27,source_defined,No f3 inference used.
SW-000605,HT 70,source_word,0,3,5,3;4;5,SigLA explicit Word object/list,source_explicit,SIGLA,document word list,CC BY-NC-SA 4.0,P-SIGLA-2026-09-27,source_defined,No f3 inference used.
SW-000606,HT 70,source_word,1,,,,SigLA explicit Word object/list,source_explicit,SIGLA,document word list,CC BY-NC-SA 4.0,P-SIGLA-2026-09-27,source_defined,No f3 inference used.
SW-000607,HT 72,source_word,0,1,2,1;2,SigLA explicit Word object/list,source_explicit,SIGLA,document word list,CC BY-NC-SA 4.0,P-SIGLA-2026-09-27,source_defined,No f3 inference used.
SW-000608,HT 72,source_word,1,,,,SigLA explicit Word object/list,source_explicit,SIGLA,document word list,CC BY-NC-SA 4.0,P-SIGLA-2026-09-27,source_defined,No f3 inference used.
SW-000609,HT 74,source_word,0,1,2,1;2,SigLA explicit Word object/list,source_explicit,SIGLA,document word list,CC BY-NC-SA 4.0,P-SIGLA-2026-09-27,source_defined,No f3 inference used.
SW-000610,HT 74,source_word,1,,,,SigLA explicit Word object/list,source_explicit,SIGLA,document word list,CC BY-NC-SA 4.0,P-SIGLA-2026-09-27,source_defined,No f3 inference used.
SW-000611,HT 75,source_word,0,1,2,1;2,SigLA explicit Word object/list,source_explicit,SIGLA,document word list,CC BY-NC-SA 4.0,P-SIGLA-2026-09-27,source_defined,No f3 inference used.
SW-000612,HT 78,source_word,0,1,2,1;2,SigLA explicit Word object/list,source_explicit,SIGLA,document word list,CC BY-NC-SA 4.0,P-SIGLA-2026-09-27,source_defined,No f3 inference used.
SW-000613,HT 79+83,source_word,0,1,1,1,SigLA explicit Word object/list,source_explicit,SIGLA,document word list,CC BY-NC-SA 4.0,P-SIGLA-2026-09-27,source_defined,No f3 inference used.
SW-000614,HT 79+83,source_word,1,3,3,3,SigLA explicit Word object/list,source_explicit,SIGLA,document word list,CC BY-NC-SA 4.0,P-SIGLA-2026-09-27,source_defined,No f3 inference used.
SW-000615,HT 79+83,source_word,2,4,5,4;5,SigLA explicit Word object/list,source_explicit,SIGLA,document word list,CC BY-NC-SA 4.0,P-SIGLA-2026-09-27,source_defined,No f3 inference used.
SW-000616,HT 79+83,source_word,3,6,8,6;7;8,SigLA explicit Word object/list,source_explicit,SIGLA,document word list,CC BY-NC-SA 4.0,P-SIGLA-2026-09-27,source_defined,No f3 inference used.
SW-000617,HT 79+83,source_word,4,9,9,9,SigLA explicit Word object/list,source_explicit,SIGLA,document word list,CC BY-NC-SA 4.0,P-SIGLA-2026-09-27,source_defined,No f3 inference used.
SW-000618,HT 79+83,source_word,5,11,12,11;12,SigLA explicit Word object/list,source_explicit,SIGLA,document word list,CC BY-NC-SA 4.0,P-SIGLA-2026-09-27,source_defined,No f3 inference used.
SW-000619,HT 79+83,source_word,6,13,13,13,SigLA explicit Word object/list,source_explicit,SIGLA,document word list,CC BY-NC-SA 4.0,P-SIGLA-2026-09-27,source_defined,No f3 inference used.
SW-000620,HT 7a,source_word,0,1,2,1;2,SigLA explicit Word object/list,source_explicit,SIGLA,document word list,CC BY-NC-SA 4.0,P-SIGLA-2026-09-27,source_defined,No f3 inference used.
SW-000621,HT 7a,source_word,1,4,6,4;5;6,SigLA explicit Word object/list,source_explicit,SIGLA,document word list,CC BY-NC-SA 4.0,P-SIGLA-2026-09-27,source_defined,No f3 inference used.
SW-000622,HT 7a,source_word,2,7,8,7;8,SigLA explicit Word object/list,source_explicit,SIGLA,document word list,CC BY-NC-SA 4.0,P-SIGLA-2026-09-27,source_defined,No f3 inference used.
SW-000623,HT 7a,source_word,3,9,11,9;10;11,SigLA explicit Word object/list,source_explicit,SIGLA,document word list,CC BY-NC-SA 4.0,P-SIGLA-2026-09-27,source_defined,No f3 inference used.
SW-000624,HT 7a,source_word,4,12,13,12;13,SigLA explicit Word object/list,source_explicit,SIGLA,document word list,CC BY-NC-SA 4.0,P-SIGLA-2026-09-27,source_defined,No f3 inference used.
SW-000625,HT 7a,source_word,5,14,15,14;15,SigLA explicit Word object/list,source_explicit,SIGLA,document word list,CC BY-NC-SA 4.0,P-SIGLA-2026-09-27,source_defined,No f3 inference used.
SW-000626,HT 7b,source_word,0,1,3,1;2;3,SigLA explicit Word object/list,source_explicit,SIGLA,document word list,CC BY-NC-SA 4.0,P-SIGLA-2026-09-27,source_defined,No f3 inference used.
SW-000627,HT 7b,source_word,1,4,6,4;5;6,SigLA explicit Word object/list,source_explicit,SIGLA,document word list,CC BY-NC-SA 4.0,P-SIGLA-2026-09-27,source_defined,No f3 inference used.
SW-000628,HT 80,source_word,0,1,2,1;2,SigLA explicit Word object/list,source_explicit,SIGLA,document word list,CC BY-NC-SA 4.0,P-SIGLA-2026-09-27,source_defined,No f3 inference used.
SW-000629,HT 81,source_word,0,1,2,1;2,SigLA explicit Word object/list,source_explicit,SIGLA,document word list,CC BY-NC-SA 4.0,P-SIGLA-2026-09-27,source_defined,No f3 inference used.
SW-000630,HT 81,source_word,1,5,7,5;6;7,SigLA explicit Word object/list,source_explicit,SIGLA,document word list,CC BY-NC-SA 4.0,P-SIGLA-2026-09-27,source_defined,No f3 inference used.
SW-000631,HT 81,source_word,2,9,9,9,SigLA explicit Word object/list,source_explicit,SIGLA,document word list,CC BY-NC-SA 4.0,P-SIGLA-2026-09-27,source_defined,No f3 inference used.
SW-000632,HT 82,source_word,0,,,,SigLA explicit Word object/list,source_explicit,SIGLA,document word list,CC BY-NC-SA 4.0,P-SIGLA-2026-09-27,source_defined,No f3 inference used.
SW-000633,HT 84,source_word,0,1,3,1;2;3,SigLA explicit Word object/list,source_explicit,SIGLA,document word list,CC BY-NC-SA 4.0,P-SIGLA-2026-09-27,source_defined,No f3 inference used.
SW-000634,HT 84,source_word,1,,,,SigLA explicit Word object/list,source_explicit,SIGLA,document word list,CC BY-NC-SA 4.0,P-SIGLA-2026-09-27,source_defined,No f3 inference used.
SW-000635,HT 84,source_word,2,5,6,5;6,SigLA explicit Word object/list,source_explicit,SIGLA,document word list,CC BY-NC-SA 4.0,P-SIGLA-2026-09-27,source_defined,No f3 inference used.
SW-000636,HT 85a,source_word,0,1,2,1;2,SigLA explicit Word object/list,source_explicit,SIGLA,document word list,CC BY-NC-SA 4.0,P-SIGLA-2026-09-27,source_defined,No f3 inference used.
SW-000637,HT 85a,source_word,1,5,7,5;6;7,SigLA explicit Word object/list,source_explicit,SIGLA,document word list,CC BY-NC-SA 4.0,P-SIGLA-2026-09-27,source_defined,No f3 inference used.
SW-000638,HT 85a,source_word,2,8,9,8;9,SigLA explicit Word object/list,source_explicit,SIGLA,document word list,CC BY-NC-SA 4.0,P-SIGLA-2026-09-27,source_defined,No f3 inference used.
SW-000639,HT 85a,source_word,3,10,12,10;11;12,SigLA explicit Word object/list,source_explicit,SIGLA,document word list,CC BY-NC-SA 4.0,P-SIGLA-2026-09-27,source_defined,No f3 inference used.
SW-000640,HT 85a,source_word,4,13,15,13;14;15,SigLA explicit Word object/list,source_explicit,SIGLA,document word list,CC BY-NC-SA 4.0,P-SIGLA-2026-09-27,source_defined,No f3 inference used.
SW-000641,HT 85a,source_word,5,16,18,16;17;18,SigLA explicit Word object/list,source_explicit,SIGLA,document word list,CC BY-NC-SA 4.0,P-SIGLA-2026-09-27,source_defined,No f3 inference used.
SW-000642,HT 85a,source_word,6,19,20,19;20,SigLA explicit Word object/list,source_explicit,SIGLA,document word list,CC BY-NC-SA 4.0,P-SIGLA-2026-09-27,source_defined,No f3 inference used.
SW-000643,HT 85a,source_word,7,21,22,21;22,SigLA explicit Word object/list,source_explicit,SIGLA,document word list,CC BY-NC-SA 4.0,P-SIGLA-2026-09-27,source_defined,No f3 inference used.
SW-000644,HT 85a,source_word,8,23,24,23;24,SigLA explicit Word object/list,source_explicit,SIGLA,document word list,CC BY-NC-SA 4.0,P-SIGLA-2026-09-27,source_defined,No f3 inference used.
SW-000645,HT 85b,source_word,0,1,4,1;2;3;4,SigLA explicit Word object/list,source_explicit,SIGLA,document word list,CC BY-NC-SA 4.0,P-SIGLA-2026-09-27,source_defined,No f3 inference used.
SW-000646,HT 85b,source_word,1,5,7,5;6;7,SigLA explicit Word object/list,source_explicit,SIGLA,document word list,CC BY-NC-SA 4.0,P-SIGLA-2026-09-27,source_defined,No f3 inference used.
SW-000647,HT 85b,source_word,2,8,9,8;9,SigLA explicit Word object/list,source_explicit,SIGLA,document word list,CC BY-NC-SA 4.0,P-SIGLA-2026-09-27,source_defined,No f3 inference used.
SW-000648,HT 85b,source_word,3,11,12,11;12,SigLA explicit Word object/list,source_explicit,SIGLA,document word list,CC BY-NC-SA 4.0,P-SIGLA-2026-09-27,source_defined,No f3 inference used.
SW-000649,HT 85b,source_word,4,19,20,19;20,SigLA explicit Word object/list,source_explicit,SIGLA,document word list,CC BY-NC-SA 4.0,P-SIGLA-2026-09-27,source_defined,No f3 inference used.
SW-000650,HT 85b,source_word,5,21,23,21;22;23,SigLA explicit Word object/list,source_explicit,SIGLA,document word list,CC BY-NC-SA 4.0,P-SIGLA-2026-09-27,source_defined,No f3 inference used.
SW-000651,HT 85b,source_word,6,24,27,24;25;26;27,SigLA explicit Word object/list,source_explicit,SIGLA,document word list,CC BY-NC-SA 4.0,P-SIGLA-2026-09-27,source_defined,No f3 inference used.
SW-000652,HT 85b,source_word,7,28,29,28;29,SigLA explicit Word object/list,source_explicit,SIGLA,document word list,CC BY-NC-SA 4.0,P-SIGLA-2026-09-27,source_defined,No f3 inference used.
SW-000653,HT 85b,source_word,8,30,32,30;31;32,SigLA explicit Word object/list,source_explicit,SIGLA,document word list,CC BY-NC-SA 4.0,P-SIGLA-2026-09-27,source_defined,No f3 inference used.
SW-000654,HT 86a,source_word,0,1,3,1;2;3,SigLA explicit Word object/list,source_explicit,SIGLA,document word list,CC BY-NC-SA 4.0,P-SIGLA-2026-09-27,source_defined,No f3 inference used.
SW-000655,HT 86a,source_word,1,4,6,4;5;6,SigLA explicit Word object/list,source_explicit,SIGLA,document word list,CC BY-NC-SA 4.0,P-SIGLA-2026-09-27,source_defined,No f3 inference used.
SW-000656,HT 86a,source_word,2,8,9,8;9,SigLA explicit Word object/list,source_explicit,SIGLA,document word list,CC BY-NC-SA 4.0,P-SIGLA-2026-09-27,source_defined,No f3 inference used.
SW-000657,HT 86a,source_word,3,10,12,10;11;12,SigLA explicit Word object/list,source_explicit,SIGLA,document word list,CC BY-NC-SA 4.0,P-SIGLA-2026-09-27,source_defined,No f3 inference used.
SW-000658,HT 86a,source_word,4,13,15,13;14;15,SigLA explicit Word object/list,source_explicit,SIGLA,document word list,CC BY-NC-SA 4.0,P-SIGLA-2026-09-27,source_defined,No f3 inference used.
SW-000659,HT 86a,source_word,5,16,17,16;17,SigLA explicit Word object/list,source_explicit,SIGLA,document word list,CC BY-NC-SA 4.0,P-SIGLA-2026-09-27,source_defined,No f3 inference used.
SW-000660,HT 86a,source_word,6,18,19,18;19,SigLA explicit Word object/list,source_explicit,SIGLA,document word list,CC BY-NC-SA 4.0,P-SIGLA-2026-09-27,source_defined,No f3 inference used.
SW-000661,HT 86a,source_word,7,21,23,21;22;23,SigLA explicit Word object/list,source_explicit,SIGLA,document word list,CC BY-NC-SA 4.0,P-SIGLA-2026-09-27,source_defined,No f3 inference used.
SW-000662,HT 86b,source_word,0,1,3,1;2;3,SigLA explicit Word object/list,source_explicit,SIGLA,document word list,CC BY-NC-SA 4.0,P-SIGLA-2026-09-27,source_defined,No f3 inference used.
SW-000663,HT 86b,source_word,1,4,6,4;5;6,SigLA explicit Word object/list,source_explicit,SIGLA,document word list,CC BY-NC-SA 4.0,P-SIGLA-2026-09-27,source_defined,No f3 inference used.
SW-000664,HT 86b,source_word,2,8,9,8;9,SigLA explicit Word object/list,source_explicit,SIGLA,document word list,CC BY-NC-SA 4.0,P-SIGLA-2026-09-27,source_defined,No f3 inference used.
SW-000665,HT 86b,source_word,3,11,12,11;12,SigLA explicit Word object/list,source_explicit,SIGLA,document word list,CC BY-NC-SA 4.0,P-SIGLA-2026-09-27,source_defined,No f3 inference used.
SW-000666,HT 87,source_word,0,1,3,1;2;3,SigLA explicit Word object/list,source_explicit,SIGLA,document word list,CC BY-NC-SA 4.0,P-SIGLA-2026-09-27,source_defined,No f3 inference used.
SW-000667,HT 87,source_word,1,4,7,4;5;6;7,SigLA explicit Word object/list,source_explicit,SIGLA,document word list,CC BY-NC-SA 4.0,P-SIGLA-2026-09-27,source_defined,No f3 inference used.
SW-000668,HT 87,source_word,2,8,11,8;9;10;11,SigLA explicit Word object/list,source_explicit,SIGLA,document word list,CC BY-NC-SA 4.0,P-SIGLA-2026-09-27,source_defined,No f3 inference used.
SW-000669,HT 87,source_word,3,12,14,12;13;14,SigLA explicit Word object/list,source_explicit,SIGLA,document word list,CC BY-NC-SA 4.0,P-SIGLA-2026-09-27,source_defined,No f3 inference used.
SW-000670,HT 87,source_word,4,15,17,15;16;17,SigLA explicit Word object/list,source_explicit,SIGLA,document word list,CC BY-NC-SA 4.0,P-SIGLA-2026-09-27,source_defined,No f3 inference used.
SW-000671,HT 87,source_word,5,18,20,18;19;20,SigLA explicit Word object/list,source_explicit,SIGLA,document word list,CC BY-NC-SA 4.0,P-SIGLA-2026-09-27,source_defined,No f3 inference used.
SW-000672,HT 87,source_word,6,21,23,21;22;23,SigLA explicit Word object/list,source_explicit,SIGLA,document word list,CC BY-NC-SA 4.0,P-SIGLA-2026-09-27,source_defined,No f3 inference used.
SW-000673,HT 87,source_word,7,24,28,24;25;27;28,SigLA explicit Word object/list,source_explicit,SIGLA,document word list,CC BY-NC-SA 4.0,P-SIGLA-2026-09-27,source_defined,No f3 inference used.
SW-000674,HT 88,source_word,0,1,2,1;2,SigLA explicit Word object/list,source_explicit,SIGLA,document word list,CC BY-NC-SA 4.0,P-SIGLA-2026-09-27,source_defined,No f3 inference used.
SW-000675,HT 88,source_word,1,4,6,4;6,SigLA explicit Word object/list,source_explicit,SIGLA,document word list,CC BY-NC-SA 4.0,P-SIGLA-2026-09-27,source_defined,No f3 inference used.
SW-000676,HT 88,source_word,2,8,10,8;9;10,SigLA explicit Word object/list,source_explicit,SIGLA,document word list,CC BY-NC-SA 4.0,P-SIGLA-2026-09-27,source_defined,No f3 inference used.
SW-000677,HT 88,source_word,3,11,12,11;12,SigLA explicit Word object/list,source_explicit,SIGLA,document word list,CC BY-NC-SA 4.0,P-SIGLA-2026-09-27,source_defined,No f3 inference used.
SW-000678,HT 88,source_word,4,13,15,13;14;15,SigLA explicit Word object/list,source_explicit,SIGLA,document word list,CC BY-NC-SA 4.0,P-SIGLA-2026-09-27,source_defined,No f3 inference used.
SW-000679,HT 88,source_word,5,16,17,16;17,SigLA explicit Word object/list,source_explicit,SIGLA,document word list,CC BY-NC-SA 4.0,P-SIGLA-2026-09-27,source_defined,No f3 inference used.
SW-000680,HT 88,source_word,6,18,20,18;19;20,SigLA explicit Word object/list,source_explicit,SIGLA,document word list,CC BY-NC-SA 4.0,P-SIGLA-2026-09-27,source_defined,No f3 inference used.
SW-000681,HT 88,source_word,7,21,23,21;22;23,SigLA explicit Word object/list,source_explicit,SIGLA,document word list,CC BY-NC-SA 4.0,P-SIGLA-2026-09-27,source_defined,No f3 inference used.
SW-000682,HT 88,source_word,8,24,26,24;25;26,SigLA explicit Word object/list,source_explicit,SIGLA,document word list,CC BY-NC-SA 4.0,P-SIGLA-2026-09-27,source_defined,No f3 inference used.
SW-000683,HT 88,source_word,9,27,29,27;28;29,SigLA explicit Word object/list,source_explicit,SIGLA,document word list,CC BY-NC-SA 4.0,P-SIGLA-2026-09-27,source_defined,No f3 inference used.
SW-000684,HT 88,source_word,10,30,31,30;31,SigLA explicit Word object/list,source_explicit,SIGLA,document word list,CC BY-NC-SA 4.0,P-SIGLA-2026-09-27,source_defined,No f3 inference used.
SW-000685,HT 89,source_word,0,1,3,1;2;3,SigLA explicit Word object/list,source_explicit,SIGLA,document word list,CC BY-NC-SA 4.0,P-SIGLA-2026-09-27,source_defined,No f3 inference used.
SW-000686,HT 89,source_word,1,7,9,7;8;9,SigLA explicit Word object/list,source_explicit,SIGLA,document word list,CC BY-NC-SA 4.0,P-SIGLA-2026-09-27,source_defined,No f3 inference used.
SW-000687,HT 89,source_word,2,12,13,12;13,SigLA explicit Word object/list,source_explicit,SIGLA,document word list,CC BY-NC-SA 4.0,P-SIGLA-2026-09-27,source_defined,No f3 inference used.
SW-000688,HT 89,source_word,3,14,15,14;15,SigLA explicit Word object/list,source_explicit,SIGLA,document word list,CC BY-NC-SA 4.0,P-SIGLA-2026-09-27,source_defined,No f3 inference used.
SW-000689,HT 89,source_word,4,21,21,21,SigLA explicit Word object/list,source_explicit,SIGLA,document word list,CC BY-NC-SA 4.0,P-SIGLA-2026-09-27,source_defined,No f3 inference used.
SW-000690,HT 8a,source_word,0,1,2,1;2,SigLA explicit Word object/list,source_explicit,SIGLA,document word list,CC BY-NC-SA 4.0,P-SIGLA-2026-09-27,source_defined,No f3 inference used.
SW-000691,HT 8a,source_word,1,4,7,4;5;6;7,SigLA explicit Word object/list,source_explicit,SIGLA,document word list,CC BY-NC-SA 4.0,P-SIGLA-2026-09-27,source_defined,No f3 inference used.
SW-000692,HT 8a,source_word,2,11,12,11;12,SigLA explicit Word object/list,source_explicit,SIGLA,document word list,CC BY-NC-SA 4.0,P-SIGLA-2026-09-27,source_defined,No f3 inference used.
SW-000693,HT 8a,source_word,3,13,15,13;14;15,SigLA explicit Word object/list,source_explicit,SIGLA,document word list,CC BY-NC-SA 4.0,P-SIGLA-2026-09-27,source_defined,No f3 inference used.
SW-000694,HT 8a,source_word,4,18,20,18;19;20,SigLA explicit Word object/list,source_explicit,SIGLA,document word list,CC BY-NC-SA 4.0,P-SIGLA-2026-09-27,source_defined,No f3 inference used.
SW-000695,HT 8a,source_word,5,22,26,22;23;25;26,SigLA explicit Word object/list,source_explicit,SIGLA,document word list,CC BY-NC-SA 4.0,P-SIGLA-2026-09-27,source_defined,No f3 inference used.
SW-000696,HT 8b,source_word,0,1,3,1;2;3,SigLA explicit Word object/list,source_explicit,SIGLA,document word list,CC BY-NC-SA 4.0,P-SIGLA-2026-09-27,source_defined,No f3 inference used.
SW-000697,HT 8b,source_word,1,4,5,4;5,SigLA explicit Word object/list,source_explicit,SIGLA,document word list,CC BY-NC-SA 4.0,P-SIGLA-2026-09-27,source_defined,No f3 inference used.
SW-000698,HT 8b,source_word,2,6,8,6;7;8,SigLA explicit Word object/list,source_explicit,SIGLA,document word list,CC BY-NC-SA 4.0,P-SIGLA-2026-09-27,source_defined,No f3 inference used.
SW-000699,HT 8b,source_word,3,11,12,11;12,SigLA explicit Word object/list,source_explicit,SIGLA,document word list,CC BY-NC-SA 4.0,P-SIGLA-2026-09-27,source_defined,No f3 inference used.
SW-000700,HT 8b,source_word,4,14,16,14;15;16,SigLA explicit Word object/list,source_explicit,SIGLA,document word list,CC BY-NC-SA 4.0,P-SIGLA-2026-09-27,source_defined,No f3 inference used.
SW-000701,HT 90,source_word,0,1,4,1;2;3;4,SigLA explicit Word object/list,source_explicit,SIGLA,document word list,CC BY-NC-SA 4.0,P-SIGLA-2026-09-27,source_defined,No f3 inference used.
SW-000702,HT 90,source_word,1,5,6,5;6,SigLA explicit Word object/list,source_explicit,SIGLA,document word list,CC BY-NC-SA 4.0,P-SIGLA-2026-09-27,source_defined,No f3 inference used.
SW-000703,HT 90,source_word,2,10,14,10;11;12;13;14,SigLA explicit Word object/list,source_explicit,SIGLA,document word list,CC BY-NC-SA 4.0,P-SIGLA-2026-09-27,source_defined,No f3 inference used.
SW-000704,HT 91,source_word,0,1,2,1;2,SigLA explicit Word object/list,source_explicit,SIGLA,document word list,CC BY-NC-SA 4.0,P-SIGLA-2026-09-27,source_defined,No f3 inference used.
SW-000705,HT 91,source_word,1,21,22,21;22,SigLA explicit Word object/list,source_explicit,SIGLA,document word list,CC BY-NC-SA 4.0,P-SIGLA-2026-09-27,source_defined,No f3 inference used.
SW-000706,HT 92,source_word,0,2,3,2;3,SigLA explicit Word object/list,source_explicit,SIGLA,document word list,CC BY-NC-SA 4.0,P-SIGLA-2026-09-27,source_defined,No f3 inference used.
SW-000707,HT 93a,source_word,0,1,3,1;2;3,SigLA explicit Word object/list,source_explicit,SIGLA,document word list,CC BY-NC-SA 4.0,P-SIGLA-2026-09-27,source_defined,No f3 inference used.
SW-000708,HT 93a,source_word,1,6,8,6;7;8,SigLA explicit Word object/list,source_explicit,SIGLA,document word list,CC BY-NC-SA 4.0,P-SIGLA-2026-09-27,source_defined,No f3 inference used.
SW-000709,HT 93a,source_word,2,11,13,11;12;13,SigLA explicit Word object/list,source_explicit,SIGLA,document word list,CC BY-NC-SA 4.0,P-SIGLA-2026-09-27,source_defined,No f3 inference used.
SW-000710,HT 93a,source_word,3,16,17,16;17,SigLA explicit Word object/list,source_explicit,SIGLA,document word list,CC BY-NC-SA 4.0,P-SIGLA-2026-09-27,source_defined,No f3 inference used.
SW-000711,HT 93a,source_word,4,21,22,21;22,SigLA explicit Word object/list,source_explicit,SIGLA,document word list,CC BY-NC-SA 4.0,P-SIGLA-2026-09-27,source_defined,No f3 inference used.
SW-000712,HT 93a,source_word,5,23,25,23;24;25,SigLA explicit Word object/list,source_explicit,SIGLA,document word list,CC BY-NC-SA 4.0,P-SIGLA-2026-09-27,source_defined,No f3 inference used.
SW-000713,HT 93a,source_word,6,27,28,27;28,SigLA explicit Word object/list,source_explicit,SIGLA,document word list,CC BY-NC-SA 4.0,P-SIGLA-2026-09-27,source_defined,No f3 inference used.
SW-000714,HT 93a,source_word,7,29,31,29;30;31,SigLA explicit Word object/list,source_explicit,SIGLA,document word list,CC BY-NC-SA 4.0,P-SIGLA-2026-09-27,source_defined,No f3 inference used.
SW-000715,HT 93a,source_word,8,33,34,33;34,SigLA explicit Word object/list,source_explicit,SIGLA,document word list,CC BY-NC-SA 4.0,P-SIGLA-2026-09-27,source_defined,No f3 inference used.
SW-000716,HT 93a,source_word,9,36,38,36;37;38,SigLA explicit Word object/list,source_explicit,SIGLA,document word list,CC BY-NC-SA 4.0,P-SIGLA-2026-09-27,source_defined,No f3 inference used.
SW-000717,HT 93a,source_word,10,41,43,41;42;43,SigLA explicit Word object/list,source_explicit,SIGLA,document word list,CC BY-NC-SA 4.0,P-SIGLA-2026-09-27,source_defined,No f3 inference used.
SW-000718,HT 93a,source_word,11,44,46,44;45;46,SigLA explicit Word object/list,source_explicit,SIGLA,document word list,CC BY-NC-SA 4.0,P-SIGLA-2026-09-27,source_defined,No f3 inference used.
SW-000719,HT 93a,source_word,12,50,50,50,SigLA explicit Word object/list,source_explicit,SIGLA,document word list,CC BY-NC-SA 4.0,P-SIGLA-2026-09-27,source_defined,No f3 inference used.
SW-000720,HT 93b,source_word,0,2,3,2;3,SigLA explicit Word object/list,source_explicit,SIGLA,document word list,CC BY-NC-SA 4.0,P-SIGLA-2026-09-27,source_defined,No f3 inference used.
SW-000721,HT 94a,source_word,0,1,2,1;2,SigLA explicit Word object/list,source_explicit,SIGLA,document word list,CC BY-NC-SA 4.0,P-SIGLA-2026-09-27,source_defined,No f3 inference used.
SW-000722,HT 94a,source_word,1,9,10,9;10,SigLA explicit Word object/list,source_explicit,SIGLA,document word list,CC BY-NC-SA 4.0,P-SIGLA-2026-09-27,source_defined,No f3 inference used.
SW-000723,HT 94a,source_word,2,11,12,11;12,SigLA explicit Word object/list,source_explicit,SIGLA,document word list,CC BY-NC-SA 4.0,P-SIGLA-2026-09-27,source_defined,No f3 inference used.
SW-000724,HT 94a,source_word,3,16,17,16;17,SigLA explicit Word object/list,source_explicit,SIGLA,document word list,CC BY-NC-SA 4.0,P-SIGLA-2026-09-27,source_defined,No f3 inference used.
SW-000725,HT 94b,source_word,0,1,2,1;2,SigLA explicit Word object/list,source_explicit,SIGLA,document word list,CC BY-NC-SA 4.0,P-SIGLA-2026-09-27,source_defined,No f3 inference used.
SW-000726,HT 94b,source_word,1,3,4,3;4,SigLA explicit Word object/list,source_explicit,SIGLA,document word list,CC BY-NC-SA 4.0,P-SIGLA-2026-09-27,source_defined,No f3 inference used.
SW-000727,HT 94b,source_word,2,5,7,5;6;7,SigLA explicit Word object/list,source_explicit,SIGLA,document word list,CC BY-NC-SA 4.0,P-SIGLA-2026-09-27,source_defined,No f3 inference used.
SW-000728,HT 94b,source_word,3,8,9,8;9,SigLA explicit Word object/list,source_explicit,SIGLA,document word list,CC BY-NC-SA 4.0,P-SIGLA-2026-09-27,source_defined,No f3 inference used.
SW-000729,HT 94b,source_word,4,10,12,10;11;12,SigLA explicit Word object/list,source_explicit,SIGLA,document word list,CC BY-NC-SA 4.0,P-SIGLA-2026-09-27,source_defined,No f3 inference used.
SW-000730,HT 94b,source_word,5,13,14,13;14,SigLA explicit Word object/list,source_explicit,SIGLA,document word list,CC BY-NC-SA 4.0,P-SIGLA-2026-09-27,source_defined,No f3 inference used.
SW-000731,HT 94b,source_word,6,15,16,15;16,SigLA explicit Word object/list,source_explicit,SIGLA,document word list,CC BY-NC-SA 4.0,P-SIGLA-2026-09-27,source_defined,No f3 inference used.
SW-000732,HT 94b,source_word,7,18,22,18;20;21;22,SigLA explicit Word object/list,source_explicit,SIGLA,document word list,CC BY-NC-SA 4.0,P-SIGLA-2026-09-27,source_defined,No f3 inference used.
SW-000733,HT 94b,source_word,8,23,24,23;24,SigLA explicit Word object/list,source_explicit,SIGLA,document word list,CC BY-NC-SA 4.0,P-SIGLA-2026-09-27,source_defined,No f3 inference used.
SW-000734,HT 95a,source_word,0,1,4,1;2;3;4,SigLA explicit Word object/list,source_explicit,SIGLA,document word list,CC BY-NC-SA 4.0,P-SIGLA-2026-09-27,source_defined,No f3 inference used.
SW-000735,HT 95a,source_word,1,6,7,6;7,SigLA explicit Word object/list,source_explicit,SIGLA,document word list,CC BY-NC-SA 4.0,P-SIGLA-2026-09-27,source_defined,No f3 inference used.
SW-000736,HT 95a,source_word,2,8,10,8;9;10,SigLA explicit Word object/list,source_explicit,SIGLA,document word list,CC BY-NC-SA 4.0,P-SIGLA-2026-09-27,source_defined,No f3 inference used.
SW-000737,HT 95a,source_word,3,11,12,11;12,SigLA explicit Word object/list,source_explicit,SIGLA,document word list,CC BY-NC-SA 4.0,P-SIGLA-2026-09-27,source_defined,No f3 inference used.
SW-000738,HT 95a,source_word,4,13,14,13;14,SigLA explicit Word object/list,source_explicit,SIGLA,document word list,CC BY-NC-SA 4.0,P-SIGLA-2026-09-27,source_defined,No f3 inference used.
SW-000739,HT 95a,source_word,5,16,21,16;17;18;19;20;21,SigLA explicit Word object/list,source_explicit,SIGLA,document word list,CC BY-NC-SA 4.0,P-SIGLA-2026-09-27,source_defined,No f3 inference used.
SW-000740,HT 95b,source_word,0,1,2,1;2,SigLA explicit Word object/list,source_explicit,SIGLA,document word list,CC BY-NC-SA 4.0,P-SIGLA-2026-09-27,source_defined,No f3 inference used.
SW-000741,HT 95b,source_word,1,3,4,3;4,SigLA explicit Word object/list,source_explicit,SIGLA,document word list,CC BY-NC-SA 4.0,P-SIGLA-2026-09-27,source_defined,No f3 inference used.
SW-000742,HT 95b,source_word,2,6,7,6;7,SigLA explicit Word object/list,source_explicit,SIGLA,document word list,CC BY-NC-SA 4.0,P-SIGLA-2026-09-27,source_defined,No f3 inference used.
SW-000743,HT 95b,source_word,3,8,10,8;9;10,SigLA explicit Word object/list,source_explicit,SIGLA,document word list,CC BY-NC-SA 4.0,P-SIGLA-2026-09-27,source_defined,No f3 inference used.
SW-000744,HT 95b,source_word,4,11,13,11;12;13,SigLA explicit Word object/list,source_explicit,SIGLA,document word list,CC BY-NC-SA 4.0,P-SIGLA-2026-09-27,source_defined,No f3 inference used.
SW-000745,HT 95b,source_word,5,14,16,14;15;16,SigLA explicit Word object/list,source_explicit,SIGLA,document word list,CC BY-NC-SA 4.0,P-SIGLA-2026-09-27,source_defined,No f3 inference used.
SW-000746,HT 95b,source_word,6,17,19,17;18;19,SigLA explicit Word object/list,source_explicit,SIGLA,document word list,CC BY-NC-SA 4.0,P-SIGLA-2026-09-27,source_defined,No f3 inference used.
SW-000747,HT 96a,source_word,0,1,5,1;2;3;4;5,SigLA explicit Word object/list,source_explicit,SIGLA,document word list,CC BY-NC-SA 4.0,P-SIGLA-2026-09-27,source_defined,No f3 inference used.
SW-000748,HT 96a,source_word,1,6,9,6;7;8;9,SigLA explicit Word object/list,source_explicit,SIGLA,document word list,CC BY-NC-SA 4.0,P-SIGLA-2026-09-27,source_defined,No f3 inference used.
SW-000749,HT 96a,source_word,2,10,12,10;11;12,SigLA explicit Word object/list,source_explicit,SIGLA,document word list,CC BY-NC-SA 4.0,P-SIGLA-2026-09-27,source_defined,No f3 inference used.
SW-000750,HT 96a,source_word,3,13,15,13;14;15,SigLA explicit Word object/list,source_explicit,SIGLA,document word list,CC BY-NC-SA 4.0,P-SIGLA-2026-09-27,source_defined,No f3 inference used.
SW-000751,HT 96a,source_word,4,17,18,17;18,SigLA explicit Word object/list,source_explicit,SIGLA,document word list,CC BY-NC-SA 4.0,P-SIGLA-2026-09-27,source_defined,No f3 inference used.
SW-000752,HT 96a,source_word,5,21,23,21;22;23,SigLA explicit Word object/list,source_explicit,SIGLA,document word list,CC BY-NC-SA 4.0,P-SIGLA-2026-09-27,source_defined,No f3 inference used.
SW-000753,HT 96a,source_word,6,28,30,28;29;30,SigLA explicit Word object/list,source_explicit,SIGLA,document word list,CC BY-NC-SA 4.0,P-SIGLA-2026-09-27,source_defined,No f3 inference used.
SW-000754,HT 96b,source_word,0,1,4,1;2;3;4,SigLA explicit Word object/list,source_explicit,SIGLA,document word list,CC BY-NC-SA 4.0,P-SIGLA-2026-09-27,source_defined,No f3 inference used.
SW-000755,HT 96b,source_word,1,5,8,5;6;7;8,SigLA explicit Word object/list,source_explicit,SIGLA,document word list,CC BY-NC-SA 4.0,P-SIGLA-2026-09-27,source_defined,No f3 inference used.
SW-000756,HT 97a,source_word,0,1,2,1;2,SigLA explicit Word object/list,source_explicit,SIGLA,document word list,CC BY-NC-SA 4.0,P-SIGLA-2026-09-27,source_defined,No f3 inference used.
SW-000757,HT 97a,source_word,1,6,8,6;7;8,SigLA explicit Word object/list,source_explicit,SIGLA,document word list,CC BY-NC-SA 4.0,P-SIGLA-2026-09-27,source_defined,No f3 inference used.
SW-000758,HT 97a,source_word,2,9,11,9;10;11,SigLA explicit Word object/list,source_explicit,SIGLA,document word list,CC BY-NC-SA 4.0,P-SIGLA-2026-09-27,source_defined,No f3 inference used.
SW-000759,HT 97a,source_word,3,13,16,13;14;15;16,SigLA explicit Word object/list,source_explicit,SIGLA,document word list,CC BY-NC-SA 4.0,P-SIGLA-2026-09-27,source_defined,No f3 inference used.
SW-000760,HT 97a,source_word,4,20,21,20;21,SigLA explicit Word object/list,source_explicit,SIGLA,document word list,CC BY-NC-SA 4.0,P-SIGLA-2026-09-27,source_defined,No f3 inference used.
SW-000761,HT 97a,source_word,5,22,22,22,SigLA explicit Word object/list,source_explicit,SIGLA,document word list,CC BY-NC-SA 4.0,P-SIGLA-2026-09-27,source_defined,No f3 inference used.
SW-000762,HT 97a,source_word,6,24,24,24,SigLA explicit Word object/list,source_explicit,SIGLA,document word list,CC BY-NC-SA 4.0,P-SIGLA-2026-09-27,source_defined,No f3 inference used.
SW-000763,HT 97b,source_word,0,1,2,1;2,SigLA explicit Word object/list,source_explicit,SIGLA,document word list,CC BY-NC-SA 4.0,P-SIGLA-2026-09-27,source_defined,No f3 inference used.
SW-000764,HT 98a,source_word,0,,,,SigLA explicit Word object/list,source_explicit,SIGLA,document word list,CC BY-NC-SA 4.0,P-SIGLA-2026-09-27,source_defined,No f3 inference used.
SW-000765,HT 98a,source_word,1,3,3,3,SigLA explicit Word object/list,source_explicit,SIGLA,document word list,CC BY-NC-SA 4.0,P-SIGLA-2026-09-27,source_defined,No f3 inference used.
SW-000766,HT 98a,source_word,2,4,4,4,SigLA explicit Word object/list,source_explicit,SIGLA,document word list,CC BY-NC-SA 4.0,P-SIGLA-2026-09-27,source_defined,No f3 inference used.
SW-000767,HT 98a,source_word,3,5,7,5;6;7,SigLA explicit Word object/list,source_explicit,SIGLA,document word list,CC BY-NC-SA 4.0,P-SIGLA-2026-09-27,source_defined,No f3 inference used.
SW-000768,HT 98a,source_word,4,10,13,10;11;12;13,SigLA explicit Word object/list,source_explicit,SIGLA,document word list,CC BY-NC-SA 4.0,P-SIGLA-2026-09-27,source_defined,No f3 inference used.
SW-000769,HT 98a,source_word,5,15,16,15;16,SigLA explicit Word object/list,source_explicit,SIGLA,document word list,CC BY-NC-SA 4.0,P-SIGLA-2026-09-27,source_defined,No f3 inference used.
SW-000770,HT 98a,source_word,6,19,20,19;20,SigLA explicit Word object/list,source_explicit,SIGLA,document word list,CC BY-NC-SA 4.0,P-SIGLA-2026-09-27,source_defined,No f3 inference used.
SW-000771,HT 98a,source_word,7,22,25,22;23;24;25,SigLA explicit Word object/list,source_explicit,SIGLA,document word list,CC BY-NC-SA 4.0,P-SIGLA-2026-09-27,source_defined,No f3 inference used.
SW-000772,HT 98b,source_word,0,5,8,5;6;7;8,SigLA explicit Word object/list,source_explicit,SIGLA,document word list,CC BY-NC-SA 4.0,P-SIGLA-2026-09-27,source_defined,No f3 inference used.
SW-000773,HT 99a,source_word,0,1,2,1;2,SigLA explicit Word object/list,source_explicit,SIGLA,document word list,CC BY-NC-SA 4.0,P-SIGLA-2026-09-27,source_defined,No f3 inference used.
SW-000774,HT 99a,source_word,1,3,4,3;4,SigLA explicit Word object/list,source_explicit,SIGLA,document word list,CC BY-NC-SA 4.0,P-SIGLA-2026-09-27,source_defined,No f3 inference used.
SW-000775,HT 99b,source_word,0,3,5,3;4;5,SigLA explicit Word object/list,source_explicit,SIGLA,document word list,CC BY-NC-SA 4.0,P-SIGLA-2026-09-27,source_defined,No f3 inference used.
SW-000776,HT 99b,source_word,1,6,7,6;7,SigLA explicit Word object/list,source_explicit,SIGLA,document word list,CC BY-NC-SA 4.0,P-SIGLA-2026-09-27,source_defined,No f3 inference used.
SW-000777,HT 99b,source_word,2,8,10,8;9;10,SigLA explicit Word object/list,source_explicit,SIGLA,document word list,CC BY-NC-SA 4.0,P-SIGLA-2026-09-27,source_defined,No f3 inference used.
SW-000778,HT 9a,source_word,0,1,2,1;2,SigLA explicit Word object/list,source_explicit,SIGLA,document word list,CC BY-NC-SA 4.0,P-SIGLA-2026-09-27,source_defined,No f3 inference used.
SW-000779,HT 9a,source_word,1,5,6,5;6,SigLA explicit Word object/list,source_explicit,SIGLA,document word list,CC BY-NC-SA 4.0,P-SIGLA-2026-09-27,source_defined,No f3 inference used.
SW-000780,HT 9a,source_word,2,9,10,9;10,SigLA explicit Word object/list,source_explicit,SIGLA,document word list,CC BY-NC-SA 4.0,P-SIGLA-2026-09-27,source_defined,No f3 inference used.
SW-000781,HT 9a,source_word,3,11,13,11;12;13,SigLA explicit Word object/list,source_explicit,SIGLA,document word list,CC BY-NC-SA 4.0,P-SIGLA-2026-09-27,source_defined,No f3 inference used.
SW-000782,HT 9a,source_word,4,14,15,14;15,SigLA explicit Word object/list,source_explicit,SIGLA,document word list,CC BY-NC-SA 4.0,P-SIGLA-2026-09-27,source_defined,No f3 inference used.
SW-000783,HT 9a,source_word,5,16,18,16;17;18,SigLA explicit Word object/list,source_explicit,SIGLA,document word list,CC BY-NC-SA 4.0,P-SIGLA-2026-09-27,source_defined,No f3 inference used.
SW-000784,HT 9a,source_word,6,20,22,20;21;22,SigLA explicit Word object/list,source_explicit,SIGLA,document word list,CC BY-NC-SA 4.0,P-SIGLA-2026-09-27,source_defined,No f3 inference used.
SW-000785,HT 9a,source_word,7,24,28,24;25;27;28,SigLA explicit Word object/list,source_explicit,SIGLA,document word list,CC BY-NC-SA 4.0,P-SIGLA-2026-09-27,source_defined,No f3 inference used.
SW-000786,HT 9b,source_word,0,2,4,2;3;4,SigLA explicit Word object/list,source_explicit,SIGLA,document word list,CC BY-NC-SA 4.0,P-SIGLA-2026-09-27,source_defined,No f3 inference used.
SW-000787,HT 9b,source_word,1,6,7,6;7,SigLA explicit Word object/list,source_explicit,SIGLA,document word list,CC BY-NC-SA 4.0,P-SIGLA-2026-09-27,source_defined,No f3 inference used.
SW-000788,HT 9b,source_word,2,8,9,8;9,SigLA explicit Word object/list,source_explicit,SIGLA,document word list,CC BY-NC-SA 4.0,P-SIGLA-2026-09-27,source_defined,No f3 inference used.
SW-000789,HT 9b,source_word,3,10,11,10;11,SigLA explicit Word object/list,source_explicit,SIGLA,document word list,CC BY-NC-SA 4.0,P-SIGLA-2026-09-27,source_defined,No f3 inference used.
SW-000790,HT 9b,source_word,4,12,13,12;13,SigLA explicit Word object/list,source_explicit,SIGLA,document word list,CC BY-NC-SA 4.0,P-SIGLA-2026-09-27,source_defined,No f3 inference used.
SW-000791,HT 9b,source_word,5,14,16,14;15;16,SigLA explicit Word object/list,source_explicit,SIGLA,document word list,CC BY-NC-SA 4.0,P-SIGLA-2026-09-27,source_defined,No f3 inference used.
SW-000792,HT 9b,source_word,6,17,18,17;18,SigLA explicit Word object/list,source_explicit,SIGLA,document word list,CC BY-NC-SA 4.0,P-SIGLA-2026-09-27,source_defined,No f3 inference used.
SW-000793,HT 9b,source_word,7,19,21,19;20;21,SigLA explicit Word object/list,source_explicit,SIGLA,document word list,CC BY-NC-SA 4.0,P-SIGLA-2026-09-27,source_defined,No f3 inference used.
SW-000794,HT 9b,source_word,8,22,24,22;23;24,SigLA explicit Word object/list,source_explicit,SIGLA,document word list,CC BY-NC-SA 4.0,P-SIGLA-2026-09-27,source_defined,No f3 inference used.
SW-000795,HT 9b,source_word,9,25,26,25;26,SigLA explicit Word object/list,source_explicit,SIGLA,document word list,CC BY-NC-SA 4.0,P-SIGLA-2026-09-27,source_defined,No f3 inference used.
SW-000796,HT Wa 1001,source_word,0,1,2,1;2,SigLA explicit Word object/list,source_explicit,SIGLA,document word list,CC BY-NC-SA 4.0,P-SIGLA-2026-09-27,source_defined,No f3 inference used.
SW-000797,HT Wa 1002,source_word,0,1,2,1;2,SigLA explicit Word object/list,source_explicit,SIGLA,document word list,CC BY-NC-SA 4.0,P-SIGLA-2026-09-27,source_defined,No f3 inference used.
SW-000798,HT Wa 1003,source_word,0,1,2,1;2,SigLA explicit Word object/list,source_explicit,SIGLA,document word list,CC BY-NC-SA 4.0,P-SIGLA-2026-09-27,source_defined,No f3 inference used.
SW-000799,HT Wa 1004,source_word,0,1,2,1;2,SigLA explicit Word object/list,source_explicit,SIGLA,document word list,CC BY-NC-SA 4.0,P-SIGLA-2026-09-27,source_defined,No f3 inference used.
SW-000800,HT Wa 1005,source_word,0,1,2,1;2,SigLA explicit Word object/list,source_explicit,SIGLA,document word list,CC BY-NC-SA 4.0,P-SIGLA-2026-09-27,source_defined,No f3 inference used.
SW-000801,HT Wa 1006,source_word,0,1,2,1;2,SigLA explicit Word object/list,source_explicit,SIGLA,document word list,CC BY-NC-SA 4.0,P-SIGLA-2026-09-27,source_defined,No f3 inference used.
SW-000802,HT Wa 1007,source_word,0,1,2,1;2,SigLA explicit Word object/list,source_explicit,SIGLA,document word list,CC BY-NC-SA 4.0,P-SIGLA-2026-09-27,source_defined,No f3 inference used.
SW-000803,HT Wa 1008,source_word,0,1,2,1;2,SigLA explicit Word object/list,source_explicit,SIGLA,document word list,CC BY-NC-SA 4.0,P-SIGLA-2026-09-27,source_defined,No f3 inference used.
SW-000804,HT Wa 1009,source_word,0,1,2,1;2,SigLA explicit Word object/list,source_explicit,SIGLA,document word list,CC BY-NC-SA 4.0,P-SIGLA-2026-09-27,source_defined,No f3 inference used.
SW-000805,HT Wa 1010,source_word,0,1,2,1;2,SigLA explicit Word object/list,source_explicit,SIGLA,document word list,CC BY-NC-SA 4.0,P-SIGLA-2026-09-27,source_defined,No f3 inference used.
SW-000806,HT Wa 1011,source_word,0,1,2,1;2,SigLA explicit Word object/list,source_explicit,SIGLA,document word list,CC BY-NC-SA 4.0,P-SIGLA-2026-09-27,source_defined,No f3 inference used.
SW-000807,HT Wa 1012,source_word,0,1,2,1;2,SigLA explicit Word object/list,source_explicit,SIGLA,document word list,CC BY-NC-SA 4.0,P-SIGLA-2026-09-27,source_defined,No f3 inference used.
SW-000808,HT Wa 1013,source_word,0,1,2,1;2,SigLA explicit Word object/list,source_explicit,SIGLA,document word list,CC BY-NC-SA 4.0,P-SIGLA-2026-09-27,source_defined,No f3 inference used.
SW-000809,HT Wa 1014,source_word,0,1,2,1;2,SigLA explicit Word object/list,source_explicit,SIGLA,document word list,CC BY-NC-SA 4.0,P-SIGLA-2026-09-27,source_defined,No f3 inference used.
SW-000810,HT Wa 1015,source_word,0,1,2,1;2,SigLA explicit Word object/list,source_explicit,SIGLA,document word list,CC BY-NC-SA 4.0,P-SIGLA-2026-09-27,source_defined,No f3 inference used.
SW-000811,HT Wa 1016,source_word,0,1,2,1;2,SigLA explicit Word object/list,source_explicit,SIGLA,document word list,CC BY-NC-SA 4.0,P-SIGLA-2026-09-27,source_defined,No f3 inference used.
SW-000812,HT Wa 1017,source_word,0,1,2,1;2,SigLA explicit Word object/list,source_explicit,SIGLA,document word list,CC BY-NC-SA 4.0,P-SIGLA-2026-09-27,source_defined,No f3 inference used.
SW-000813,HT Wa 1018,source_word,0,1,2,1;2,SigLA explicit Word object/list,source_explicit,SIGLA,document word list,CC BY-NC-SA 4.0,P-SIGLA-2026-09-27,source_defined,No f3 inference used.
SW-000814,HT Wa 1019α,source_word,0,1,3,1;2;3,SigLA explicit Word object/list,source_explicit,SIGLA,document word list,CC BY-NC-SA 4.0,P-SIGLA-2026-09-27,source_defined,No f3 inference used.
SW-000815,HT Wa 1019γ,source_word,0,1,2,1;2,SigLA explicit Word object/list,source_explicit,SIGLA,document word list,CC BY-NC-SA 4.0,P-SIGLA-2026-09-27,source_defined,No f3 inference used.
SW-000816,HT Wa 1020α,source_word,0,1,1,1,SigLA explicit Word object/list,source_explicit,SIGLA,document word list,CC BY-NC-SA 4.0,P-SIGLA-2026-09-27,source_defined,No f3 inference used.
SW-000817,HT Wa 1020α,source_word,1,2,3,2;3,SigLA explicit Word object/list,source_explicit,SIGLA,document word list,CC BY-NC-SA 4.0,P-SIGLA-2026-09-27,source_defined,No f3 inference used.
SW-000818,HT Wa 1020γ,source_word,0,1,3,1;2;3,SigLA explicit Word object/list,source_explicit,SIGLA,document word list,CC BY-NC-SA 4.0,P-SIGLA-2026-09-27,source_defined,No f3 inference used.
SW-000819,HT Wa 1021α,source_word,0,1,2,1;2,SigLA explicit Word object/list,source_explicit,SIGLA,document word list,CC BY-NC-SA 4.0,P-SIGLA-2026-09-27,source_defined,No f3 inference used.
SW-000820,HT Wa 1028α,source_word,0,1,1,1,SigLA explicit Word object/list,source_explicit,SIGLA,document word list,CC BY-NC-SA 4.0,P-SIGLA-2026-09-27,source_defined,No f3 inference used.
SW-000821,HT Wa 1028γ,source_word,0,1,1,1,SigLA explicit Word object/list,source_explicit,SIGLA,document word list,CC BY-NC-SA 4.0,P-SIGLA-2026-09-27,source_defined,No f3 inference used.
SW-000822,HT Wa 1029α,source_word,0,1,1,1,SigLA explicit Word object/list,source_explicit,SIGLA,document word list,CC BY-NC-SA 4.0,P-SIGLA-2026-09-27,source_defined,No f3 inference used.
SW-000823,HT Wa 1029γ,source_word,0,1,1,1,SigLA explicit Word object/list,source_explicit,SIGLA,document word list,CC BY-NC-SA 4.0,P-SIGLA-2026-09-27,source_defined,No f3 inference used.
SW-000824,HT Wa 1242,source_word,0,1,1,1,SigLA explicit Word object/list,source_explicit,SIGLA,document word list,CC BY-NC-SA 4.0,P-SIGLA-2026-09-27,source_defined,No f3 inference used.
SW-000825,HT Wc 3001,source_word,0,1,3,1;2;3,SigLA explicit Word object/list,source_explicit,SIGLA,document word list,CC BY-NC-SA 4.0,P-SIGLA-2026-09-27,source_defined,No f3 inference used.
SW-000826,HT Wc 3002,source_word,0,1,3,1;2;3,SigLA explicit Word object/list,source_explicit,SIGLA,document word list,CC BY-NC-SA 4.0,P-SIGLA-2026-09-27,source_defined,No f3 inference used.
SW-000827,HT Wc 3003,source_word,0,1,3,1;2;3,SigLA explicit Word object/list,source_explicit,SIGLA,document word list,CC BY-NC-SA 4.0,P-SIGLA-2026-09-27,source_defined,No f3 inference used.
SW-000828,HT Wc 3004a,source_word,0,1,3,1;2;3,SigLA explicit Word object/list,source_explicit,SIGLA,document word list,CC BY-NC-SA 4.0,P-SIGLA-2026-09-27,source_defined,No f3 inference used.
SW-000829,HT Wc 3005a,source_word,0,1,3,1;2;3,SigLA explicit Word object/list,source_explicit,SIGLA,document word list,CC BY-NC-SA 4.0,P-SIGLA-2026-09-27,source_defined,No f3 inference used.
SW-000830,HT Wc 3006a,source_word,0,1,3,1;2;3,SigLA explicit Word object/list,source_explicit,SIGLA,document word list,CC BY-NC-SA 4.0,P-SIGLA-2026-09-27,source_defined,No f3 inference used.
SW-000831,HT Wc 3006b,source_word,0,1,3,1;2;3,SigLA explicit Word object/list,source_explicit,SIGLA,document word list,CC BY-NC-SA 4.0,P-SIGLA-2026-09-27,source_defined,No f3 inference used.
SW-000832,HT Wc 3007,source_word,0,1,3,1;2;3,SigLA explicit Word object/list,source_explicit,SIGLA,document word list,CC BY-NC-SA 4.0,P-SIGLA-2026-09-27,source_defined,No f3 inference used.
SW-000833,HT Wc 3008a,source_word,0,1,3,1;2;3,SigLA explicit Word object/list,source_explicit,SIGLA,document word list,CC BY-NC-SA 4.0,P-SIGLA-2026-09-27,source_defined,No f3 inference used.
SW-000834,HT Wc 3008b,source_word,0,1,4,1;2;3;4,SigLA explicit Word object/list,source_explicit,SIGLA,document word list,CC BY-NC-SA 4.0,P-SIGLA-2026-09-27,source_defined,No f3 inference used.
SW-000835,HT Wc 3009a,source_word,0,1,4,1;2;3;4,SigLA explicit Word object/list,source_explicit,SIGLA,document word list,CC BY-NC-SA 4.0,P-SIGLA-2026-09-27,source_defined,No f3 inference used.
SW-000836,HT Wc 3010,source_word,0,1,5,1;2;3;4;5,SigLA explicit Word object/list,source_explicit,SIGLA,document word list,CC BY-NC-SA 4.0,P-SIGLA-2026-09-27,source_defined,No f3 inference used.
SW-000837,HT Wc 3011,source_word,0,1,3,1;2;3,SigLA explicit Word object/list,source_explicit,SIGLA,document word list,CC BY-NC-SA 4.0,P-SIGLA-2026-09-27,source_defined,No f3 inference used.
SW-000838,HT Wc 3012a,source_word,0,1,3,1;2;3,SigLA explicit Word object/list,source_explicit,SIGLA,document word list,CC BY-NC-SA 4.0,P-SIGLA-2026-09-27,source_defined,No f3 inference used.
SW-000839,HT Wc 3012b,source_word,0,1,2,1;2,SigLA explicit Word object/list,source_explicit,SIGLA,document word list,CC BY-NC-SA 4.0,P-SIGLA-2026-09-27,source_defined,No f3 inference used.
SW-000840,HT Wc 3014a,source_word,0,1,3,1;2;3,SigLA explicit Word object/list,source_explicit,SIGLA,document word list,CC BY-NC-SA 4.0,P-SIGLA-2026-09-27,source_defined,No f3 inference used.
SW-000841,HT Wc 3014b,source_word,0,1,1,1,SigLA explicit Word object/list,source_explicit,SIGLA,document word list,CC BY-NC-SA 4.0,P-SIGLA-2026-09-27,source_defined,No f3 inference used.
SW-000842,HT Wc 3015a,source_word,0,1,3,1;2;3,SigLA explicit Word object/list,source_explicit,SIGLA,document word list,CC BY-NC-SA 4.0,P-SIGLA-2026-09-27,source_defined,No f3 inference used.
SW-000843,HT Wc 3016a,source_word,0,1,3,1;2;3,SigLA explicit Word object/list,source_explicit,SIGLA,document word list,CC BY-NC-SA 4.0,P-SIGLA-2026-09-27,source_defined,No f3 inference used.
SW-000844,HT Wc 3017a,source_word,0,1,5,1;2;3;4;5,SigLA explicit Word object/list,source_explicit,SIGLA,document word list,CC BY-NC-SA 4.0,P-SIGLA-2026-09-27,source_defined,No f3 inference used.
SW-000845,HT Wc 3020a,source_word,0,1,2,1;2,SigLA explicit Word object/list,source_explicit,SIGLA,document word list,CC BY-NC-SA 4.0,P-SIGLA-2026-09-27,source_defined,No f3 inference used.
SW-000846,HT Zb 158a,source_word,0,2,5,2;3;4;5,SigLA explicit Word object/list,source_explicit,SIGLA,document word list,CC BY-NC-SA 4.0,P-SIGLA-2026-09-27,source_defined,No f3 inference used.
SW-000847,HT Zb 158b,source_word,0,1,6,1;2;3;4;5;6,SigLA explicit Word object/list,source_explicit,SIGLA,document word list,CC BY-NC-SA 4.0,P-SIGLA-2026-09-27,source_defined,No f3 inference used.
SW-000848,HT Zb 159,source_word,0,1,6,1;2;3;4;5;6,SigLA explicit Word object/list,source_explicit,SIGLA,document word list,CC BY-NC-SA 4.0,P-SIGLA-2026-09-27,source_defined,No f3 inference used.
SW-000849,HT Zb 160,source_word,0,1,3,1;2;3,SigLA explicit Word object/list,source_explicit,SIGLA,document word list,CC BY-NC-SA 4.0,P-SIGLA-2026-09-27,source_defined,No f3 inference used.
SW-000850,HT Zb 160,source_word,1,4,6,4;5;6,SigLA explicit Word object/list,source_explicit,SIGLA,document word list,CC BY-NC-SA 4.0,P-SIGLA-2026-09-27,source_defined,No f3 inference used.
SW-000851,HT Zb 161,source_word,0,1,2,1;2,SigLA explicit Word object/list,source_explicit,SIGLA,document word list,CC BY-NC-SA 4.0,P-SIGLA-2026-09-27,source_defined,No f3 inference used.
SW-000852,HT Zd 155,source_word,0,1,2,1;2,SigLA explicit Word object/list,source_explicit,SIGLA,document word list,CC BY-NC-SA 4.0,P-SIGLA-2026-09-27,source_defined,No f3 inference used.
SW-000853,HT Zd 155,source_word,1,3,8,3;4;5;6;7;8,SigLA explicit Word object/list,source_explicit,SIGLA,document word list,CC BY-NC-SA 4.0,P-SIGLA-2026-09-27,source_defined,No f3 inference used.
SW-000854,HT Zd 156,source_word,0,9,10,9;10,SigLA explicit Word object/list,source_explicit,SIGLA,document word list,CC BY-NC-SA 4.0,P-SIGLA-2026-09-27,source_defined,No f3 inference used.
SW-000855,HT Zd 157,source_word,0,1,3,1;2;3,SigLA explicit Word object/list,source_explicit,SIGLA,document word list,CC BY-NC-SA 4.0,P-SIGLA-2026-09-27,source_defined,No f3 inference used.
SW-000856,HT Zd 157,source_word,1,4,7,4;5;6;7,SigLA explicit Word object/list,source_explicit,SIGLA,document word list,CC BY-NC-SA 4.0,P-SIGLA-2026-09-27,source_defined,No f3 inference used.
SW-000857,KE 1,source_word,0,1,2,1;2,SigLA explicit Word object/list,source_explicit,SIGLA,document word list,CC BY-NC-SA 4.0,P-SIGLA-2026-09-27,source_defined,No f3 inference used.
SW-000858,KE 1,source_word,1,,,,SigLA explicit Word object/list,source_explicit,SIGLA,document word list,CC BY-NC-SA 4.0,P-SIGLA-2026-09-27,source_defined,No f3 inference used.
SW-000859,KE Zb 4,source_word,0,1,3,1;2;3,SigLA explicit Word object/list,source_explicit,SIGLA,document word list,CC BY-NC-SA 4.0,P-SIGLA-2026-09-27,source_defined,No f3 inference used.
SW-000860,KH 1,source_word,0,1,1,1,SigLA explicit Word object/list,source_explicit,SIGLA,document word list,CC BY-NC-SA 4.0,P-SIGLA-2026-09-27,source_defined,No f3 inference used.
SW-000861,KH 10,source_word,0,,,,SigLA explicit Word object/list,source_explicit,SIGLA,document word list,CC BY-NC-SA 4.0,P-SIGLA-2026-09-27,source_defined,No f3 inference used.
SW-000862,KH 10,source_word,1,3,6,3;4;5;6,SigLA explicit Word object/list,source_explicit,SIGLA,document word list,CC BY-NC-SA 4.0,P-SIGLA-2026-09-27,source_defined,No f3 inference used.
SW-000863,KH 10,source_word,2,7,8,7;8,SigLA explicit Word object/list,source_explicit,SIGLA,document word list,CC BY-NC-SA 4.0,P-SIGLA-2026-09-27,source_defined,No f3 inference used.
SW-000864,KH 10,source_word,3,9,13,9;10;11;12;13,SigLA explicit Word object/list,source_explicit,SIGLA,document word list,CC BY-NC-SA 4.0,P-SIGLA-2026-09-27,source_defined,No f3 inference used.
SW-000865,KH 100,source_word,0,1,2,1;2,SigLA explicit Word object/list,source_explicit,SIGLA,document word list,CC BY-NC-SA 4.0,P-SIGLA-2026-09-27,source_defined,No f3 inference used.
SW-000866,KH 100,source_word,1,3,3,3,SigLA explicit Word object/list,source_explicit,SIGLA,document word list,CC BY-NC-SA 4.0,P-SIGLA-2026-09-27,source_defined,No f3 inference used.
SW-000867,KH 100,source_word,2,6,6,6,SigLA explicit Word object/list,source_explicit,SIGLA,document word list,CC BY-NC-SA 4.0,P-SIGLA-2026-09-27,source_defined,No f3 inference used.
SW-000868,KH 101,source_word,0,,,,SigLA explicit Word object/list,source_explicit,SIGLA,document word list,CC BY-NC-SA 4.0,P-SIGLA-2026-09-27,source_defined,No f3 inference used.
SW-000869,KH 101,source_word,1,2,2,2,SigLA explicit Word object/list,source_explicit,SIGLA,document word list,CC BY-NC-SA 4.0,P-SIGLA-2026-09-27,source_defined,No f3 inference used.
SW-000870,KH 102,source_word,0,1,2,1;2,SigLA explicit Word object/list,source_explicit,SIGLA,document word list,CC BY-NC-SA 4.0,P-SIGLA-2026-09-27,source_defined,No f3 inference used.
SW-000871,KH 104,source_word,0,2,2,2,SigLA explicit Word object/list,source_explicit,SIGLA,document word list,CC BY-NC-SA 4.0,P-SIGLA-2026-09-27,source_defined,No f3 inference used.
SW-000872,KH 104,source_word,1,5,6,5;6,SigLA explicit Word object/list,source_explicit,SIGLA,document word list,CC BY-NC-SA 4.0,P-SIGLA-2026-09-27,source_defined,No f3 inference used.
SW-000873,KH 104,source_word,2,7,8,7;8,SigLA explicit Word object/list,source_explicit,SIGLA,document word list,CC BY-NC-SA 4.0,P-SIGLA-2026-09-27,source_defined,No f3 inference used.
SW-000874,KH 104,source_word,3,,,,SigLA explicit Word object/list,source_explicit,SIGLA,document word list,CC BY-NC-SA 4.0,P-SIGLA-2026-09-27,source_defined,No f3 inference used.
SW-000875,KH 105,source_word,0,2,3,2;3,SigLA explicit Word object/list,source_explicit,SIGLA,document word list,CC BY-NC-SA 4.0,P-SIGLA-2026-09-27,source_defined,No f3 inference used.
SW-000876,KH 11,source_word,0,1,4,1;2;4,SigLA explicit Word object/list,source_explicit,SIGLA,document word list,CC BY-NC-SA 4.0,P-SIGLA-2026-09-27,source_defined,No f3 inference used.
SW-000877,KH 11,source_word,1,13,17,13;14;15;16;17,SigLA explicit Word object/list,source_explicit,SIGLA,document word list,CC BY-NC-SA 4.0,P-SIGLA-2026-09-27,source_defined,No f3 inference used.
SW-000878,KH 11,source_word,2,23,25,23;24;25,SigLA explicit Word object/list,source_explicit,SIGLA,document word list,CC BY-NC-SA 4.0,P-SIGLA-2026-09-27,source_defined,No f3 inference used.
SW-000879,KH 12,source_word,0,8,8,8,SigLA explicit Word object/list,source_explicit,SIGLA,document word list,CC BY-NC-SA 4.0,P-SIGLA-2026-09-27,source_defined,No f3 inference used.
SW-000880,KH 13,source_word,0,1,4,1;2;3;4,SigLA explicit Word object/list,source_explicit,SIGLA,document word list,CC BY-NC-SA 4.0,P-SIGLA-2026-09-27,source_defined,No f3 inference used.
SW-000881,KH 13,source_word,1,7,8,7;8,SigLA explicit Word object/list,source_explicit,SIGLA,document word list,CC BY-NC-SA 4.0,P-SIGLA-2026-09-27,source_defined,No f3 inference used.
SW-000882,KH 14,source_word,0,1,1,1,SigLA explicit Word object/list,source_explicit,SIGLA,document word list,CC BY-NC-SA 4.0,P-SIGLA-2026-09-27,source_defined,No f3 inference used.
SW-000883,KH 14,source_word,1,2,4,2;3;4,SigLA explicit Word object/list,source_explicit,SIGLA,document word list,CC BY-NC-SA 4.0,P-SIGLA-2026-09-27,source_defined,No f3 inference used.
SW-000884,KH 14,source_word,2,11,11,11,SigLA explicit Word object/list,source_explicit,SIGLA,document word list,CC BY-NC-SA 4.0,P-SIGLA-2026-09-27,source_defined,No f3 inference used.
SW-000885,KH 16,source_word,0,2,5,2;3;4;5,SigLA explicit Word object/list,source_explicit,SIGLA,document word list,CC BY-NC-SA 4.0,P-SIGLA-2026-09-27,source_defined,No f3 inference used.
SW-000886,KH 16,source_word,1,7,7,7,SigLA explicit Word object/list,source_explicit,SIGLA,document word list,CC BY-NC-SA 4.0,P-SIGLA-2026-09-27,source_defined,No f3 inference used.
SW-000887,KH 17,source_word,0,3,3,3,SigLA explicit Word object/list,source_explicit,SIGLA,document word list,CC BY-NC-SA 4.0,P-SIGLA-2026-09-27,source_defined,No f3 inference used.
SW-000888,KH 18,source_word,0,2,4,2;3;4,SigLA explicit Word object/list,source_explicit,SIGLA,document word list,CC BY-NC-SA 4.0,P-SIGLA-2026-09-27,source_defined,No f3 inference used.
SW-000889,KH 2,source_word,0,1,1,1,SigLA explicit Word object/list,source_explicit,SIGLA,document word list,CC BY-NC-SA 4.0,P-SIGLA-2026-09-27,source_defined,No f3 inference used.
SW-000890,KH 2,source_word,1,,,,SigLA explicit Word object/list,source_explicit,SIGLA,document word list,CC BY-NC-SA 4.0,P-SIGLA-2026-09-27,source_defined,No f3 inference used.
SW-000891,KH 20,source_word,0,1,4,1;2;3;4,SigLA explicit Word object/list,source_explicit,SIGLA,document word list,CC BY-NC-SA 4.0,P-SIGLA-2026-09-27,source_defined,No f3 inference used.
SW-000892,KH 20,source_word,1,6,8,6;7;8,SigLA explicit Word object/list,source_explicit,SIGLA,document word list,CC BY-NC-SA 4.0,P-SIGLA-2026-09-27,source_defined,No f3 inference used.
SW-000893,KH 21,source_word,0,3,5,3;4;5,SigLA explicit Word object/list,source_explicit,SIGLA,document word list,CC BY-NC-SA 4.0,P-SIGLA-2026-09-27,source_defined,No f3 inference used.
SW-000894,KH 22,source_word,0,2,2,2,SigLA explicit Word object/list,source_explicit,SIGLA,document word list,CC BY-NC-SA 4.0,P-SIGLA-2026-09-27,source_defined,No f3 inference used.
SW-000895,KH 23,source_word,0,1,2,1;2,SigLA explicit Word object/list,source_explicit,SIGLA,document word list,CC BY-NC-SA 4.0,P-SIGLA-2026-09-27,source_defined,No f3 inference used.
SW-000896,KH 24,source_word,0,2,2,2,SigLA explicit Word object/list,source_explicit,SIGLA,document word list,CC BY-NC-SA 4.0,P-SIGLA-2026-09-27,source_defined,No f3 inference used.
SW-000897,KH 24,source_word,1,,,,SigLA explicit Word object/list,source_explicit,SIGLA,document word list,CC BY-NC-SA 4.0,P-SIGLA-2026-09-27,source_defined,No f3 inference used.
SW-000898,KH 28,source_word,0,1,1,1,SigLA explicit Word object/list,source_explicit,SIGLA,document word list,CC BY-NC-SA 4.0,P-SIGLA-2026-09-27,source_defined,No f3 inference used.
SW-000899,KH 29,source_word,0,2,2,2,SigLA explicit Word object/list,source_explicit,SIGLA,document word list,CC BY-NC-SA 4.0,P-SIGLA-2026-09-27,source_defined,No f3 inference used.
SW-000900,KH 29,source_word,1,3,3,3,SigLA explicit Word object/list,source_explicit,SIGLA,document word list,CC BY-NC-SA 4.0,P-SIGLA-2026-09-27,source_defined,No f3 inference used.
SW-000901,KH 29,source_word,2,5,6,5;6,SigLA explicit Word object/list,source_explicit,SIGLA,document word list,CC BY-NC-SA 4.0,P-SIGLA-2026-09-27,source_defined,No f3 inference used.
SW-000902,KH 3,source_word,0,1,1,1,SigLA explicit Word object/list,source_explicit,SIGLA,document word list,CC BY-NC-SA 4.0,P-SIGLA-2026-09-27,source_defined,No f3 inference used.
SW-000903,KH 32,source_word,0,1,2,1;2,SigLA explicit Word object/list,source_explicit,SIGLA,document word list,CC BY-NC-SA 4.0,P-SIGLA-2026-09-27,source_defined,No f3 inference used.
SW-000904,KH 33,source_word,0,3,3,3,SigLA explicit Word object/list,source_explicit,SIGLA,document word list,CC BY-NC-SA 4.0,P-SIGLA-2026-09-27,source_defined,No f3 inference used.
SW-000905,KH 35,source_word,0,,,,SigLA explicit Word object/list,source_explicit,SIGLA,document word list,CC BY-NC-SA 4.0,P-SIGLA-2026-09-27,source_defined,No f3 inference used.
SW-000906,KH 36,source_word,0,1,1,1,SigLA explicit Word object/list,source_explicit,SIGLA,document word list,CC BY-NC-SA 4.0,P-SIGLA-2026-09-27,source_defined,No f3 inference used.
SW-000907,KH 36,source_word,1,3,3,3,SigLA explicit Word object/list,source_explicit,SIGLA,document word list,CC BY-NC-SA 4.0,P-SIGLA-2026-09-27,source_defined,No f3 inference used.
SW-000908,KH 37,source_word,0,2,2,2,SigLA explicit Word object/list,source_explicit,SIGLA,document word list,CC BY-NC-SA 4.0,P-SIGLA-2026-09-27,source_defined,No f3 inference used.
SW-000909,KH 39,source_word,0,1,2,1;2,SigLA explicit Word object/list,source_explicit,SIGLA,document word list,CC BY-NC-SA 4.0,P-SIGLA-2026-09-27,source_defined,No f3 inference used.
SW-000910,KH 4,source_word,0,1,3,1;2;3,SigLA explicit Word object/list,source_explicit,SIGLA,document word list,CC BY-NC-SA 4.0,P-SIGLA-2026-09-27,source_defined,No f3 inference used.
SW-000911,KH 4,source_word,1,,,,SigLA explicit Word object/list,source_explicit,SIGLA,document word list,CC BY-NC-SA 4.0,P-SIGLA-2026-09-27,source_defined,No f3 inference used.
SW-000912,KH 40,source_word,0,1,2,1;2,SigLA explicit Word object/list,source_explicit,SIGLA,document word list,CC BY-NC-SA 4.0,P-SIGLA-2026-09-27,source_defined,No f3 inference used.
SW-000913,KH 41,source_word,0,1,3,1;2;3,SigLA explicit Word object/list,source_explicit,SIGLA,document word list,CC BY-NC-SA 4.0,P-SIGLA-2026-09-27,source_defined,No f3 inference used.
SW-000914,KH 44,source_word,0,1,1,1,SigLA explicit Word object/list,source_explicit,SIGLA,document word list,CC BY-NC-SA 4.0,P-SIGLA-2026-09-27,source_defined,No f3 inference used.
SW-000915,KH 44,source_word,1,2,2,2,SigLA explicit Word object/list,source_explicit,SIGLA,document word list,CC BY-NC-SA 4.0,P-SIGLA-2026-09-27,source_defined,No f3 inference used.
SW-000916,KH 45,source_word,0,1,1,1,SigLA explicit Word object/list,source_explicit,SIGLA,document word list,CC BY-NC-SA 4.0,P-SIGLA-2026-09-27,source_defined,No f3 inference used.
SW-000917,KH 47,source_word,0,1,2,1;2,SigLA explicit Word object/list,source_explicit,SIGLA,document word list,CC BY-NC-SA 4.0,P-SIGLA-2026-09-27,source_defined,No f3 inference used.
SW-000918,KH 47,source_word,1,3,3,3,SigLA explicit Word object/list,source_explicit,SIGLA,document word list,CC BY-NC-SA 4.0,P-SIGLA-2026-09-27,source_defined,No f3 inference used.
SW-000919,KH 47,source_word,2,4,4,4,SigLA explicit Word object/list,source_explicit,SIGLA,document word list,CC BY-NC-SA 4.0,P-SIGLA-2026-09-27,source_defined,No f3 inference used.
SW-000920,KH 47,source_word,3,5,5,5,SigLA explicit Word object/list,source_explicit,SIGLA,document word list,CC BY-NC-SA 4.0,P-SIGLA-2026-09-27,source_defined,No f3 inference used.
SW-000921,KH 49,source_word,0,2,2,2,SigLA explicit Word object/list,source_explicit,SIGLA,document word list,CC BY-NC-SA 4.0,P-SIGLA-2026-09-27,source_defined,No f3 inference used.
SW-000922,KH 49,source_word,1,3,3,3,SigLA explicit Word object/list,source_explicit,SIGLA,document word list,CC BY-NC-SA 4.0,P-SIGLA-2026-09-27,source_defined,No f3 inference used.
SW-000923,KH 5,source_word,0,1,5,1;2;3;4;5,SigLA explicit Word object/list,source_explicit,SIGLA,document word list,CC BY-NC-SA 4.0,P-SIGLA-2026-09-27,source_defined,No f3 inference used.
SW-000924,KH 5,source_word,1,6,9,6;7;8;9,SigLA explicit Word object/list,source_explicit,SIGLA,document word list,CC BY-NC-SA 4.0,P-SIGLA-2026-09-27,source_defined,No f3 inference used.
SW-000925,KH 5,source_word,2,10,13,10;11;12;13,SigLA explicit Word object/list,source_explicit,SIGLA,document word list,CC BY-NC-SA 4.0,P-SIGLA-2026-09-27,source_defined,No f3 inference used.
SW-000926,KH 5,source_word,3,16,18,16;17;18,SigLA explicit Word object/list,source_explicit,SIGLA,document word list,CC BY-NC-SA 4.0,P-SIGLA-2026-09-27,source_defined,No f3 inference used.
SW-000927,KH 5,source_word,4,19,20,19;20,SigLA explicit Word object/list,source_explicit,SIGLA,document word list,CC BY-NC-SA 4.0,P-SIGLA-2026-09-27,source_defined,No f3 inference used.
SW-000928,KH 5,source_word,5,21,23,21;22;23,SigLA explicit Word object/list,source_explicit,SIGLA,document word list,CC BY-NC-SA 4.0,P-SIGLA-2026-09-27,source_defined,No f3 inference used.
SW-000929,KH 50,source_word,0,2,2,2,SigLA explicit Word object/list,source_explicit,SIGLA,document word list,CC BY-NC-SA 4.0,P-SIGLA-2026-09-27,source_defined,No f3 inference used.
SW-000930,KH 50,source_word,1,3,3,3,SigLA explicit Word object/list,source_explicit,SIGLA,document word list,CC BY-NC-SA 4.0,P-SIGLA-2026-09-27,source_defined,No f3 inference used.
SW-000931,KH 50,source_word,2,4,4,4,SigLA explicit Word object/list,source_explicit,SIGLA,document word list,CC BY-NC-SA 4.0,P-SIGLA-2026-09-27,source_defined,No f3 inference used.
SW-000932,KH 51,source_word,0,1,3,1;2;3,SigLA explicit Word object/list,source_explicit,SIGLA,document word list,CC BY-NC-SA 4.0,P-SIGLA-2026-09-27,source_defined,No f3 inference used.
SW-000933,KH 51,source_word,1,4,4,4,SigLA explicit Word object/list,source_explicit,SIGLA,document word list,CC BY-NC-SA 4.0,P-SIGLA-2026-09-27,source_defined,No f3 inference used.
SW-000934,KH 52,source_word,0,1,2,1;2,SigLA explicit Word object/list,source_explicit,SIGLA,document word list,CC BY-NC-SA 4.0,P-SIGLA-2026-09-27,source_defined,No f3 inference used.
SW-000935,KH 53,source_word,0,1,3,1;2;3,SigLA explicit Word object/list,source_explicit,SIGLA,document word list,CC BY-NC-SA 4.0,P-SIGLA-2026-09-27,source_defined,No f3 inference used.
SW-000936,KH 53,source_word,1,4,4,4,SigLA explicit Word object/list,source_explicit,SIGLA,document word list,CC BY-NC-SA 4.0,P-SIGLA-2026-09-27,source_defined,No f3 inference used.
SW-000937,KH 57,source_word,0,1,1,1,SigLA explicit Word object/list,source_explicit,SIGLA,document word list,CC BY-NC-SA 4.0,P-SIGLA-2026-09-27,source_defined,No f3 inference used.
SW-000938,KH 57,source_word,1,2,2,2,SigLA explicit Word object/list,source_explicit,SIGLA,document word list,CC BY-NC-SA 4.0,P-SIGLA-2026-09-27,source_defined,No f3 inference used.
SW-000939,KH 57,source_word,2,,,,SigLA explicit Word object/list,source_explicit,SIGLA,document word list,CC BY-NC-SA 4.0,P-SIGLA-2026-09-27,source_defined,No f3 inference used.
SW-000940,KH 58,source_word,0,4,4,4,SigLA explicit Word object/list,source_explicit,SIGLA,document word list,CC BY-NC-SA 4.0,P-SIGLA-2026-09-27,source_defined,No f3 inference used.
SW-000941,KH 58,source_word,1,7,8,7;8,SigLA explicit Word object/list,source_explicit,SIGLA,document word list,CC BY-NC-SA 4.0,P-SIGLA-2026-09-27,source_defined,No f3 inference used.
SW-000942,KH 59,source_word,0,1,1,1,SigLA explicit Word object/list,source_explicit,SIGLA,document word list,CC BY-NC-SA 4.0,P-SIGLA-2026-09-27,source_defined,No f3 inference used.
SW-000943,KH 59,source_word,1,2,3,2;3,SigLA explicit Word object/list,source_explicit,SIGLA,document word list,CC BY-NC-SA 4.0,P-SIGLA-2026-09-27,source_defined,No f3 inference used.
SW-000944,KH 6,source_word,0,2,3,2;3,SigLA explicit Word object/list,source_explicit,SIGLA,document word list,CC BY-NC-SA 4.0,P-SIGLA-2026-09-27,source_defined,No f3 inference used.
SW-000945,KH 6,source_word,1,4,6,4;5;6,SigLA explicit Word object/list,source_explicit,SIGLA,document word list,CC BY-NC-SA 4.0,P-SIGLA-2026-09-27,source_defined,No f3 inference used.
SW-000946,KH 6,source_word,2,7,9,7;8;9,SigLA explicit Word object/list,source_explicit,SIGLA,document word list,CC BY-NC-SA 4.0,P-SIGLA-2026-09-27,source_defined,No f3 inference used.
SW-000947,KH 6,source_word,3,13,15,13;14;15,SigLA explicit Word object/list,source_explicit,SIGLA,document word list,CC BY-NC-SA 4.0,P-SIGLA-2026-09-27,source_defined,No f3 inference used.
SW-000948,KH 6,source_word,4,21,21,21,SigLA explicit Word object/list,source_explicit,SIGLA,document word list,CC BY-NC-SA 4.0,P-SIGLA-2026-09-27,source_defined,No f3 inference used.
SW-000949,KH 6,source_word,5,24,25,24;25,SigLA explicit Word object/list,source_explicit,SIGLA,document word list,CC BY-NC-SA 4.0,P-SIGLA-2026-09-27,source_defined,No f3 inference used.
SW-000950,KH 6,source_word,6,27,29,27;28;29,SigLA explicit Word object/list,source_explicit,SIGLA,document word list,CC BY-NC-SA 4.0,P-SIGLA-2026-09-27,source_defined,No f3 inference used.
SW-000951,KH 60,source_word,0,1,5,1;2;3;4;5,SigLA explicit Word object/list,source_explicit,SIGLA,document word list,CC BY-NC-SA 4.0,P-SIGLA-2026-09-27,source_defined,No f3 inference used.
SW-000952,KH 60,source_word,1,,,,SigLA explicit Word object/list,source_explicit,SIGLA,document word list,CC BY-NC-SA 4.0,P-SIGLA-2026-09-27,source_defined,No f3 inference used.
SW-000953,KH 61,source_word,0,,,,SigLA explicit Word object/list,source_explicit,SIGLA,document word list,CC BY-NC-SA 4.0,P-SIGLA-2026-09-27,source_defined,No f3 inference used.
SW-000954,KH 61,source_word,1,3,3,3,SigLA explicit Word object/list,source_explicit,SIGLA,document word list,CC BY-NC-SA 4.0,P-SIGLA-2026-09-27,source_defined,No f3 inference used.
SW-000955,KH 62,source_word,0,1,1,1,SigLA explicit Word object/list,source_explicit,SIGLA,document word list,CC BY-NC-SA 4.0,P-SIGLA-2026-09-27,source_defined,No f3 inference used.
SW-000956,KH 63,source_word,0,1,1,1,SigLA explicit Word object/list,source_explicit,SIGLA,document word list,CC BY-NC-SA 4.0,P-SIGLA-2026-09-27,source_defined,No f3 inference used.
SW-000957,KH 64,source_word,0,1,1,1,SigLA explicit Word object/list,source_explicit,SIGLA,document word list,CC BY-NC-SA 4.0,P-SIGLA-2026-09-27,source_defined,No f3 inference used.
SW-000958,KH 64,source_word,1,,,,SigLA explicit Word object/list,source_explicit,SIGLA,document word list,CC BY-NC-SA 4.0,P-SIGLA-2026-09-27,source_defined,No f3 inference used.
SW-000959,KH 65,source_word,0,1,1,1,SigLA explicit Word object/list,source_explicit,SIGLA,document word list,CC BY-NC-SA 4.0,P-SIGLA-2026-09-27,source_defined,No f3 inference used.
SW-000960,KH 67,source_word,0,,,,SigLA explicit Word object/list,source_explicit,SIGLA,document word list,CC BY-NC-SA 4.0,P-SIGLA-2026-09-27,source_defined,No f3 inference used.
SW-000961,KH 68,source_word,0,,,,SigLA explicit Word object/list,source_explicit,SIGLA,document word list,CC BY-NC-SA 4.0,P-SIGLA-2026-09-27,source_defined,No f3 inference used.
SW-000962,KH 69,source_word,0,,,,SigLA explicit Word object/list,source_explicit,SIGLA,document word list,CC BY-NC-SA 4.0,P-SIGLA-2026-09-27,source_defined,No f3 inference used.
SW-000963,KH 70,source_word,0,,,,SigLA explicit Word object/list,source_explicit,SIGLA,document word list,CC BY-NC-SA 4.0,P-SIGLA-2026-09-27,source_defined,No f3 inference used.
SW-000964,KH 72,source_word,0,,,,SigLA explicit Word object/list,source_explicit,SIGLA,document word list,CC BY-NC-SA 4.0,P-SIGLA-2026-09-27,source_defined,No f3 inference used.
SW-000965,KH 73,source_word,0,3,3,3,SigLA explicit Word object/list,source_explicit,SIGLA,document word list,CC BY-NC-SA 4.0,P-SIGLA-2026-09-27,source_defined,No f3 inference used.
SW-000966,KH 73,source_word,1,6,6,6,SigLA explicit Word object/list,source_explicit,SIGLA,document word list,CC BY-NC-SA 4.0,P-SIGLA-2026-09-27,source_defined,No f3 inference used.
SW-000967,KH 74,source_word,0,2,2,2,SigLA explicit Word object/list,source_explicit,SIGLA,document word list,CC BY-NC-SA 4.0,P-SIGLA-2026-09-27,source_defined,No f3 inference used.
SW-000968,KH 74,source_word,1,3,5,3;4;5,SigLA explicit Word object/list,source_explicit,SIGLA,document word list,CC BY-NC-SA 4.0,P-SIGLA-2026-09-27,source_defined,No f3 inference used.
SW-000969,KH 74,source_word,2,6,6,6,SigLA explicit Word object/list,source_explicit,SIGLA,document word list,CC BY-NC-SA 4.0,P-SIGLA-2026-09-27,source_defined,No f3 inference used.
SW-000970,KH 76,source_word,0,1,1,1,SigLA explicit Word object/list,source_explicit,SIGLA,document word list,CC BY-NC-SA 4.0,P-SIGLA-2026-09-27,source_defined,No f3 inference used.
SW-000971,KH 77,source_word,0,,,,SigLA explicit Word object/list,source_explicit,SIGLA,document word list,CC BY-NC-SA 4.0,P-SIGLA-2026-09-27,source_defined,No f3 inference used.
SW-000972,KH 79,source_word,0,2,3,2;3,SigLA explicit Word object/list,source_explicit,SIGLA,document word list,CC BY-NC-SA 4.0,P-SIGLA-2026-09-27,source_defined,No f3 inference used.
SW-000973,KH 79+89,source_word,0,1,2,1;2,SigLA explicit Word object/list,source_explicit,SIGLA,document word list,CC BY-NC-SA 4.0,P-SIGLA-2026-09-27,source_defined,No f3 inference used.
SW-000974,KH 79+89,source_word,1,3,4,3;4,SigLA explicit Word object/list,source_explicit,SIGLA,document word list,CC BY-NC-SA 4.0,P-SIGLA-2026-09-27,source_defined,No f3 inference used.
SW-000975,KH 79+89,source_word,2,5,6,5;6,SigLA explicit Word object/list,source_explicit,SIGLA,document word list,CC BY-NC-SA 4.0,P-SIGLA-2026-09-27,source_defined,No f3 inference used.
SW-000976,KH 79+89,source_word,3,8,10,8;9;10,SigLA explicit Word object/list,source_explicit,SIGLA,document word list,CC BY-NC-SA 4.0,P-SIGLA-2026-09-27,source_defined,No f3 inference used.
SW-000977,KH 7a,source_word,0,,,,SigLA explicit Word object/list,source_explicit,SIGLA,document word list,CC BY-NC-SA 4.0,P-SIGLA-2026-09-27,source_defined,No f3 inference used.
SW-000978,KH 7a,source_word,1,4,4,4,SigLA explicit Word object/list,source_explicit,SIGLA,document word list,CC BY-NC-SA 4.0,P-SIGLA-2026-09-27,source_defined,No f3 inference used.
SW-000979,KH 7a,source_word,2,6,8,6;7;8,SigLA explicit Word object/list,source_explicit,SIGLA,document word list,CC BY-NC-SA 4.0,P-SIGLA-2026-09-27,source_defined,No f3 inference used.
SW-000980,KH 7a,source_word,3,11,14,11;12;13;14,SigLA explicit Word object/list,source_explicit,SIGLA,document word list,CC BY-NC-SA 4.0,P-SIGLA-2026-09-27,source_defined,No f3 inference used.
SW-000981,KH 7a,source_word,4,15,16,15;16,SigLA explicit Word object/list,source_explicit,SIGLA,document word list,CC BY-NC-SA 4.0,P-SIGLA-2026-09-27,source_defined,No f3 inference used.
SW-000982,KH 7a,source_word,5,17,19,17;18;19,SigLA explicit Word object/list,source_explicit,SIGLA,document word list,CC BY-NC-SA 4.0,P-SIGLA-2026-09-27,source_defined,No f3 inference used.
SW-000983,KH 7a,source_word,6,22,23,22;23,SigLA explicit Word object/list,source_explicit,SIGLA,document word list,CC BY-NC-SA 4.0,P-SIGLA-2026-09-27,source_defined,No f3 inference used.
SW-000984,KH 7a,source_word,7,24,27,24;26;27,SigLA explicit Word object/list,source_explicit,SIGLA,document word list,CC BY-NC-SA 4.0,P-SIGLA-2026-09-27,source_defined,No f3 inference used.
SW-000985,KH 7b,source_word,0,1,4,1;2;3;4,SigLA explicit Word object/list,source_explicit,SIGLA,document word list,CC BY-NC-SA 4.0,P-SIGLA-2026-09-27,source_defined,No f3 inference used.
SW-000986,KH 7b,source_word,1,6,8,6;7;8,SigLA explicit Word object/list,source_explicit,SIGLA,document word list,CC BY-NC-SA 4.0,P-SIGLA-2026-09-27,source_defined,No f3 inference used.
SW-000987,KH 8,source_word,0,1,1,1,SigLA explicit Word object/list,source_explicit,SIGLA,document word list,CC BY-NC-SA 4.0,P-SIGLA-2026-09-27,source_defined,No f3 inference used.
SW-000988,KH 8,source_word,1,4,4,4,SigLA explicit Word object/list,source_explicit,SIGLA,document word list,CC BY-NC-SA 4.0,P-SIGLA-2026-09-27,source_defined,No f3 inference used.
SW-000989,KH 8,source_word,2,,,,SigLA explicit Word object/list,source_explicit,SIGLA,document word list,CC BY-NC-SA 4.0,P-SIGLA-2026-09-27,source_defined,No f3 inference used.
SW-000990,KH 80,source_word,0,,,,SigLA explicit Word object/list,source_explicit,SIGLA,document word list,CC BY-NC-SA 4.0,P-SIGLA-2026-09-27,source_defined,No f3 inference used.
SW-000991,KH 81,source_word,0,,,,SigLA explicit Word object/list,source_explicit,SIGLA,document word list,CC BY-NC-SA 4.0,P-SIGLA-2026-09-27,source_defined,No f3 inference used.
SW-000992,KH 81,source_word,1,,,,SigLA explicit Word object/list,source_explicit,SIGLA,document word list,CC BY-NC-SA 4.0,P-SIGLA-2026-09-27,source_defined,No f3 inference used.
SW-000993,KH 83,source_word,0,1,3,1;2;3,SigLA explicit Word object/list,source_explicit,SIGLA,document word list,CC BY-NC-SA 4.0,P-SIGLA-2026-09-27,source_defined,No f3 inference used.
SW-000994,KH 84,source_word,0,,,,SigLA explicit Word object/list,source_explicit,SIGLA,document word list,CC BY-NC-SA 4.0,P-SIGLA-2026-09-27,source_defined,No f3 inference used.
SW-000995,KH 86,source_word,0,1,2,1;2,SigLA explicit Word object/list,source_explicit,SIGLA,document word list,CC BY-NC-SA 4.0,P-SIGLA-2026-09-27,source_defined,No f3 inference used.
SW-000996,KH 86,source_word,1,8,9,8;9,SigLA explicit Word object/list,source_explicit,SIGLA,document word list,CC BY-NC-SA 4.0,P-SIGLA-2026-09-27,source_defined,No f3 inference used.
SW-000997,KH 86,source_word,2,,,,SigLA explicit Word object/list,source_explicit,SIGLA,document word list,CC BY-NC-SA 4.0,P-SIGLA-2026-09-27,source_defined,No f3 inference used.
SW-000998,KH 88,source_word,0,1,3,1;2;3,SigLA explicit Word object/list,source_explicit,SIGLA,document word list,CC BY-NC-SA 4.0,P-SIGLA-2026-09-27,source_defined,No f3 inference used.
SW-000999,KH 88,source_word,1,4,5,4;5,SigLA explicit Word object/list,source_explicit,SIGLA,document word list,CC BY-NC-SA 4.0,P-SIGLA-2026-09-27,source_defined,No f3 inference used.
SW-001000,KH 88,source_word,2,7,8,7;8,SigLA explicit Word object/list,source_explicit,SIGLA,document word list,CC BY-NC-SA 4.0,P-SIGLA-2026-09-27,source_defined,No f3 inference used.
SW-001001,KH 9,source_word,0,1,5,1;2;3;4;5,SigLA explicit Word object/list,source_explicit,SIGLA,document word list,CC BY-NC-SA 4.0,P-SIGLA-2026-09-27,source_defined,No f3 inference used.
SW-001002,KH 9,source_word,1,9,10,9;10,SigLA explicit Word object/list,source_explicit,SIGLA,document word list,CC BY-NC-SA 4.0,P-SIGLA-2026-09-27,source_defined,No f3 inference used.
SW-001003,KH 90,source_word,0,2,2,2,SigLA explicit Word object/list,source_explicit,SIGLA,document word list,CC BY-NC-SA 4.0,P-SIGLA-2026-09-27,source_defined,No f3 inference used.
SW-001004,KH 90,source_word,1,4,7,4;5;6;7,SigLA explicit Word object/list,source_explicit,SIGLA,document word list,CC BY-NC-SA 4.0,P-SIGLA-2026-09-27,source_defined,No f3 inference used.
SW-001005,KH 91,source_word,0,6,6,6,SigLA explicit Word object/list,source_explicit,SIGLA,document word list,CC BY-NC-SA 4.0,P-SIGLA-2026-09-27,source_defined,No f3 inference used.
SW-001006,KH 92,source_word,0,1,4,1;2;3;4,SigLA explicit Word object/list,source_explicit,SIGLA,document word list,CC BY-NC-SA 4.0,P-SIGLA-2026-09-27,source_defined,No f3 inference used.
SW-001007,KH 92,source_word,1,5,7,5;6;7,SigLA explicit Word object/list,source_explicit,SIGLA,document word list,CC BY-NC-SA 4.0,P-SIGLA-2026-09-27,source_defined,No f3 inference used.
SW-001008,KH 92,source_word,2,8,9,8;9,SigLA explicit Word object/list,source_explicit,SIGLA,document word list,CC BY-NC-SA 4.0,P-SIGLA-2026-09-27,source_defined,No f3 inference used.
SW-001009,KH 92,source_word,3,10,10,10,SigLA explicit Word object/list,source_explicit,SIGLA,document word list,CC BY-NC-SA 4.0,P-SIGLA-2026-09-27,source_defined,No f3 inference used.
SW-001010,KH 94,source_word,0,,,,SigLA explicit Word object/list,source_explicit,SIGLA,document word list,CC BY-NC-SA 4.0,P-SIGLA-2026-09-27,source_defined,No f3 inference used.
SW-001011,KH 94,source_word,1,,,,SigLA explicit Word object/list,source_explicit,SIGLA,document word list,CC BY-NC-SA 4.0,P-SIGLA-2026-09-27,source_defined,No f3 inference used.
SW-001012,KH 94,source_word,2,3,3,3,SigLA explicit Word object/list,source_explicit,SIGLA,document word list,CC BY-NC-SA 4.0,P-SIGLA-2026-09-27,source_defined,No f3 inference used.
SW-001013,KH 95,source_word,0,1,1,1,SigLA explicit Word object/list,source_explicit,SIGLA,document word list,CC BY-NC-SA 4.0,P-SIGLA-2026-09-27,source_defined,No f3 inference used.
SW-001014,KH 95,source_word,1,,,,SigLA explicit Word object/list,source_explicit,SIGLA,document word list,CC BY-NC-SA 4.0,P-SIGLA-2026-09-27,source_defined,No f3 inference used.
SW-001015,KH 97,source_word,0,,,,SigLA explicit Word object/list,source_explicit,SIGLA,document word list,CC BY-NC-SA 4.0,P-SIGLA-2026-09-27,source_defined,No f3 inference used.
SW-001016,KH 97a,source_word,0,1,1,1,SigLA explicit Word object/list,source_explicit,SIGLA,document word list,CC BY-NC-SA 4.0,P-SIGLA-2026-09-27,source_defined,No f3 inference used.
SW-001017,KH 97a,source_word,1,2,3,2;3,SigLA explicit Word object/list,source_explicit,SIGLA,document word list,CC BY-NC-SA 4.0,P-SIGLA-2026-09-27,source_defined,No f3 inference used.
SW-001018,KH 97a,source_word,2,4,4,4,SigLA explicit Word object/list,source_explicit,SIGLA,document word list,CC BY-NC-SA 4.0,P-SIGLA-2026-09-27,source_defined,No f3 inference used.
SW-001019,KH 97b,source_word,0,1,1,1,SigLA explicit Word object/list,source_explicit,SIGLA,document word list,CC BY-NC-SA 4.0,P-SIGLA-2026-09-27,source_defined,No f3 inference used.
SW-001020,KH 97b,source_word,1,2,2,2,SigLA explicit Word object/list,source_explicit,SIGLA,document word list,CC BY-NC-SA 4.0,P-SIGLA-2026-09-27,source_defined,No f3 inference used.
SW-001021,KH 97b,source_word,2,,,,SigLA explicit Word object/list,source_explicit,SIGLA,document word list,CC BY-NC-SA 4.0,P-SIGLA-2026-09-27,source_defined,No f3 inference used.
SW-001022,KH 99,source_word,0,1,3,1;2;3,SigLA explicit Word object/list,source_explicit,SIGLA,document word list,CC BY-NC-SA 4.0,P-SIGLA-2026-09-27,source_defined,No f3 inference used.
SW-001023,KH 99,source_word,1,5,7,5;6;7,SigLA explicit Word object/list,source_explicit,SIGLA,document word list,CC BY-NC-SA 4.0,P-SIGLA-2026-09-27,source_defined,No f3 inference used.
SW-001024,KH 99,source_word,2,8,9,8;9,SigLA explicit Word object/list,source_explicit,SIGLA,document word list,CC BY-NC-SA 4.0,P-SIGLA-2026-09-27,source_defined,No f3 inference used.
SW-001025,KH Wa 1002α,source_word,0,1,1,1,SigLA explicit Word object/list,source_explicit,SIGLA,document word list,CC BY-NC-SA 4.0,P-SIGLA-2026-09-27,source_defined,No f3 inference used.
SW-001026,KH Wa 1002γ,source_word,0,1,1,1,SigLA explicit Word object/list,source_explicit,SIGLA,document word list,CC BY-NC-SA 4.0,P-SIGLA-2026-09-27,source_defined,No f3 inference used.
SW-001027,KH Wa 1003,source_word,0,,,,SigLA explicit Word object/list,source_explicit,SIGLA,document word list,CC BY-NC-SA 4.0,P-SIGLA-2026-09-27,source_defined,No f3 inference used.
SW-001028,KH Wa 1013α,source_word,0,1,1,1,SigLA explicit Word object/list,source_explicit,SIGLA,document word list,CC BY-NC-SA 4.0,P-SIGLA-2026-09-27,source_defined,No f3 inference used.
SW-001029,KH Wa 1013γ,source_word,0,1,1,1,SigLA explicit Word object/list,source_explicit,SIGLA,document word list,CC BY-NC-SA 4.0,P-SIGLA-2026-09-27,source_defined,No f3 inference used.
SW-001030,KH Wa 1014α,source_word,0,1,1,1,SigLA explicit Word object/list,source_explicit,SIGLA,document word list,CC BY-NC-SA 4.0,P-SIGLA-2026-09-27,source_defined,No f3 inference used.
SW-001031,KH Wa 1014γ,source_word,0,1,1,1,SigLA explicit Word object/list,source_explicit,SIGLA,document word list,CC BY-NC-SA 4.0,P-SIGLA-2026-09-27,source_defined,No f3 inference used.
SW-001032,KH Wa 1015α,source_word,0,1,1,1,SigLA explicit Word object/list,source_explicit,SIGLA,document word list,CC BY-NC-SA 4.0,P-SIGLA-2026-09-27,source_defined,No f3 inference used.
SW-001033,KH Wa 1015γ,source_word,0,1,1,1,SigLA explicit Word object/list,source_explicit,SIGLA,document word list,CC BY-NC-SA 4.0,P-SIGLA-2026-09-27,source_defined,No f3 inference used.
SW-001034,KH Wa 1016α,source_word,0,1,1,1,SigLA explicit Word object/list,source_explicit,SIGLA,document word list,CC BY-NC-SA 4.0,P-SIGLA-2026-09-27,source_defined,No f3 inference used.
SW-001035,KH Wa 1016γ,source_word,0,1,1,1,SigLA explicit Word object/list,source_explicit,SIGLA,document word list,CC BY-NC-SA 4.0,P-SIGLA-2026-09-27,source_defined,No f3 inference used.
SW-001036,KH Wc 2005,source_word,0,1,4,1;2;3;4,SigLA explicit Word object/list,source_explicit,SIGLA,document word list,CC BY-NC-SA 4.0,P-SIGLA-2026-09-27,source_defined,No f3 inference used.
SW-001037,KH Wc 2008,source_word,0,1,1,1,SigLA explicit Word object/list,source_explicit,SIGLA,document word list,CC BY-NC-SA 4.0,P-SIGLA-2026-09-27,source_defined,No f3 inference used.
SW-001038,KH Wc 2009,source_word,0,1,1,1,SigLA explicit Word object/list,source_explicit,SIGLA,document word list,CC BY-NC-SA 4.0,P-SIGLA-2026-09-27,source_defined,No f3 inference used.
SW-001039,KH Wc 2035,source_word,0,1,1,1,SigLA explicit Word object/list,source_explicit,SIGLA,document word list,CC BY-NC-SA 4.0,P-SIGLA-2026-09-27,source_defined,No f3 inference used.
SW-001040,KH Wc 2100,source_word,0,1,3,1;2;3,SigLA explicit Word object/list,source_explicit,SIGLA,document word list,CC BY-NC-SA 4.0,P-SIGLA-2026-09-27,source_defined,No f3 inference used.
SW-001041,KN 1a,source_word,0,1,3,1;2;3,SigLA explicit Word object/list,source_explicit,SIGLA,document word list,CC BY-NC-SA 4.0,P-SIGLA-2026-09-27,source_defined,No f3 inference used.
SW-001042,KN 1b,source_word,0,1,4,1;2;3;4,SigLA explicit Word object/list,source_explicit,SIGLA,document word list,CC BY-NC-SA 4.0,P-SIGLA-2026-09-27,source_defined,No f3 inference used.
SW-001043,KN 2,source_word,0,1,2,1;2,SigLA explicit Word object/list,source_explicit,SIGLA,document word list,CC BY-NC-SA 4.0,P-SIGLA-2026-09-27,source_defined,No f3 inference used.
SW-001044,KN 22a,source_word,0,1,3,1;2;3,SigLA explicit Word object/list,source_explicit,SIGLA,document word list,CC BY-NC-SA 4.0,P-SIGLA-2026-09-27,source_defined,No f3 inference used.
SW-001045,KN 22a,source_word,1,4,5,4;5,SigLA explicit Word object/list,source_explicit,SIGLA,document word list,CC BY-NC-SA 4.0,P-SIGLA-2026-09-27,source_defined,No f3 inference used.
SW-001046,KN 22b,source_word,0,1,3,1;2;3,SigLA explicit Word object/list,source_explicit,SIGLA,document word list,CC BY-NC-SA 4.0,P-SIGLA-2026-09-27,source_defined,No f3 inference used.
SW-001047,KN 22c,source_word,0,1,5,1;2;3;5,SigLA explicit Word object/list,source_explicit,SIGLA,document word list,CC BY-NC-SA 4.0,P-SIGLA-2026-09-27,source_defined,No f3 inference used.
SW-001048,KN 28b,source_word,0,2,2,2,SigLA explicit Word object/list,source_explicit,SIGLA,document word list,CC BY-NC-SA 4.0,P-SIGLA-2026-09-27,source_defined,No f3 inference used.
SW-001049,KN 28b,source_word,1,,,,SigLA explicit Word object/list,source_explicit,SIGLA,document word list,CC BY-NC-SA 4.0,P-SIGLA-2026-09-27,source_defined,No f3 inference used.
SW-001050,KN 32a,source_word,0,1,2,1;2,SigLA explicit Word object/list,source_explicit,SIGLA,document word list,CC BY-NC-SA 4.0,P-SIGLA-2026-09-27,source_defined,No f3 inference used.
SW-001051,KN 32a,source_word,1,4,6,4;5;6,SigLA explicit Word object/list,source_explicit,SIGLA,document word list,CC BY-NC-SA 4.0,P-SIGLA-2026-09-27,source_defined,No f3 inference used.
SW-001052,KN 32b,source_word,0,2,2,2,SigLA explicit Word object/list,source_explicit,SIGLA,document word list,CC BY-NC-SA 4.0,P-SIGLA-2026-09-27,source_defined,No f3 inference used.
SW-001053,KN 32b,source_word,1,4,5,4;5,SigLA explicit Word object/list,source_explicit,SIGLA,document word list,CC BY-NC-SA 4.0,P-SIGLA-2026-09-27,source_defined,No f3 inference used.
SW-001054,KN 32b,source_word,2,6,6,6,SigLA explicit Word object/list,source_explicit,SIGLA,document word list,CC BY-NC-SA 4.0,P-SIGLA-2026-09-27,source_defined,No f3 inference used.
SW-001055,KN 32b,source_word,3,8,9,8;9,SigLA explicit Word object/list,source_explicit,SIGLA,document word list,CC BY-NC-SA 4.0,P-SIGLA-2026-09-27,source_defined,No f3 inference used.
SW-001056,KN 32b,source_word,4,,,,SigLA explicit Word object/list,source_explicit,SIGLA,document word list,CC BY-NC-SA 4.0,P-SIGLA-2026-09-27,source_defined,No f3 inference used.
SW-001057,KN 49,source_word,0,,,,SigLA explicit Word object/list,source_explicit,SIGLA,document word list,CC BY-NC-SA 4.0,P-SIGLA-2026-09-27,source_defined,No f3 inference used.
SW-001058,KN 54,source_word,0,,,,SigLA explicit Word object/list,source_explicit,SIGLA,document word list,CC BY-NC-SA 4.0,P-SIGLA-2026-09-27,source_defined,No f3 inference used.
SW-001059,KN Wb 33a,source_word,0,1,2,1;2,SigLA explicit Word object/list,source_explicit,SIGLA,document word list,CC BY-NC-SA 4.0,P-SIGLA-2026-09-27,source_defined,No f3 inference used.
SW-001060,KN Wb 33b,source_word,0,1,2,1;2,SigLA explicit Word object/list,source_explicit,SIGLA,document word list,CC BY-NC-SA 4.0,P-SIGLA-2026-09-27,source_defined,No f3 inference used.
SW-001061,KN Wc 26a,source_word,0,1,2,1;2,SigLA explicit Word object/list,source_explicit,SIGLA,document word list,CC BY-NC-SA 4.0,P-SIGLA-2026-09-27,source_defined,No f3 inference used.
SW-001062,KN Wc 26b,source_word,0,1,2,1;2,SigLA explicit Word object/list,source_explicit,SIGLA,document word list,CC BY-NC-SA 4.0,P-SIGLA-2026-09-27,source_defined,No f3 inference used.
SW-001063,KN Wc 3,source_word,0,1,3,1;2;3,SigLA explicit Word object/list,source_explicit,SIGLA,document word list,CC BY-NC-SA 4.0,P-SIGLA-2026-09-27,source_defined,No f3 inference used.
SW-001064,KN Wc 30,source_word,0,1,2,1;2,SigLA explicit Word object/list,source_explicit,SIGLA,document word list,CC BY-NC-SA 4.0,P-SIGLA-2026-09-27,source_defined,No f3 inference used.
SW-001065,KN Wc <24a>,source_word,0,,,,SigLA explicit Word object/list,source_explicit,SIGLA,document word list,CC BY-NC-SA 4.0,P-SIGLA-2026-09-27,source_defined,No f3 inference used.
SW-001066,KN Za 10a,source_word,0,1,4,1;2;3;4,SigLA explicit Word object/list,source_explicit,SIGLA,document word list,CC BY-NC-SA 4.0,P-SIGLA-2026-09-27,source_defined,No f3 inference used.
SW-001067,KN Za 10a,source_word,1,5,9,5;6;7;8;9,SigLA explicit Word object/list,source_explicit,SIGLA,document word list,CC BY-NC-SA 4.0,P-SIGLA-2026-09-27,source_defined,No f3 inference used.
SW-001068,KN Za 10b,source_word,0,1,1,1,SigLA explicit Word object/list,source_explicit,SIGLA,document word list,CC BY-NC-SA 4.0,P-SIGLA-2026-09-27,source_defined,No f3 inference used.
SW-001069,KN Za 10b,source_word,1,2,7,2;3;5;6;7,SigLA explicit Word object/list,source_explicit,SIGLA,document word list,CC BY-NC-SA 4.0,P-SIGLA-2026-09-27,source_defined,No f3 inference used.
SW-001070,KN Za 10b,source_word,2,8,9,8;9,SigLA explicit Word object/list,source_explicit,SIGLA,document word list,CC BY-NC-SA 4.0,P-SIGLA-2026-09-27,source_defined,No f3 inference used.
SW-001071,KN Za 17,source_word,0,2,3,2;3,SigLA explicit Word object/list,source_explicit,SIGLA,document word list,CC BY-NC-SA 4.0,P-SIGLA-2026-09-27,source_defined,No f3 inference used.
SW-001072,KN Za 18,source_word,0,3,3,3,SigLA explicit Word object/list,source_explicit,SIGLA,document word list,CC BY-NC-SA 4.0,P-SIGLA-2026-09-27,source_defined,No f3 inference used.
SW-001073,KN Za 18,source_word,1,7,7,7,SigLA explicit Word object/list,source_explicit,SIGLA,document word list,CC BY-NC-SA 4.0,P-SIGLA-2026-09-27,source_defined,No f3 inference used.
SW-001074,KN Za 18,source_word,2,8,9,8;9,SigLA explicit Word object/list,source_explicit,SIGLA,document word list,CC BY-NC-SA 4.0,P-SIGLA-2026-09-27,source_defined,No f3 inference used.
SW-001075,KN Za 18,source_word,3,,,,SigLA explicit Word object/list,source_explicit,SIGLA,document word list,CC BY-NC-SA 4.0,P-SIGLA-2026-09-27,source_defined,No f3 inference used.
SW-001076,KN Zb 20,source_word,0,1,3,1;2;3,SigLA explicit Word object/list,source_explicit,SIGLA,document word list,CC BY-NC-SA 4.0,P-SIGLA-2026-09-27,source_defined,No f3 inference used.
SW-001077,KN Zb 35,source_word,0,1,1,1,SigLA explicit Word object/list,source_explicit,SIGLA,document word list,CC BY-NC-SA 4.0,P-SIGLA-2026-09-27,source_defined,No f3 inference used.
SW-001078,KN Zb 35,source_word,1,2,2,2,SigLA explicit Word object/list,source_explicit,SIGLA,document word list,CC BY-NC-SA 4.0,P-SIGLA-2026-09-27,source_defined,No f3 inference used.
SW-001079,KN Zb 35,source_word,2,3,3,3,SigLA explicit Word object/list,source_explicit,SIGLA,document word list,CC BY-NC-SA 4.0,P-SIGLA-2026-09-27,source_defined,No f3 inference used.
SW-001080,KN Zb 4,source_word,0,2,2,2,SigLA explicit Word object/list,source_explicit,SIGLA,document word list,CC BY-NC-SA 4.0,P-SIGLA-2026-09-27,source_defined,No f3 inference used.
SW-001081,KN Zb 4,source_word,1,3,4,3;4,SigLA explicit Word object/list,source_explicit,SIGLA,document word list,CC BY-NC-SA 4.0,P-SIGLA-2026-09-27,source_defined,No f3 inference used.
SW-001082,KN Zb 4,source_word,2,5,5,5,SigLA explicit Word object/list,source_explicit,SIGLA,document word list,CC BY-NC-SA 4.0,P-SIGLA-2026-09-27,source_defined,No f3 inference used.
SW-001083,KN Zb 40,source_word,0,1,3,1;2;3,SigLA explicit Word object/list,source_explicit,SIGLA,document word list,CC BY-NC-SA 4.0,P-SIGLA-2026-09-27,source_defined,No f3 inference used.
SW-001084,KN Zb 40,source_word,1,4,6,4;5;6,SigLA explicit Word object/list,source_explicit,SIGLA,document word list,CC BY-NC-SA 4.0,P-SIGLA-2026-09-27,source_defined,No f3 inference used.
SW-001085,KN Zb 5,source_word,0,1,5,1;2;3;4;5,SigLA explicit Word object/list,source_explicit,SIGLA,document word list,CC BY-NC-SA 4.0,P-SIGLA-2026-09-27,source_defined,No f3 inference used.
SW-001086,KN Zc 6,source_word,0,1,3,1;2;3,SigLA explicit Word object/list,source_explicit,SIGLA,document word list,CC BY-NC-SA 4.0,P-SIGLA-2026-09-27,source_defined,No f3 inference used.
SW-001087,KN Zc 6,source_word,1,4,10,4;5;6;7;8;9;10,SigLA explicit Word object/list,source_explicit,SIGLA,document word list,CC BY-NC-SA 4.0,P-SIGLA-2026-09-27,source_defined,No f3 inference used.
SW-001088,KN Zc 6,source_word,2,11,13,11;12;13,SigLA explicit Word object/list,source_explicit,SIGLA,document word list,CC BY-NC-SA 4.0,P-SIGLA-2026-09-27,source_defined,No f3 inference used.
SW-001089,KN Zc 6,source_word,3,14,23,14;15;16;17;18;19;20;22;23,SigLA explicit Word object/list,source_explicit,SIGLA,document word list,CC BY-NC-SA 4.0,P-SIGLA-2026-09-27,source_defined,No f3 inference used.
SW-001090,KN Zc 7,source_word,0,1,5,1;2;3;4;5,SigLA explicit Word object/list,source_explicit,SIGLA,document word list,CC BY-NC-SA 4.0,P-SIGLA-2026-09-27,source_defined,No f3 inference used.
SW-001091,KN Zc 7,source_word,1,6,8,6;7;8,SigLA explicit Word object/list,source_explicit,SIGLA,document word list,CC BY-NC-SA 4.0,P-SIGLA-2026-09-27,source_defined,No f3 inference used.
SW-001092,KN Zc 7,source_word,2,9,11,9;10;11,SigLA explicit Word object/list,source_explicit,SIGLA,document word list,CC BY-NC-SA 4.0,P-SIGLA-2026-09-27,source_defined,No f3 inference used.
SW-001093,KN Zc 7,source_word,3,12,19,12;13;14;15;16;17;18;19,SigLA explicit Word object/list,source_explicit,SIGLA,document word list,CC BY-NC-SA 4.0,P-SIGLA-2026-09-27,source_defined,No f3 inference used.
SW-001094,KN Ze 16,source_word,0,1,2,1;2,SigLA explicit Word object/list,source_explicit,SIGLA,document word list,CC BY-NC-SA 4.0,P-SIGLA-2026-09-27,source_defined,No f3 inference used.
SW-001095,KN Zf 13,source_word,0,1,19,1;2;3;4;5;6;7;8;9;10;11;12;13;14;15;16;17;18;19,SigLA explicit Word object/list,source_explicit,SIGLA,document word list,CC BY-NC-SA 4.0,P-SIGLA-2026-09-27,source_defined,No f3 inference used.
SW-001096,MA 10a,source_word,0,1,1,1,SigLA explicit Word object/list,source_explicit,SIGLA,document word list,CC BY-NC-SA 4.0,P-SIGLA-2026-09-27,source_defined,No f3 inference used.
SW-001097,MA 10b,source_word,0,1,4,1;2;3;4,SigLA explicit Word object/list,source_explicit,SIGLA,document word list,CC BY-NC-SA 4.0,P-SIGLA-2026-09-27,source_defined,No f3 inference used.
SW-001098,MA 1a,source_word,0,1,3,1;2;3,SigLA explicit Word object/list,source_explicit,SIGLA,document word list,CC BY-NC-SA 4.0,P-SIGLA-2026-09-27,source_defined,No f3 inference used.
SW-001099,MA 1a,source_word,1,5,8,5;6;7;8,SigLA explicit Word object/list,source_explicit,SIGLA,document word list,CC BY-NC-SA 4.0,P-SIGLA-2026-09-27,source_defined,No f3 inference used.
SW-001100,MA 1b,source_word,0,1,2,1;2,SigLA explicit Word object/list,source_explicit,SIGLA,document word list,CC BY-NC-SA 4.0,P-SIGLA-2026-09-27,source_defined,No f3 inference used.
SW-001101,MA 1b,source_word,1,4,7,4;5;6;7,SigLA explicit Word object/list,source_explicit,SIGLA,document word list,CC BY-NC-SA 4.0,P-SIGLA-2026-09-27,source_defined,No f3 inference used.
SW-001102,MA 1c,source_word,0,1,1,1,SigLA explicit Word object/list,source_explicit,SIGLA,document word list,CC BY-NC-SA 4.0,P-SIGLA-2026-09-27,source_defined,No f3 inference used.
SW-001103,MA 2a,source_word,0,1,2,1;2,SigLA explicit Word object/list,source_explicit,SIGLA,document word list,CC BY-NC-SA 4.0,P-SIGLA-2026-09-27,source_defined,No f3 inference used.
SW-001104,MA 2b,source_word,0,2,3,2;3,SigLA explicit Word object/list,source_explicit,SIGLA,document word list,CC BY-NC-SA 4.0,P-SIGLA-2026-09-27,source_defined,No f3 inference used.
SW-001105,MA 2b,source_word,1,4,4,4,SigLA explicit Word object/list,source_explicit,SIGLA,document word list,CC BY-NC-SA 4.0,P-SIGLA-2026-09-27,source_defined,No f3 inference used.
SW-001106,MA 2b,source_word,2,5,6,5;6,SigLA explicit Word object/list,source_explicit,SIGLA,document word list,CC BY-NC-SA 4.0,P-SIGLA-2026-09-27,source_defined,No f3 inference used.
SW-001107,MA 2b,source_word,3,7,7,7,SigLA explicit Word object/list,source_explicit,SIGLA,document word list,CC BY-NC-SA 4.0,P-SIGLA-2026-09-27,source_defined,No f3 inference used.
SW-001108,MA 2c,source_word,0,1,3,1;2;3,SigLA explicit Word object/list,source_explicit,SIGLA,document word list,CC BY-NC-SA 4.0,P-SIGLA-2026-09-27,source_defined,No f3 inference used.
SW-001109,MA 2c,source_word,1,4,7,4;5;6;7,SigLA explicit Word object/list,source_explicit,SIGLA,document word list,CC BY-NC-SA 4.0,P-SIGLA-2026-09-27,source_defined,No f3 inference used.
SW-001110,MA 4b,source_word,0,1,3,1;3,SigLA explicit Word object/list,source_explicit,SIGLA,document word list,CC BY-NC-SA 4.0,P-SIGLA-2026-09-27,source_defined,No f3 inference used.
SW-001111,MA Wc <5a>,source_word,0,1,4,1;2;3;4,SigLA explicit Word object/list,source_explicit,SIGLA,document word list,CC BY-NC-SA 4.0,P-SIGLA-2026-09-27,source_defined,No f3 inference used.
SW-001112,MI 2,source_word,0,1,1,1,SigLA explicit Word object/list,source_explicit,SIGLA,document word list,CC BY-NC-SA 4.0,P-SIGLA-2026-09-27,source_defined,No f3 inference used.
SW-001113,MI 2,source_word,1,2,3,2;3,SigLA explicit Word object/list,source_explicit,SIGLA,document word list,CC BY-NC-SA 4.0,P-SIGLA-2026-09-27,source_defined,No f3 inference used.
SW-001114,MI 2,source_word,2,5,5,5,SigLA explicit Word object/list,source_explicit,SIGLA,document word list,CC BY-NC-SA 4.0,P-SIGLA-2026-09-27,source_defined,No f3 inference used.
SW-001115,MY Zf 2,source_word,0,1,1,1,SigLA explicit Word object/list,source_explicit,SIGLA,document word list,CC BY-NC-SA 4.0,P-SIGLA-2026-09-27,source_defined,No f3 inference used.
SW-001116,PA 1,source_word,0,1,5,1;2;3;4;5,SigLA explicit Word object/list,source_explicit,SIGLA,document word list,CC BY-NC-SA 4.0,P-SIGLA-2026-09-27,source_defined,No f3 inference used.
SW-001117,PE 1,source_word,0,1,3,1;2;3,SigLA explicit Word object/list,source_explicit,SIGLA,document word list,CC BY-NC-SA 4.0,P-SIGLA-2026-09-27,source_defined,No f3 inference used.
SW-001118,PE 1,source_word,1,4,7,4;5;6;7,SigLA explicit Word object/list,source_explicit,SIGLA,document word list,CC BY-NC-SA 4.0,P-SIGLA-2026-09-27,source_defined,No f3 inference used.
SW-001119,PE 1,source_word,2,8,10,8;9;10,SigLA explicit Word object/list,source_explicit,SIGLA,document word list,CC BY-NC-SA 4.0,P-SIGLA-2026-09-27,source_defined,No f3 inference used.
SW-001120,PE 1,source_word,3,13,14,13;14,SigLA explicit Word object/list,source_explicit,SIGLA,document word list,CC BY-NC-SA 4.0,P-SIGLA-2026-09-27,source_defined,No f3 inference used.
SW-001121,PE 2,source_word,0,,,,SigLA explicit Word object/list,source_explicit,SIGLA,document word list,CC BY-NC-SA 4.0,P-SIGLA-2026-09-27,source_defined,No f3 inference used.
SW-001122,PE 2,source_word,1,3,4,3;4,SigLA explicit Word object/list,source_explicit,SIGLA,document word list,CC BY-NC-SA 4.0,P-SIGLA-2026-09-27,source_defined,No f3 inference used.
SW-001123,PE 2,source_word,2,7,9,7;8;9,SigLA explicit Word object/list,source_explicit,SIGLA,document word list,CC BY-NC-SA 4.0,P-SIGLA-2026-09-27,source_defined,No f3 inference used.
SW-001124,PE 2,source_word,3,11,13,11;12;13,SigLA explicit Word object/list,source_explicit,SIGLA,document word list,CC BY-NC-SA 4.0,P-SIGLA-2026-09-27,source_defined,No f3 inference used.
SW-001125,PE 2,source_word,4,15,17,15;16;17,SigLA explicit Word object/list,source_explicit,SIGLA,document word list,CC BY-NC-SA 4.0,P-SIGLA-2026-09-27,source_defined,No f3 inference used.
SW-001126,PE 2,source_word,5,19,21,19;20;21,SigLA explicit Word object/list,source_explicit,SIGLA,document word list,CC BY-NC-SA 4.0,P-SIGLA-2026-09-27,source_defined,No f3 inference used.
SW-001127,PE 2,source_word,6,23,24,23;24,SigLA explicit Word object/list,source_explicit,SIGLA,document word list,CC BY-NC-SA 4.0,P-SIGLA-2026-09-27,source_defined,No f3 inference used.
SW-001128,PE 2,source_word,7,26,29,26;27;29,SigLA explicit Word object/list,source_explicit,SIGLA,document word list,CC BY-NC-SA 4.0,P-SIGLA-2026-09-27,source_defined,No f3 inference used.
SW-001129,PE 6,source_word,0,1,4,1;2;4,SigLA explicit Word object/list,source_explicit,SIGLA,document word list,CC BY-NC-SA 4.0,P-SIGLA-2026-09-27,source_defined,No f3 inference used.
SW-001130,PE 6,source_word,1,5,8,5;6;7;8,SigLA explicit Word object/list,source_explicit,SIGLA,document word list,CC BY-NC-SA 4.0,P-SIGLA-2026-09-27,source_defined,No f3 inference used.
SW-001131,PH 10,source_word,0,1,3,1;2;3,SigLA explicit Word object/list,source_explicit,SIGLA,document word list,CC BY-NC-SA 4.0,P-SIGLA-2026-09-27,source_defined,No f3 inference used.
SW-001132,PH 12a,source_word,0,2,4,2;3;4,SigLA explicit Word object/list,source_explicit,SIGLA,document word list,CC BY-NC-SA 4.0,P-SIGLA-2026-09-27,source_defined,No f3 inference used.
SW-001133,PH 12b,source_word,0,,,,SigLA explicit Word object/list,source_explicit,SIGLA,document word list,CC BY-NC-SA 4.0,P-SIGLA-2026-09-27,source_defined,No f3 inference used.
SW-001134,PH 13a,source_word,0,1,1,1,SigLA explicit Word object/list,source_explicit,SIGLA,document word list,CC BY-NC-SA 4.0,P-SIGLA-2026-09-27,source_defined,No f3 inference used.
SW-001135,PH 13b,source_word,0,1,1,1,SigLA explicit Word object/list,source_explicit,SIGLA,document word list,CC BY-NC-SA 4.0,P-SIGLA-2026-09-27,source_defined,No f3 inference used.
SW-001136,PH 13c,source_word,0,1,2,1;2,SigLA explicit Word object/list,source_explicit,SIGLA,document word list,CC BY-NC-SA 4.0,P-SIGLA-2026-09-27,source_defined,No f3 inference used.
SW-001137,PH 14a,source_word,0,1,2,1;2,SigLA explicit Word object/list,source_explicit,SIGLA,document word list,CC BY-NC-SA 4.0,P-SIGLA-2026-09-27,source_defined,No f3 inference used.
SW-001138,PH 14b,source_word,0,1,2,1;2,SigLA explicit Word object/list,source_explicit,SIGLA,document word list,CC BY-NC-SA 4.0,P-SIGLA-2026-09-27,source_defined,No f3 inference used.
SW-001139,PH 15a,source_word,0,1,3,1;2;3,SigLA explicit Word object/list,source_explicit,SIGLA,document word list,CC BY-NC-SA 4.0,P-SIGLA-2026-09-27,source_defined,No f3 inference used.
SW-001140,PH 15b,source_word,0,2,2,2,SigLA explicit Word object/list,source_explicit,SIGLA,document word list,CC BY-NC-SA 4.0,P-SIGLA-2026-09-27,source_defined,No f3 inference used.
SW-001141,PH 16a,source_word,0,1,2,1;2,SigLA explicit Word object/list,source_explicit,SIGLA,document word list,CC BY-NC-SA 4.0,P-SIGLA-2026-09-27,source_defined,No f3 inference used.
SW-001142,PH 16a,source_word,1,5,6,5;6,SigLA explicit Word object/list,source_explicit,SIGLA,document word list,CC BY-NC-SA 4.0,P-SIGLA-2026-09-27,source_defined,No f3 inference used.
SW-001143,PH 16b,source_word,0,2,3,2;3,SigLA explicit Word object/list,source_explicit,SIGLA,document word list,CC BY-NC-SA 4.0,P-SIGLA-2026-09-27,source_defined,No f3 inference used.
SW-001144,PH 16b,source_word,1,5,5,5,SigLA explicit Word object/list,source_explicit,SIGLA,document word list,CC BY-NC-SA 4.0,P-SIGLA-2026-09-27,source_defined,No f3 inference used.
SW-001145,PH 17a,source_word,0,1,1,1,SigLA explicit Word object/list,source_explicit,SIGLA,document word list,CC BY-NC-SA 4.0,P-SIGLA-2026-09-27,source_defined,No f3 inference used.
SW-001146,PH 17b,source_word,0,1,1,1,SigLA explicit Word object/list,source_explicit,SIGLA,document word list,CC BY-NC-SA 4.0,P-SIGLA-2026-09-27,source_defined,No f3 inference used.
SW-001147,PH 18a,source_word,0,2,3,2;3,SigLA explicit Word object/list,source_explicit,SIGLA,document word list,CC BY-NC-SA 4.0,P-SIGLA-2026-09-27,source_defined,No f3 inference used.
SW-001148,PH 18b,source_word,0,,,,SigLA explicit Word object/list,source_explicit,SIGLA,document word list,CC BY-NC-SA 4.0,P-SIGLA-2026-09-27,source_defined,No f3 inference used.
SW-001149,PH 19,source_word,0,1,2,1;2,SigLA explicit Word object/list,source_explicit,SIGLA,document word list,CC BY-NC-SA 4.0,P-SIGLA-2026-09-27,source_defined,No f3 inference used.
SW-001150,PH 1a,source_word,0,1,4,1;2;3;4,SigLA explicit Word object/list,source_explicit,SIGLA,document word list,CC BY-NC-SA 4.0,P-SIGLA-2026-09-27,source_defined,No f3 inference used.
SW-001151,PH 1a,source_word,1,7,7,7,SigLA explicit Word object/list,source_explicit,SIGLA,document word list,CC BY-NC-SA 4.0,P-SIGLA-2026-09-27,source_defined,No f3 inference used.
SW-001152,PH 1b,source_word,0,2,2,2,SigLA explicit Word object/list,source_explicit,SIGLA,document word list,CC BY-NC-SA 4.0,P-SIGLA-2026-09-27,source_defined,No f3 inference used.
SW-001153,PH 2,source_word,0,1,4,1;2;3;4,SigLA explicit Word object/list,source_explicit,SIGLA,document word list,CC BY-NC-SA 4.0,P-SIGLA-2026-09-27,source_defined,No f3 inference used.
SW-001154,PH 2,source_word,1,5,8,5;6;7;8,SigLA explicit Word object/list,source_explicit,SIGLA,document word list,CC BY-NC-SA 4.0,P-SIGLA-2026-09-27,source_defined,No f3 inference used.
SW-001155,PH 2,source_word,2,9,12,9;10;11;12,SigLA explicit Word object/list,source_explicit,SIGLA,document word list,CC BY-NC-SA 4.0,P-SIGLA-2026-09-27,source_defined,No f3 inference used.
SW-001156,PH 2,source_word,3,13,15,13;14;15,SigLA explicit Word object/list,source_explicit,SIGLA,document word list,CC BY-NC-SA 4.0,P-SIGLA-2026-09-27,source_defined,No f3 inference used.
SW-001157,PH 22b,source_word,0,,,,SigLA explicit Word object/list,source_explicit,SIGLA,document word list,CC BY-NC-SA 4.0,P-SIGLA-2026-09-27,source_defined,No f3 inference used.
SW-001158,PH 24,source_word,0,1,2,1;2,SigLA explicit Word object/list,source_explicit,SIGLA,document word list,CC BY-NC-SA 4.0,P-SIGLA-2026-09-27,source_defined,No f3 inference used.
SW-001159,PH 25,source_word,0,,,,SigLA explicit Word object/list,source_explicit,SIGLA,document word list,CC BY-NC-SA 4.0,P-SIGLA-2026-09-27,source_defined,No f3 inference used.
SW-001160,PH 26,source_word,0,2,2,2,SigLA explicit Word object/list,source_explicit,SIGLA,document word list,CC BY-NC-SA 4.0,P-SIGLA-2026-09-27,source_defined,No f3 inference used.
SW-001161,PH 27,source_word,0,1,1,1,SigLA explicit Word object/list,source_explicit,SIGLA,document word list,CC BY-NC-SA 4.0,P-SIGLA-2026-09-27,source_defined,No f3 inference used.
SW-001162,PH 27,source_word,1,3,3,3,SigLA explicit Word object/list,source_explicit,SIGLA,document word list,CC BY-NC-SA 4.0,P-SIGLA-2026-09-27,source_defined,No f3 inference used.
SW-001163,PH 28a,source_word,0,1,2,1;2,SigLA explicit Word object/list,source_explicit,SIGLA,document word list,CC BY-NC-SA 4.0,P-SIGLA-2026-09-27,source_defined,No f3 inference used.
SW-001164,PH 28a,source_word,1,4,6,4;5;6,SigLA explicit Word object/list,source_explicit,SIGLA,document word list,CC BY-NC-SA 4.0,P-SIGLA-2026-09-27,source_defined,No f3 inference used.
SW-001165,PH 28a,source_word,2,8,10,8;9;10,SigLA explicit Word object/list,source_explicit,SIGLA,document word list,CC BY-NC-SA 4.0,P-SIGLA-2026-09-27,source_defined,No f3 inference used.
SW-001166,PH 28b,source_word,0,,,,SigLA explicit Word object/list,source_explicit,SIGLA,document word list,CC BY-NC-SA 4.0,P-SIGLA-2026-09-27,source_defined,No f3 inference used.
SW-001167,PH 29a,source_word,0,,,,SigLA explicit Word object/list,source_explicit,SIGLA,document word list,CC BY-NC-SA 4.0,P-SIGLA-2026-09-27,source_defined,No f3 inference used.
SW-001168,PH 29b,source_word,0,,,,SigLA explicit Word object/list,source_explicit,SIGLA,document word list,CC BY-NC-SA 4.0,P-SIGLA-2026-09-27,source_defined,No f3 inference used.
SW-001169,PH 30,source_word,0,2,3,2;3,SigLA explicit Word object/list,source_explicit,SIGLA,document word list,CC BY-NC-SA 4.0,P-SIGLA-2026-09-27,source_defined,No f3 inference used.
SW-001170,PH 30,source_word,1,4,8,4;5;6;7;8,SigLA explicit Word object/list,source_explicit,SIGLA,document word list,CC BY-NC-SA 4.0,P-SIGLA-2026-09-27,source_defined,No f3 inference used.
SW-001171,PH 31a,source_word,0,2,2,2,SigLA explicit Word object/list,source_explicit,SIGLA,document word list,CC BY-NC-SA 4.0,P-SIGLA-2026-09-27,source_defined,No f3 inference used.
SW-001172,PH 31a,source_word,1,4,4,4,SigLA explicit Word object/list,source_explicit,SIGLA,document word list,CC BY-NC-SA 4.0,P-SIGLA-2026-09-27,source_defined,No f3 inference used.
SW-001173,PH 31a,source_word,2,6,7,6;7,SigLA explicit Word object/list,source_explicit,SIGLA,document word list,CC BY-NC-SA 4.0,P-SIGLA-2026-09-27,source_defined,No f3 inference used.
SW-001174,PH 31a,source_word,3,11,13,11;12;13,SigLA explicit Word object/list,source_explicit,SIGLA,document word list,CC BY-NC-SA 4.0,P-SIGLA-2026-09-27,source_defined,No f3 inference used.
SW-001175,PH 31a,source_word,4,15,17,15;16;17,SigLA explicit Word object/list,source_explicit,SIGLA,document word list,CC BY-NC-SA 4.0,P-SIGLA-2026-09-27,source_defined,No f3 inference used.
SW-001176,PH 31a,source_word,5,18,19,18;19,SigLA explicit Word object/list,source_explicit,SIGLA,document word list,CC BY-NC-SA 4.0,P-SIGLA-2026-09-27,source_defined,No f3 inference used.
SW-001177,PH 31b,source_word,0,3,4,3;4,SigLA explicit Word object/list,source_explicit,SIGLA,document word list,CC BY-NC-SA 4.0,P-SIGLA-2026-09-27,source_defined,No f3 inference used.
SW-001178,PH 31b,source_word,1,6,6,6,SigLA explicit Word object/list,source_explicit,SIGLA,document word list,CC BY-NC-SA 4.0,P-SIGLA-2026-09-27,source_defined,No f3 inference used.
SW-001179,PH 31b,source_word,2,8,8,8,SigLA explicit Word object/list,source_explicit,SIGLA,document word list,CC BY-NC-SA 4.0,P-SIGLA-2026-09-27,source_defined,No f3 inference used.
SW-001180,PH 31b,source_word,3,11,12,11;12,SigLA explicit Word object/list,source_explicit,SIGLA,document word list,CC BY-NC-SA 4.0,P-SIGLA-2026-09-27,source_defined,No f3 inference used.
SW-001181,PH 31b,source_word,4,14,17,14;15;16;17,SigLA explicit Word object/list,source_explicit,SIGLA,document word list,CC BY-NC-SA 4.0,P-SIGLA-2026-09-27,source_defined,No f3 inference used.
SW-001182,PH 31b,source_word,5,,,,SigLA explicit Word object/list,source_explicit,SIGLA,document word list,CC BY-NC-SA 4.0,P-SIGLA-2026-09-27,source_defined,No f3 inference used.
SW-001183,PH 31b,source_word,6,21,24,21;22;23;24,SigLA explicit Word object/list,source_explicit,SIGLA,document word list,CC BY-NC-SA 4.0,P-SIGLA-2026-09-27,source_defined,No f3 inference used.
SW-001184,PH 3a,source_word,0,,,,SigLA explicit Word object/list,source_explicit,SIGLA,document word list,CC BY-NC-SA 4.0,P-SIGLA-2026-09-27,source_defined,No f3 inference used.
SW-001185,PH 3a,source_word,1,7,8,7;8,SigLA explicit Word object/list,source_explicit,SIGLA,document word list,CC BY-NC-SA 4.0,P-SIGLA-2026-09-27,source_defined,No f3 inference used.
SW-001186,PH 3a,source_word,2,,,,SigLA explicit Word object/list,source_explicit,SIGLA,document word list,CC BY-NC-SA 4.0,P-SIGLA-2026-09-27,source_defined,No f3 inference used.
SW-001187,PH 3b,source_word,0,,,,SigLA explicit Word object/list,source_explicit,SIGLA,document word list,CC BY-NC-SA 4.0,P-SIGLA-2026-09-27,source_defined,No f3 inference used.
SW-001188,PH 3b,source_word,1,4,4,4,SigLA explicit Word object/list,source_explicit,SIGLA,document word list,CC BY-NC-SA 4.0,P-SIGLA-2026-09-27,source_defined,No f3 inference used.
SW-001189,PH 3b,source_word,2,5,5,5,SigLA explicit Word object/list,source_explicit,SIGLA,document word list,CC BY-NC-SA 4.0,P-SIGLA-2026-09-27,source_defined,No f3 inference used.
SW-001190,PH 54,source_word,0,1,4,1;2;3;4,SigLA explicit Word object/list,source_explicit,SIGLA,document word list,CC BY-NC-SA 4.0,P-SIGLA-2026-09-27,source_defined,No f3 inference used.
SW-001191,PH 54,source_word,1,5,6,5;6,SigLA explicit Word object/list,source_explicit,SIGLA,document word list,CC BY-NC-SA 4.0,P-SIGLA-2026-09-27,source_defined,No f3 inference used.
SW-001192,PH 6,source_word,0,1,3,1;2;3,SigLA explicit Word object/list,source_explicit,SIGLA,document word list,CC BY-NC-SA 4.0,P-SIGLA-2026-09-27,source_defined,No f3 inference used.
SW-001193,PH 6,source_word,1,4,5,4;5,SigLA explicit Word object/list,source_explicit,SIGLA,document word list,CC BY-NC-SA 4.0,P-SIGLA-2026-09-27,source_defined,No f3 inference used.
SW-001194,PH 6,source_word,2,6,10,6;7;8;9;10,SigLA explicit Word object/list,source_explicit,SIGLA,document word list,CC BY-NC-SA 4.0,P-SIGLA-2026-09-27,source_defined,No f3 inference used.
SW-001195,PH 6,source_word,3,11,12,11;12,SigLA explicit Word object/list,source_explicit,SIGLA,document word list,CC BY-NC-SA 4.0,P-SIGLA-2026-09-27,source_defined,No f3 inference used.
SW-001196,PH 6,source_word,4,13,18,13;14;15;16;17;18,SigLA explicit Word object/list,source_explicit,SIGLA,document word list,CC BY-NC-SA 4.0,P-SIGLA-2026-09-27,source_defined,No f3 inference used.
SW-001197,PH 7a,source_word,0,1,3,1;2;3,SigLA explicit Word object/list,source_explicit,SIGLA,document word list,CC BY-NC-SA 4.0,P-SIGLA-2026-09-27,source_defined,No f3 inference used.
SW-001198,PH 7a,source_word,1,4,7,4;5;6;7,SigLA explicit Word object/list,source_explicit,SIGLA,document word list,CC BY-NC-SA 4.0,P-SIGLA-2026-09-27,source_defined,No f3 inference used.
SW-001199,PH 7a,source_word,2,8,11,8;9;10;11,SigLA explicit Word object/list,source_explicit,SIGLA,document word list,CC BY-NC-SA 4.0,P-SIGLA-2026-09-27,source_defined,No f3 inference used.
SW-001200,PH 7a,source_word,3,12,15,12;13;14;15,SigLA explicit Word object/list,source_explicit,SIGLA,document word list,CC BY-NC-SA 4.0,P-SIGLA-2026-09-27,source_defined,No f3 inference used.
SW-001201,PH 7b,source_word,0,1,1,1,SigLA explicit Word object/list,source_explicit,SIGLA,document word list,CC BY-NC-SA 4.0,P-SIGLA-2026-09-27,source_defined,No f3 inference used.
SW-001202,PH 7b,source_word,1,2,3,2;3,SigLA explicit Word object/list,source_explicit,SIGLA,document word list,CC BY-NC-SA 4.0,P-SIGLA-2026-09-27,source_defined,No f3 inference used.
SW-001203,PH 9a,source_word,0,1,3,1;2;3,SigLA explicit Word object/list,source_explicit,SIGLA,document word list,CC BY-NC-SA 4.0,P-SIGLA-2026-09-27,source_defined,No f3 inference used.
SW-001204,PH Wa 32,source_word,0,1,4,1;2;3;4,SigLA explicit Word object/list,source_explicit,SIGLA,document word list,CC BY-NC-SA 4.0,P-SIGLA-2026-09-27,source_defined,No f3 inference used.
SW-001205,PH Wc 37a,source_word,0,1,3,1;2;3,SigLA explicit Word object/list,source_explicit,SIGLA,document word list,CC BY-NC-SA 4.0,P-SIGLA-2026-09-27,source_defined,No f3 inference used.
SW-001206,PH Wc 38,source_word,0,1,3,1;2;3,SigLA explicit Word object/list,source_explicit,SIGLA,document word list,CC BY-NC-SA 4.0,P-SIGLA-2026-09-27,source_defined,No f3 inference used.
SW-001207,PH Wc 39a,source_word,0,1,2,1;2,SigLA explicit Word object/list,source_explicit,SIGLA,document word list,CC BY-NC-SA 4.0,P-SIGLA-2026-09-27,source_defined,No f3 inference used.
SW-001208,PH Wc 40a,source_word,0,1,3,1;2;3,SigLA explicit Word object/list,source_explicit,SIGLA,document word list,CC BY-NC-SA 4.0,P-SIGLA-2026-09-27,source_defined,No f3 inference used.
SW-001209,PH Wc 45,source_word,0,,,,SigLA explicit Word object/list,source_explicit,SIGLA,document word list,CC BY-NC-SA 4.0,P-SIGLA-2026-09-27,source_defined,No f3 inference used.
SW-001210,PK 1a,source_word,0,1,4,1;3;4,SigLA explicit Word object/list,source_explicit,SIGLA,document word list,CC BY-NC-SA 4.0,P-SIGLA-2026-09-27,source_defined,No f3 inference used.
SW-001211,PK 1a,source_word,1,5,6,5;6,SigLA explicit Word object/list,source_explicit,SIGLA,document word list,CC BY-NC-SA 4.0,P-SIGLA-2026-09-27,source_defined,No f3 inference used.
SW-001212,PK 1a,source_word,2,7,9,7;8;9,SigLA explicit Word object/list,source_explicit,SIGLA,document word list,CC BY-NC-SA 4.0,P-SIGLA-2026-09-27,source_defined,No f3 inference used.
SW-001213,PK 1a,source_word,3,10,12,10;11;12,SigLA explicit Word object/list,source_explicit,SIGLA,document word list,CC BY-NC-SA 4.0,P-SIGLA-2026-09-27,source_defined,No f3 inference used.
SW-001214,PK 1a,source_word,4,13,15,13;14;15,SigLA explicit Word object/list,source_explicit,SIGLA,document word list,CC BY-NC-SA 4.0,P-SIGLA-2026-09-27,source_defined,No f3 inference used.
SW-001215,PK 1a,source_word,5,16,21,16;17;18;19;20;21,SigLA explicit Word object/list,source_explicit,SIGLA,document word list,CC BY-NC-SA 4.0,P-SIGLA-2026-09-27,source_defined,No f3 inference used.
SW-001216,PK 1a,source_word,6,22,24,22;23;24,SigLA explicit Word object/list,source_explicit,SIGLA,document word list,CC BY-NC-SA 4.0,P-SIGLA-2026-09-27,source_defined,No f3 inference used.
SW-001217,PK 1a,source_word,7,25,28,25;26;27;28,SigLA explicit Word object/list,source_explicit,SIGLA,document word list,CC BY-NC-SA 4.0,P-SIGLA-2026-09-27,source_defined,No f3 inference used.
SW-001218,PK 1a,source_word,8,29,30,29;30,SigLA explicit Word object/list,source_explicit,SIGLA,document word list,CC BY-NC-SA 4.0,P-SIGLA-2026-09-27,source_defined,No f3 inference used.
SW-001219,PK 1a,source_word,9,31,32,31;32,SigLA explicit Word object/list,source_explicit,SIGLA,document word list,CC BY-NC-SA 4.0,P-SIGLA-2026-09-27,source_defined,No f3 inference used.
SW-001220,PK 1a,source_word,10,33,37,33;34;35;36;37,SigLA explicit Word object/list,source_explicit,SIGLA,document word list,CC BY-NC-SA 4.0,P-SIGLA-2026-09-27,source_defined,No f3 inference used.
SW-001221,PK 1a,source_word,11,38,40,38;39;40,SigLA explicit Word object/list,source_explicit,SIGLA,document word list,CC BY-NC-SA 4.0,P-SIGLA-2026-09-27,source_defined,No f3 inference used.
SW-001222,PK 1a,source_word,12,41,44,41;42;43;44,SigLA explicit Word object/list,source_explicit,SIGLA,document word list,CC BY-NC-SA 4.0,P-SIGLA-2026-09-27,source_defined,No f3 inference used.
SW-001223,PK 1b,source_word,0,1,1,1,SigLA explicit Word object/list,source_explicit,SIGLA,document word list,CC BY-NC-SA 4.0,P-SIGLA-2026-09-27,source_defined,No f3 inference used.
SW-001224,PS Za 2,source_word,0,1,5,1;2;3;4;5,SigLA explicit Word object/list,source_explicit,SIGLA,document word list,CC BY-NC-SA 4.0,P-SIGLA-2026-09-27,source_defined,No f3 inference used.
SW-001225,PS Za 2,source_word,1,,,,SigLA explicit Word object/list,source_explicit,SIGLA,document word list,CC BY-NC-SA 4.0,P-SIGLA-2026-09-27,source_defined,No f3 inference used.
SW-001226,PS Za 2,source_word,2,7,8,7;8,SigLA explicit Word object/list,source_explicit,SIGLA,document word list,CC BY-NC-SA 4.0,P-SIGLA-2026-09-27,source_defined,No f3 inference used.
SW-001227,PS Za 2,source_word,3,9,13,9;10;11;12;13,SigLA explicit Word object/list,source_explicit,SIGLA,document word list,CC BY-NC-SA 4.0,P-SIGLA-2026-09-27,source_defined,No f3 inference used.
SW-001228,PS Za 2,source_word,4,14,16,14;15;16,SigLA explicit Word object/list,source_explicit,SIGLA,document word list,CC BY-NC-SA 4.0,P-SIGLA-2026-09-27,source_defined,No f3 inference used.
SW-001229,PYR 1,source_word,0,1,5,1;2;3;4;5,SigLA explicit Word object/list,source_explicit,SIGLA,document word list,CC BY-NC-SA 4.0,P-SIGLA-2026-09-27,source_defined,No f3 inference used.
SW-001230,SY Za 4,source_word,0,1,6,1;2;3;4;5;6,SigLA explicit Word object/list,source_explicit,SIGLA,document word list,CC BY-NC-SA 4.0,P-SIGLA-2026-09-27,source_defined,No f3 inference used.
SW-001231,SY Za 4,source_word,1,7,10,7;8;9;10,SigLA explicit Word object/list,source_explicit,SIGLA,document word list,CC BY-NC-SA 4.0,P-SIGLA-2026-09-27,source_defined,No f3 inference used.
SW-001232,SY Za 4,source_word,2,11,13,11;12;13,SigLA explicit Word object/list,source_explicit,SIGLA,document word list,CC BY-NC-SA 4.0,P-SIGLA-2026-09-27,source_defined,No f3 inference used.
SW-001233,THE 10,source_word,0,1,1,1,SigLA explicit Word object/list,source_explicit,SIGLA,document word list,CC BY-NC-SA 4.0,P-SIGLA-2026-09-27,source_defined,No f3 inference used.
SW-001234,THE 8,source_word,0,1,1,1,SigLA explicit Word object/list,source_explicit,SIGLA,document word list,CC BY-NC-SA 4.0,P-SIGLA-2026-09-27,source_defined,No f3 inference used.
SW-001235,THE 9,source_word,0,1,4,1;2;3;4,SigLA explicit Word object/list,source_explicit,SIGLA,document word list,CC BY-NC-SA 4.0,P-SIGLA-2026-09-27,source_defined,No f3 inference used.
SW-001236,TY 2,source_word,0,1,5,1;3;4;5,SigLA explicit Word object/list,source_explicit,SIGLA,document word list,CC BY-NC-SA 4.0,P-SIGLA-2026-09-27,source_defined,No f3 inference used.
SW-001237,TY 2,source_word,1,6,6,6,SigLA explicit Word object/list,source_explicit,SIGLA,document word list,CC BY-NC-SA 4.0,P-SIGLA-2026-09-27,source_defined,No f3 inference used.
SW-001238,TY 2,source_word,2,8,11,8;10;11,SigLA explicit Word object/list,source_explicit,SIGLA,document word list,CC BY-NC-SA 4.0,P-SIGLA-2026-09-27,source_defined,No f3 inference used.
SW-001239,TY 2,source_word,3,12,15,12;14;15,SigLA explicit Word object/list,source_explicit,SIGLA,document word list,CC BY-NC-SA 4.0,P-SIGLA-2026-09-27,source_defined,No f3 inference used.
SW-001240,TY 2,source_word,4,17,19,17;18;19,SigLA explicit Word object/list,source_explicit,SIGLA,document word list,CC BY-NC-SA 4.0,P-SIGLA-2026-09-27,source_defined,No f3 inference used.
SW-001241,TY 2,source_word,5,20,22,20;21;22,SigLA explicit Word object/list,source_explicit,SIGLA,document word list,CC BY-NC-SA 4.0,P-SIGLA-2026-09-27,source_defined,No f3 inference used.
SW-001242,TY 2,source_word,6,23,25,23;24;25,SigLA explicit Word object/list,source_explicit,SIGLA,document word list,CC BY-NC-SA 4.0,P-SIGLA-2026-09-27,source_defined,No f3 inference used.
SW-001243,TY 2,source_word,7,26,26,26,SigLA explicit Word object/list,source_explicit,SIGLA,document word list,CC BY-NC-SA 4.0,P-SIGLA-2026-09-27,source_defined,No f3 inference used.
SW-001244,TY 2,source_word,8,29,33,29;30;31;33,SigLA explicit Word object/list,source_explicit,SIGLA,document word list,CC BY-NC-SA 4.0,P-SIGLA-2026-09-27,source_defined,No f3 inference used.
SW-001245,TY 2,source_word,9,34,37,34;35;36;37,SigLA explicit Word object/list,source_explicit,SIGLA,document word list,CC BY-NC-SA 4.0,P-SIGLA-2026-09-27,source_defined,No f3 inference used.
SW-001246,TY 2,source_word,10,38,42,38;39;41;42,SigLA explicit Word object/list,source_explicit,SIGLA,document word list,CC BY-NC-SA 4.0,P-SIGLA-2026-09-27,source_defined,No f3 inference used.
SW-001247,TY 2,source_word,11,43,45,43;44;45,SigLA explicit Word object/list,source_explicit,SIGLA,document word list,CC BY-NC-SA 4.0,P-SIGLA-2026-09-27,source_defined,No f3 inference used.
SW-001248,TY 2,source_word,12,47,47,47,SigLA explicit Word object/list,source_explicit,SIGLA,document word list,CC BY-NC-SA 4.0,P-SIGLA-2026-09-27,source_defined,No f3 inference used.
SW-001249,TY 3a,source_word,0,1,2,1;2,SigLA explicit Word object/list,source_explicit,SIGLA,document word list,CC BY-NC-SA 4.0,P-SIGLA-2026-09-27,source_defined,No f3 inference used.
SW-001250,TY 3a,source_word,1,12,13,12;13,SigLA explicit Word object/list,source_explicit,SIGLA,document word list,CC BY-NC-SA 4.0,P-SIGLA-2026-09-27,source_defined,No f3 inference used.
SW-001251,TY 3a,source_word,2,23,24,23;24,SigLA explicit Word object/list,source_explicit,SIGLA,document word list,CC BY-NC-SA 4.0,P-SIGLA-2026-09-27,source_defined,No f3 inference used.
SW-001252,TY 3a,source_word,3,27,30,27;28;29;30,SigLA explicit Word object/list,source_explicit,SIGLA,document word list,CC BY-NC-SA 4.0,P-SIGLA-2026-09-27,source_defined,No f3 inference used.
SW-001253,TY 3a,source_word,4,33,36,33;34;35;36,SigLA explicit Word object/list,source_explicit,SIGLA,document word list,CC BY-NC-SA 4.0,P-SIGLA-2026-09-27,source_defined,No f3 inference used.
SW-001254,TY 3b,source_word,0,1,3,1;2;3,SigLA explicit Word object/list,source_explicit,SIGLA,document word list,CC BY-NC-SA 4.0,P-SIGLA-2026-09-27,source_defined,No f3 inference used.
SW-001255,TY 3b,source_word,1,6,8,6;7;8,SigLA explicit Word object/list,source_explicit,SIGLA,document word list,CC BY-NC-SA 4.0,P-SIGLA-2026-09-27,source_defined,No f3 inference used.
SW-001256,TY 3b,source_word,2,13,14,13;14,SigLA explicit Word object/list,source_explicit,SIGLA,document word list,CC BY-NC-SA 4.0,P-SIGLA-2026-09-27,source_defined,No f3 inference used.
SW-001257,ZA 10a,source_word,0,1,3,1;2;3,SigLA explicit Word object/list,source_explicit,SIGLA,document word list,CC BY-NC-SA 4.0,P-SIGLA-2026-09-27,source_defined,No f3 inference used.
SW-001258,ZA 10a,source_word,1,5,8,5;6;7;8,SigLA explicit Word object/list,source_explicit,SIGLA,document word list,CC BY-NC-SA 4.0,P-SIGLA-2026-09-27,source_defined,No f3 inference used.
SW-001259,ZA 10a,source_word,2,9,12,9;10;11;12,SigLA explicit Word object/list,source_explicit,SIGLA,document word list,CC BY-NC-SA 4.0,P-SIGLA-2026-09-27,source_defined,No f3 inference used.
SW-001260,ZA 10a,source_word,3,13,16,13;14;15;16,SigLA explicit Word object/list,source_explicit,SIGLA,document word list,CC BY-NC-SA 4.0,P-SIGLA-2026-09-27,source_defined,No f3 inference used.
SW-001261,ZA 10a,source_word,4,17,21,17;18;19;20;21,SigLA explicit Word object/list,source_explicit,SIGLA,document word list,CC BY-NC-SA 4.0,P-SIGLA-2026-09-27,source_defined,No f3 inference used.
SW-001262,ZA 10a,source_word,5,22,25,22;23;24;25,SigLA explicit Word object/list,source_explicit,SIGLA,document word list,CC BY-NC-SA 4.0,P-SIGLA-2026-09-27,source_defined,No f3 inference used.
SW-001263,ZA 10a,source_word,6,26,29,26;27;28;29,SigLA explicit Word object/list,source_explicit,SIGLA,document word list,CC BY-NC-SA 4.0,P-SIGLA-2026-09-27,source_defined,No f3 inference used.
SW-001264,ZA 10b,source_word,0,1,2,1;2,SigLA explicit Word object/list,source_explicit,SIGLA,document word list,CC BY-NC-SA 4.0,P-SIGLA-2026-09-27,source_defined,No f3 inference used.
SW-001265,ZA 10b,source_word,1,3,6,3;4;5;6,SigLA explicit Word object/list,source_explicit,SIGLA,document word list,CC BY-NC-SA 4.0,P-SIGLA-2026-09-27,source_defined,No f3 inference used.
SW-001266,ZA 10b,source_word,2,8,9,8;9,SigLA explicit Word object/list,source_explicit,SIGLA,document word list,CC BY-NC-SA 4.0,P-SIGLA-2026-09-27,source_defined,No f3 inference used.
SW-001267,ZA 10b,source_word,3,10,11,10;11,SigLA explicit Word object/list,source_explicit,SIGLA,document word list,CC BY-NC-SA 4.0,P-SIGLA-2026-09-27,source_defined,No f3 inference used.
SW-001268,ZA 10b,source_word,4,12,15,12;13;14;15,SigLA explicit Word object/list,source_explicit,SIGLA,document word list,CC BY-NC-SA 4.0,P-SIGLA-2026-09-27,source_defined,No f3 inference used.
SW-001269,ZA 10b,source_word,5,16,17,16;17,SigLA explicit Word object/list,source_explicit,SIGLA,document word list,CC BY-NC-SA 4.0,P-SIGLA-2026-09-27,source_defined,No f3 inference used.
SW-001270,ZA 10b,source_word,6,18,19,18;19,SigLA explicit Word object/list,source_explicit,SIGLA,document word list,CC BY-NC-SA 4.0,P-SIGLA-2026-09-27,source_defined,No f3 inference used.
SW-001271,ZA 10b,source_word,7,20,22,20;21;22,SigLA explicit Word object/list,source_explicit,SIGLA,document word list,CC BY-NC-SA 4.0,P-SIGLA-2026-09-27,source_defined,No f3 inference used.
SW-001272,ZA 10b,source_word,8,23,25,23;24;25,SigLA explicit Word object/list,source_explicit,SIGLA,document word list,CC BY-NC-SA 4.0,P-SIGLA-2026-09-27,source_defined,No f3 inference used.
SW-001273,ZA 10b,source_word,9,26,28,26;27;28,SigLA explicit Word object/list,source_explicit,SIGLA,document word list,CC BY-NC-SA 4.0,P-SIGLA-2026-09-27,source_defined,No f3 inference used.
SW-001274,ZA 10b,source_word,10,29,32,29;30;31;32,SigLA explicit Word object/list,source_explicit,SIGLA,document word list,CC BY-NC-SA 4.0,P-SIGLA-2026-09-27,source_defined,No f3 inference used.
SW-001275,ZA 11a,source_word,0,1,6,1;2;3;4;5;6,SigLA explicit Word object/list,source_explicit,SIGLA,document word list,CC BY-NC-SA 4.0,P-SIGLA-2026-09-27,source_defined,No f3 inference used.
SW-001276,ZA 11a,source_word,1,9,11,9;10;11,SigLA explicit Word object/list,source_explicit,SIGLA,document word list,CC BY-NC-SA 4.0,P-SIGLA-2026-09-27,source_defined,No f3 inference used.
SW-001277,ZA 11a,source_word,2,12,14,12;13;14,SigLA explicit Word object/list,source_explicit,SIGLA,document word list,CC BY-NC-SA 4.0,P-SIGLA-2026-09-27,source_defined,No f3 inference used.
SW-001278,ZA 11a,source_word,3,18,19,18;19,SigLA explicit Word object/list,source_explicit,SIGLA,document word list,CC BY-NC-SA 4.0,P-SIGLA-2026-09-27,source_defined,No f3 inference used.
SW-001279,ZA 11a,source_word,4,21,23,21;22;23,SigLA explicit Word object/list,source_explicit,SIGLA,document word list,CC BY-NC-SA 4.0,P-SIGLA-2026-09-27,source_defined,No f3 inference used.
SW-001280,ZA 11b,source_word,0,1,3,1;2;3,SigLA explicit Word object/list,source_explicit,SIGLA,document word list,CC BY-NC-SA 4.0,P-SIGLA-2026-09-27,source_defined,No f3 inference used.
SW-001281,ZA 11b,source_word,1,5,7,5;6;7,SigLA explicit Word object/list,source_explicit,SIGLA,document word list,CC BY-NC-SA 4.0,P-SIGLA-2026-09-27,source_defined,No f3 inference used.
SW-001282,ZA 11b,source_word,2,10,11,10;11,SigLA explicit Word object/list,source_explicit,SIGLA,document word list,CC BY-NC-SA 4.0,P-SIGLA-2026-09-27,source_defined,No f3 inference used.
SW-001283,ZA 11b,source_word,3,13,14,13;14,SigLA explicit Word object/list,source_explicit,SIGLA,document word list,CC BY-NC-SA 4.0,P-SIGLA-2026-09-27,source_defined,No f3 inference used.
SW-001284,ZA 13,source_word,0,2,3,2;3,SigLA explicit Word object/list,source_explicit,SIGLA,document word list,CC BY-NC-SA 4.0,P-SIGLA-2026-09-27,source_defined,No f3 inference used.
SW-001285,ZA 14,source_word,0,1,3,1;2;3,SigLA explicit Word object/list,source_explicit,SIGLA,document word list,CC BY-NC-SA 4.0,P-SIGLA-2026-09-27,source_defined,No f3 inference used.
SW-001286,ZA 14,source_word,1,4,5,4;5,SigLA explicit Word object/list,source_explicit,SIGLA,document word list,CC BY-NC-SA 4.0,P-SIGLA-2026-09-27,source_defined,No f3 inference used.
SW-001287,ZA 14,source_word,2,6,9,6;7;8;9,SigLA explicit Word object/list,source_explicit,SIGLA,document word list,CC BY-NC-SA 4.0,P-SIGLA-2026-09-27,source_defined,No f3 inference used.
SW-001288,ZA 14,source_word,3,10,12,10;11;12,SigLA explicit Word object/list,source_explicit,SIGLA,document word list,CC BY-NC-SA 4.0,P-SIGLA-2026-09-27,source_defined,No f3 inference used.
SW-001289,ZA 14,source_word,4,13,14,13;14,SigLA explicit Word object/list,source_explicit,SIGLA,document word list,CC BY-NC-SA 4.0,P-SIGLA-2026-09-27,source_defined,No f3 inference used.
SW-001290,ZA 14,source_word,5,15,19,15;16;17;18;19,SigLA explicit Word object/list,source_explicit,SIGLA,document word list,CC BY-NC-SA 4.0,P-SIGLA-2026-09-27,source_defined,No f3 inference used.
SW-001291,ZA 14,source_word,6,20,22,20;21;22,SigLA explicit Word object/list,source_explicit,SIGLA,document word list,CC BY-NC-SA 4.0,P-SIGLA-2026-09-27,source_defined,No f3 inference used.
SW-001292,ZA 14,source_word,7,23,24,23;24,SigLA explicit Word object/list,source_explicit,SIGLA,document word list,CC BY-NC-SA 4.0,P-SIGLA-2026-09-27,source_defined,No f3 inference used.
SW-001293,ZA 15a,source_word,0,1,3,1;2;3,SigLA explicit Word object/list,source_explicit,SIGLA,document word list,CC BY-NC-SA 4.0,P-SIGLA-2026-09-27,source_defined,No f3 inference used.
SW-001294,ZA 15a,source_word,1,6,9,6;7;8;9,SigLA explicit Word object/list,source_explicit,SIGLA,document word list,CC BY-NC-SA 4.0,P-SIGLA-2026-09-27,source_defined,No f3 inference used.
SW-001295,ZA 15a,source_word,2,10,13,10;11;12;13,SigLA explicit Word object/list,source_explicit,SIGLA,document word list,CC BY-NC-SA 4.0,P-SIGLA-2026-09-27,source_defined,No f3 inference used.
SW-001296,ZA 15a,source_word,3,15,17,15;16;17,SigLA explicit Word object/list,source_explicit,SIGLA,document word list,CC BY-NC-SA 4.0,P-SIGLA-2026-09-27,source_defined,No f3 inference used.
SW-001297,ZA 15a,source_word,4,18,21,18;19;20;21,SigLA explicit Word object/list,source_explicit,SIGLA,document word list,CC BY-NC-SA 4.0,P-SIGLA-2026-09-27,source_defined,No f3 inference used.
SW-001298,ZA 15a,source_word,5,22,24,22;24,SigLA explicit Word object/list,source_explicit,SIGLA,document word list,CC BY-NC-SA 4.0,P-SIGLA-2026-09-27,source_defined,No f3 inference used.
SW-001299,ZA 15a,source_word,6,25,27,25;26;27,SigLA explicit Word object/list,source_explicit,SIGLA,document word list,CC BY-NC-SA 4.0,P-SIGLA-2026-09-27,source_defined,No f3 inference used.
SW-001300,ZA 15a,source_word,7,28,30,28;29;30,SigLA explicit Word object/list,source_explicit,SIGLA,document word list,CC BY-NC-SA 4.0,P-SIGLA-2026-09-27,source_defined,No f3 inference used.
SW-001301,ZA 15a,source_word,8,31,34,31;32;33;34,SigLA explicit Word object/list,source_explicit,SIGLA,document word list,CC BY-NC-SA 4.0,P-SIGLA-2026-09-27,source_defined,No f3 inference used.
SW-001302,ZA 15b,source_word,0,1,2,1;2,SigLA explicit Word object/list,source_explicit,SIGLA,document word list,CC BY-NC-SA 4.0,P-SIGLA-2026-09-27,source_defined,No f3 inference used.
SW-001303,ZA 15b,source_word,1,4,5,4;5,SigLA explicit Word object/list,source_explicit,SIGLA,document word list,CC BY-NC-SA 4.0,P-SIGLA-2026-09-27,source_defined,No f3 inference used.
SW-001304,ZA 16,source_word,0,2,2,2,SigLA explicit Word object/list,source_explicit,SIGLA,document word list,CC BY-NC-SA 4.0,P-SIGLA-2026-09-27,source_defined,No f3 inference used.
SW-001305,ZA 16,source_word,1,,,,SigLA explicit Word object/list,source_explicit,SIGLA,document word list,CC BY-NC-SA 4.0,P-SIGLA-2026-09-27,source_defined,No f3 inference used.
SW-001306,ZA 16,source_word,2,,,,SigLA explicit Word object/list,source_explicit,SIGLA,document word list,CC BY-NC-SA 4.0,P-SIGLA-2026-09-27,source_defined,No f3 inference used.
SW-001307,ZA 18a,source_word,0,1,3,1;2;3,SigLA explicit Word object/list,source_explicit,SIGLA,document word list,CC BY-NC-SA 4.0,P-SIGLA-2026-09-27,source_defined,No f3 inference used.
SW-001308,ZA 18a,source_word,1,4,5,4;5,SigLA explicit Word object/list,source_explicit,SIGLA,document word list,CC BY-NC-SA 4.0,P-SIGLA-2026-09-27,source_defined,No f3 inference used.
SW-001309,ZA 19,source_word,0,1,2,1;2,SigLA explicit Word object/list,source_explicit,SIGLA,document word list,CC BY-NC-SA 4.0,P-SIGLA-2026-09-27,source_defined,No f3 inference used.
SW-001310,ZA 1a,source_word,0,2,4,2;3;4,SigLA explicit Word object/list,source_explicit,SIGLA,document word list,CC BY-NC-SA 4.0,P-SIGLA-2026-09-27,source_defined,No f3 inference used.
SW-001311,ZA 1b,source_word,0,1,2,1;2,SigLA explicit Word object/list,source_explicit,SIGLA,document word list,CC BY-NC-SA 4.0,P-SIGLA-2026-09-27,source_defined,No f3 inference used.
SW-001312,ZA 1b,source_word,1,4,4,4,SigLA explicit Word object/list,source_explicit,SIGLA,document word list,CC BY-NC-SA 4.0,P-SIGLA-2026-09-27,source_defined,No f3 inference used.
SW-001313,ZA 20,source_word,0,,,,SigLA explicit Word object/list,source_explicit,SIGLA,document word list,CC BY-NC-SA 4.0,P-SIGLA-2026-09-27,source_defined,No f3 inference used.
SW-001314,ZA 20,source_word,1,2,5,2;3;4;5,SigLA explicit Word object/list,source_explicit,SIGLA,document word list,CC BY-NC-SA 4.0,P-SIGLA-2026-09-27,source_defined,No f3 inference used.
SW-001315,ZA 20,source_word,2,6,6,6,SigLA explicit Word object/list,source_explicit,SIGLA,document word list,CC BY-NC-SA 4.0,P-SIGLA-2026-09-27,source_defined,No f3 inference used.
SW-001316,ZA 20,source_word,3,9,11,9;10;11,SigLA explicit Word object/list,source_explicit,SIGLA,document word list,CC BY-NC-SA 4.0,P-SIGLA-2026-09-27,source_defined,No f3 inference used.
SW-001317,ZA 20,source_word,4,12,13,12;13,SigLA explicit Word object/list,source_explicit,SIGLA,document word list,CC BY-NC-SA 4.0,P-SIGLA-2026-09-27,source_defined,No f3 inference used.
SW-001318,ZA 20,source_word,5,14,15,14;15,SigLA explicit Word object/list,source_explicit,SIGLA,document word list,CC BY-NC-SA 4.0,P-SIGLA-2026-09-27,source_defined,No f3 inference used.
SW-001319,ZA 20,source_word,6,16,19,16;17;18;19,SigLA explicit Word object/list,source_explicit,SIGLA,document word list,CC BY-NC-SA 4.0,P-SIGLA-2026-09-27,source_defined,No f3 inference used.
SW-001320,ZA 20,source_word,7,20,21,20;21,SigLA explicit Word object/list,source_explicit,SIGLA,document word list,CC BY-NC-SA 4.0,P-SIGLA-2026-09-27,source_defined,No f3 inference used.
SW-001321,ZA 21a,source_word,0,2,2,2,SigLA explicit Word object/list,source_explicit,SIGLA,document word list,CC BY-NC-SA 4.0,P-SIGLA-2026-09-27,source_defined,No f3 inference used.
SW-001322,ZA 21a,source_word,1,3,4,3;4,SigLA explicit Word object/list,source_explicit,SIGLA,document word list,CC BY-NC-SA 4.0,P-SIGLA-2026-09-27,source_defined,No f3 inference used.
SW-001323,ZA 21a,source_word,2,5,5,5,SigLA explicit Word object/list,source_explicit,SIGLA,document word list,CC BY-NC-SA 4.0,P-SIGLA-2026-09-27,source_defined,No f3 inference used.
SW-001324,ZA 21a,source_word,3,6,6,6,SigLA explicit Word object/list,source_explicit,SIGLA,document word list,CC BY-NC-SA 4.0,P-SIGLA-2026-09-27,source_defined,No f3 inference used.
SW-001325,ZA 21a,source_word,4,7,8,7;8,SigLA explicit Word object/list,source_explicit,SIGLA,document word list,CC BY-NC-SA 4.0,P-SIGLA-2026-09-27,source_defined,No f3 inference used.
SW-001326,ZA 21a,source_word,5,9,9,9,SigLA explicit Word object/list,source_explicit,SIGLA,document word list,CC BY-NC-SA 4.0,P-SIGLA-2026-09-27,source_defined,No f3 inference used.
SW-001327,ZA 21a,source_word,6,10,12,10;11;12,SigLA explicit Word object/list,source_explicit,SIGLA,document word list,CC BY-NC-SA 4.0,P-SIGLA-2026-09-27,source_defined,No f3 inference used.
SW-001328,ZA 21a,source_word,7,13,13,13,SigLA explicit Word object/list,source_explicit,SIGLA,document word list,CC BY-NC-SA 4.0,P-SIGLA-2026-09-27,source_defined,No f3 inference used.
SW-001329,ZA 21a,source_word,8,14,15,14;15,SigLA explicit Word object/list,source_explicit,SIGLA,document word list,CC BY-NC-SA 4.0,P-SIGLA-2026-09-27,source_defined,No f3 inference used.
SW-001330,ZA 21b,source_word,0,1,2,1;2,SigLA explicit Word object/list,source_explicit,SIGLA,document word list,CC BY-NC-SA 4.0,P-SIGLA-2026-09-27,source_defined,No f3 inference used.
SW-001331,ZA 21b,source_word,1,3,3,3,SigLA explicit Word object/list,source_explicit,SIGLA,document word list,CC BY-NC-SA 4.0,P-SIGLA-2026-09-27,source_defined,No f3 inference used.
SW-001332,ZA 21b,source_word,2,4,5,4;5,SigLA explicit Word object/list,source_explicit,SIGLA,document word list,CC BY-NC-SA 4.0,P-SIGLA-2026-09-27,source_defined,No f3 inference used.
SW-001333,ZA 21b,source_word,3,,,,SigLA explicit Word object/list,source_explicit,SIGLA,document word list,CC BY-NC-SA 4.0,P-SIGLA-2026-09-27,source_defined,No f3 inference used.
SW-001334,ZA 21b,source_word,4,,,,SigLA explicit Word object/list,source_explicit,SIGLA,document word list,CC BY-NC-SA 4.0,P-SIGLA-2026-09-27,source_defined,No f3 inference used.
SW-001335,ZA 21b,source_word,5,8,8,8,SigLA explicit Word object/list,source_explicit,SIGLA,document word list,CC BY-NC-SA 4.0,P-SIGLA-2026-09-27,source_defined,No f3 inference used.
SW-001336,ZA 22,source_word,0,3,3,3,SigLA explicit Word object/list,source_explicit,SIGLA,document word list,CC BY-NC-SA 4.0,P-SIGLA-2026-09-27,source_defined,No f3 inference used.
SW-001337,ZA 22,source_word,1,5,6,5;6,SigLA explicit Word object/list,source_explicit,SIGLA,document word list,CC BY-NC-SA 4.0,P-SIGLA-2026-09-27,source_defined,No f3 inference used.
SW-001338,ZA 23,source_word,0,1,2,1;2,SigLA explicit Word object/list,source_explicit,SIGLA,document word list,CC BY-NC-SA 4.0,P-SIGLA-2026-09-27,source_defined,No f3 inference used.
SW-001339,ZA 23,source_word,1,3,4,3;4,SigLA explicit Word object/list,source_explicit,SIGLA,document word list,CC BY-NC-SA 4.0,P-SIGLA-2026-09-27,source_defined,No f3 inference used.
SW-001340,ZA 24a,source_word,0,1,2,1;2,SigLA explicit Word object/list,source_explicit,SIGLA,document word list,CC BY-NC-SA 4.0,P-SIGLA-2026-09-27,source_defined,No f3 inference used.
SW-001341,ZA 24b,source_word,0,1,1,1,SigLA explicit Word object/list,source_explicit,SIGLA,document word list,CC BY-NC-SA 4.0,P-SIGLA-2026-09-27,source_defined,No f3 inference used.
SW-001342,ZA 25,source_word,0,,,,SigLA explicit Word object/list,source_explicit,SIGLA,document word list,CC BY-NC-SA 4.0,P-SIGLA-2026-09-27,source_defined,No f3 inference used.
SW-001343,ZA 26a,source_word,0,1,2,1;2,SigLA explicit Word object/list,source_explicit,SIGLA,document word list,CC BY-NC-SA 4.0,P-SIGLA-2026-09-27,source_defined,No f3 inference used.
SW-001344,ZA 26a,source_word,1,3,4,3;4,SigLA explicit Word object/list,source_explicit,SIGLA,document word list,CC BY-NC-SA 4.0,P-SIGLA-2026-09-27,source_defined,No f3 inference used.
SW-001345,ZA 26a,source_word,2,6,7,6;7,SigLA explicit Word object/list,source_explicit,SIGLA,document word list,CC BY-NC-SA 4.0,P-SIGLA-2026-09-27,source_defined,No f3 inference used.
SW-001346,ZA 26a,source_word,3,,,,SigLA explicit Word object/list,source_explicit,SIGLA,document word list,CC BY-NC-SA 4.0,P-SIGLA-2026-09-27,source_defined,No f3 inference used.
SW-001347,ZA 27,source_word,0,1,2,1;2,SigLA explicit Word object/list,source_explicit,SIGLA,document word list,CC BY-NC-SA 4.0,P-SIGLA-2026-09-27,source_defined,No f3 inference used.
SW-001348,ZA 27,source_word,1,3,4,3;4,SigLA explicit Word object/list,source_explicit,SIGLA,document word list,CC BY-NC-SA 4.0,P-SIGLA-2026-09-27,source_defined,No f3 inference used.
SW-001349,ZA 29,source_word,0,1,1,1,SigLA explicit Word object/list,source_explicit,SIGLA,document word list,CC BY-NC-SA 4.0,P-SIGLA-2026-09-27,source_defined,No f3 inference used.
SW-001350,ZA 29,source_word,1,2,2,2,SigLA explicit Word object/list,source_explicit,SIGLA,document word list,CC BY-NC-SA 4.0,P-SIGLA-2026-09-27,source_defined,No f3 inference used.
SW-001351,ZA 31,source_word,0,1,1,1,SigLA explicit Word object/list,source_explicit,SIGLA,document word list,CC BY-NC-SA 4.0,P-SIGLA-2026-09-27,source_defined,No f3 inference used.
SW-001352,ZA 32,source_word,0,1,1,1,SigLA explicit Word object/list,source_explicit,SIGLA,document word list,CC BY-NC-SA 4.0,P-SIGLA-2026-09-27,source_defined,No f3 inference used.
SW-001353,ZA 4a,source_word,0,2,4,2;4,SigLA explicit Word object/list,source_explicit,SIGLA,document word list,CC BY-NC-SA 4.0,P-SIGLA-2026-09-27,source_defined,No f3 inference used.
SW-001354,ZA 4a,source_word,1,5,7,5;6;7,SigLA explicit Word object/list,source_explicit,SIGLA,document word list,CC BY-NC-SA 4.0,P-SIGLA-2026-09-27,source_defined,No f3 inference used.
SW-001355,ZA 4a,source_word,2,8,10,8;9;10,SigLA explicit Word object/list,source_explicit,SIGLA,document word list,CC BY-NC-SA 4.0,P-SIGLA-2026-09-27,source_defined,No f3 inference used.
SW-001356,ZA 4a,source_word,3,11,12,11;12,SigLA explicit Word object/list,source_explicit,SIGLA,document word list,CC BY-NC-SA 4.0,P-SIGLA-2026-09-27,source_defined,No f3 inference used.
SW-001357,ZA 4a,source_word,4,13,15,13;14;15,SigLA explicit Word object/list,source_explicit,SIGLA,document word list,CC BY-NC-SA 4.0,P-SIGLA-2026-09-27,source_defined,No f3 inference used.
SW-001358,ZA 4a,source_word,5,16,19,16;17;18;19,SigLA explicit Word object/list,source_explicit,SIGLA,document word list,CC BY-NC-SA 4.0,P-SIGLA-2026-09-27,source_defined,No f3 inference used.
SW-001359,ZA 4a,source_word,6,20,23,20;21;22;23,SigLA explicit Word object/list,source_explicit,SIGLA,document word list,CC BY-NC-SA 4.0,P-SIGLA-2026-09-27,source_defined,No f3 inference used.
SW-001360,ZA 4a,source_word,7,24,26,24;25;26,SigLA explicit Word object/list,source_explicit,SIGLA,document word list,CC BY-NC-SA 4.0,P-SIGLA-2026-09-27,source_defined,No f3 inference used.
SW-001361,ZA 4a,source_word,8,27,28,27;28,SigLA explicit Word object/list,source_explicit,SIGLA,document word list,CC BY-NC-SA 4.0,P-SIGLA-2026-09-27,source_defined,No f3 inference used.
SW-001362,ZA 4a,source_word,9,29,30,29;30,SigLA explicit Word object/list,source_explicit,SIGLA,document word list,CC BY-NC-SA 4.0,P-SIGLA-2026-09-27,source_defined,No f3 inference used.
SW-001363,ZA 5a,source_word,0,1,2,1;2,SigLA explicit Word object/list,source_explicit,SIGLA,document word list,CC BY-NC-SA 4.0,P-SIGLA-2026-09-27,source_defined,No f3 inference used.
SW-001364,ZA 5a,source_word,1,4,6,4;5;6,SigLA explicit Word object/list,source_explicit,SIGLA,document word list,CC BY-NC-SA 4.0,P-SIGLA-2026-09-27,source_defined,No f3 inference used.
SW-001365,ZA 5a,source_word,2,7,11,7;8;9;10;11,SigLA explicit Word object/list,source_explicit,SIGLA,document word list,CC BY-NC-SA 4.0,P-SIGLA-2026-09-27,source_defined,No f3 inference used.
SW-001366,ZA 5a,source_word,3,12,15,12;13;14;15,SigLA explicit Word object/list,source_explicit,SIGLA,document word list,CC BY-NC-SA 4.0,P-SIGLA-2026-09-27,source_defined,No f3 inference used.
SW-001367,ZA 5b,source_word,0,1,4,1;2;3;4,SigLA explicit Word object/list,source_explicit,SIGLA,document word list,CC BY-NC-SA 4.0,P-SIGLA-2026-09-27,source_defined,No f3 inference used.
SW-001368,ZA 5b,source_word,1,5,7,5;6;7,SigLA explicit Word object/list,source_explicit,SIGLA,document word list,CC BY-NC-SA 4.0,P-SIGLA-2026-09-27,source_defined,No f3 inference used.
SW-001369,ZA 5b,source_word,2,8,11,8;9;10;11,SigLA explicit Word object/list,source_explicit,SIGLA,document word list,CC BY-NC-SA 4.0,P-SIGLA-2026-09-27,source_defined,No f3 inference used.
SW-001370,ZA 6a,source_word,0,1,3,1;2;3,SigLA explicit Word object/list,source_explicit,SIGLA,document word list,CC BY-NC-SA 4.0,P-SIGLA-2026-09-27,source_defined,No f3 inference used.
SW-001371,ZA 6a,source_word,1,5,8,5;6;7;8,SigLA explicit Word object/list,source_explicit,SIGLA,document word list,CC BY-NC-SA 4.0,P-SIGLA-2026-09-27,source_defined,No f3 inference used.
SW-001372,ZA 6a,source_word,2,9,10,9;10,SigLA explicit Word object/list,source_explicit,SIGLA,document word list,CC BY-NC-SA 4.0,P-SIGLA-2026-09-27,source_defined,No f3 inference used.
SW-001373,ZA 6a,source_word,3,13,13,13,SigLA explicit Word object/list,source_explicit,SIGLA,document word list,CC BY-NC-SA 4.0,P-SIGLA-2026-09-27,source_defined,No f3 inference used.
SW-001374,ZA 6a,source_word,4,14,15,14;15,SigLA explicit Word object/list,source_explicit,SIGLA,document word list,CC BY-NC-SA 4.0,P-SIGLA-2026-09-27,source_defined,No f3 inference used.
SW-001375,ZA 6a,source_word,5,19,20,19;20,SigLA explicit Word object/list,source_explicit,SIGLA,document word list,CC BY-NC-SA 4.0,P-SIGLA-2026-09-27,source_defined,No f3 inference used.
SW-001376,ZA 6b,source_word,0,1,5,1;2;3;4;5,SigLA explicit Word object/list,source_explicit,SIGLA,document word list,CC BY-NC-SA 4.0,P-SIGLA-2026-09-27,source_defined,No f3 inference used.
SW-001377,ZA 6b,source_word,1,9,10,9;10,SigLA explicit Word object/list,source_explicit,SIGLA,document word list,CC BY-NC-SA 4.0,P-SIGLA-2026-09-27,source_defined,No f3 inference used.
SW-001378,ZA 6b,source_word,2,12,13,12;13,SigLA explicit Word object/list,source_explicit,SIGLA,document word list,CC BY-NC-SA 4.0,P-SIGLA-2026-09-27,source_defined,No f3 inference used.
SW-001379,ZA 6b,source_word,3,14,15,14;15,SigLA explicit Word object/list,source_explicit,SIGLA,document word list,CC BY-NC-SA 4.0,P-SIGLA-2026-09-27,source_defined,No f3 inference used.
SW-001380,ZA 7a,source_word,0,1,2,1;2,SigLA explicit Word object/list,source_explicit,SIGLA,document word list,CC BY-NC-SA 4.0,P-SIGLA-2026-09-27,source_defined,No f3 inference used.
SW-001381,ZA 7a,source_word,1,3,5,3;4;5,SigLA explicit Word object/list,source_explicit,SIGLA,document word list,CC BY-NC-SA 4.0,P-SIGLA-2026-09-27,source_defined,No f3 inference used.
SW-001382,ZA 7a,source_word,2,6,9,6;7;8;9,SigLA explicit Word object/list,source_explicit,SIGLA,document word list,CC BY-NC-SA 4.0,P-SIGLA-2026-09-27,source_defined,No f3 inference used.
SW-001383,ZA 7b,source_word,0,1,2,1;2,SigLA explicit Word object/list,source_explicit,SIGLA,document word list,CC BY-NC-SA 4.0,P-SIGLA-2026-09-27,source_defined,No f3 inference used.
SW-001384,ZA 8,source_word,0,1,2,1;2,SigLA explicit Word object/list,source_explicit,SIGLA,document word list,CC BY-NC-SA 4.0,P-SIGLA-2026-09-27,source_defined,No f3 inference used.
SW-001385,ZA 8,source_word,1,3,5,3;4;5,SigLA explicit Word object/list,source_explicit,SIGLA,document word list,CC BY-NC-SA 4.0,P-SIGLA-2026-09-27,source_defined,No f3 inference used.
SW-001386,ZA 8,source_word,2,7,10,7;8;9;10,SigLA explicit Word object/list,source_explicit,SIGLA,document word list,CC BY-NC-SA 4.0,P-SIGLA-2026-09-27,source_defined,No f3 inference used.
SW-001387,ZA 8,source_word,3,11,14,11;12;13;14,SigLA explicit Word object/list,source_explicit,SIGLA,document word list,CC BY-NC-SA 4.0,P-SIGLA-2026-09-27,source_defined,No f3 inference used.
SW-001388,ZA 8,source_word,4,15,19,15;16;17;18;19,SigLA explicit Word object/list,source_explicit,SIGLA,document word list,CC BY-NC-SA 4.0,P-SIGLA-2026-09-27,source_defined,No f3 inference used.
SW-001389,ZA 8,source_word,5,20,23,20;21;22;23,SigLA explicit Word object/list,source_explicit,SIGLA,document word list,CC BY-NC-SA 4.0,P-SIGLA-2026-09-27,source_defined,No f3 inference used.
SW-001390,ZA 8,source_word,6,24,27,24;25;26;27,SigLA explicit Word object/list,source_explicit,SIGLA,document word list,CC BY-NC-SA 4.0,P-SIGLA-2026-09-27,source_defined,No f3 inference used.
SW-001391,ZA 8,source_word,7,28,30,28;29;30,SigLA explicit Word object/list,source_explicit,SIGLA,document word list,CC BY-NC-SA 4.0,P-SIGLA-2026-09-27,source_defined,No f3 inference used.
SW-001392,ZA 9,source_word,0,2,3,2;3,SigLA explicit Word object/list,source_explicit,SIGLA,document word list,CC BY-NC-SA 4.0,P-SIGLA-2026-09-27,source_defined,No f3 inference used.
SW-001393,ZA 9,source_word,1,4,4,4,SigLA explicit Word object/list,source_explicit,SIGLA,document word list,CC BY-NC-SA 4.0,P-SIGLA-2026-09-27,source_defined,No f3 inference used.
SW-001394,ZA 9,source_word,2,7,7,7,SigLA explicit Word object/list,source_explicit,SIGLA,document word list,CC BY-NC-SA 4.0,P-SIGLA-2026-09-27,source_defined,No f3 inference used.
SW-001395,ZA 9,source_word,3,,,,SigLA explicit Word object/list,source_explicit,SIGLA,document word list,CC BY-NC-SA 4.0,P-SIGLA-2026-09-27,source_defined,No f3 inference used.
SW-001396,ZA 9,source_word,4,10,12,10;11;12,SigLA explicit Word object/list,source_explicit,SIGLA,document word list,CC BY-NC-SA 4.0,P-SIGLA-2026-09-27,source_defined,No f3 inference used.
SW-001397,ZA 9,source_word,5,14,16,14;15;16,SigLA explicit Word object/list,source_explicit,SIGLA,document word list,CC BY-NC-SA 4.0,P-SIGLA-2026-09-27,source_defined,No f3 inference used.
SW-001398,ZA 9,source_word,6,20,21,20;21,SigLA explicit Word object/list,source_explicit,SIGLA,document word list,CC BY-NC-SA 4.0,P-SIGLA-2026-09-27,source_defined,No f3 inference used.
SW-001399,ZA 9,source_word,7,23,27,23;24;25;26;27,SigLA explicit Word object/list,source_explicit,SIGLA,document word list,CC BY-NC-SA 4.0,P-SIGLA-2026-09-27,source_defined,No f3 inference used.
SW-001400,ZA Wc 2,source_word,0,1,3,1;2;3,SigLA explicit Word object/list,source_explicit,SIGLA,document word list,CC BY-NC-SA 4.0,P-SIGLA-2026-09-27,source_defined,No f3 inference used.
SW-001401,ZA Wc 2,source_word,1,4,7,4;5;6;7,SigLA explicit Word object/list,source_explicit,SIGLA,document word list,CC BY-NC-SA 4.0,P-SIGLA-2026-09-27,source_defined,No f3 inference used.
