sequence_a,sequence_b,variable_slot,count_a,count_b,union_documents
AB059 AB039,AB057 AB039,0,1,1,2
AB059 AB039,AB059 AB003,1,1,1,2
AB059 AB039,AB059 AB037,1,1,2,3
AB059 AB039,AB059 AB073,1,1,1,2
AB059 AB039,AB059 AB060,1,1,1,2
AB059 AB039,AB059 AB057,1,1,1,2
AB059 AB039,AB059 AB010,1,1,1,2
AB059 AB039,AB059 AB059,1,1,1,2
AB059 AB039,AB030 AB039,0,1,1,2
AB059 AB039,AB008 AB039,0,1,1,2
AB059 AB039,AB026 AB039,0,1,1,2
AB059 AB039,AB081 AB039,0,1,1,2
AB059 AB039,AB059 AB044,1,1,1,2
AB067,AB008,0,7,14,20
AB067,AB056,0,7,2,9
AB067,AB006,0,7,7,14
AB067,AB081,0,7,10,17
AB067,AB059,0,7,11,18
AB067,AB027,0,7,8,15
AB067,AB010,0,7,5,12
AB067,AB053,0,7,2,9
AB067,AB002,0,7,10,17
AB067,AB077,0,7,8,15
AB067,AB001,0,7,2,9
AB067,AB073,0,7,3,10
AB067,AB026,0,7,6,13
AB067,AB086,0,7,5,12
AB067,AB003,0,7,4,11
AB067,AB007,0,7,4,11
AB067,AB051,0,7,4,11
AB067,A308,0,7,1,8
AB067,AB188,0,7,1,8
AB067,AB039,0,7,2,9
AB067,AB024,0,7,5,12
AB067,A579,0,7,1,8
AB067,AB076,0,7,1,8
AB067,AB066,0,7,2,9
AB067,AB061,0,7,2,9
AB067,AB078,0,7,6,13
AB067,AB060,0,7,7,14
AB067,AB037,0,7,4,9
AB067,AB041,0,7,13,18
AB067,AB023,0,7,1,8
AB067,AB050,0,7,2,9
AB067,AB057,0,7,7,13
AB067,AB028,0,7,7,14
AB067,A307,0,7,1,8
AB067,AB069,0,7,7,14
AB067,AB004,0,7,6,13
AB067,AB031,0,7,1,8
AB067,AB100,0,7,1,8
AB067,AB070,0,7,1,8
AB067,AB055,0,7,2,9
AB067,AB079,0,7,3,10
AB067,AB065,0,7,2,9
AB067,A717,0,7,1,8
AB067,AB131,0,7,1,8
AB067,AB045,0,7,3,10
AB067,A629,0,7,1,8
AB067,A301,0,7,2,9
AB067,AB046,0,7,2,9
AB067,A303,0,7,2,9
AB067,AB009,0,7,4,11
AB067,A651,0,7,1,8
AB067,AB017,0,7,3,10
AB067,AB058,0,7,2,9
AB067,AB040,0,7,2,9
AB067,N800,0,7,1,8
AB067,A335,0,7,1,8
AB067,A306,0,7,1,8
AB067,AB020,0,7,1,8
AB067,AB080,0,7,4,11
AB067,AB030,0,7,1,8
AB067,A640,0,7,1,8
AB067,A501,0,7,1,8
AB067,A411,0,7,2,9
AB067,AB043,0,7,1,8
AB067,A328,0,7,1,8
AB067,A356,0,7,1,8
AB067,A357,0,7,1,8
AB067,A320,0,7,1,8
AB067,A359,0,7,1,8
AB067,A360,0,7,1,8
AB067,A314,0,7,1,8
AB067,AB005,0,7,1,8
AB067,A309,0,7,3,8
AB067,AB013,0,7,2,8
AB008 AB060,AB008 AB003,1,2,2,3
AB008 AB060,AB008 AB065,1,2,2,4
AB008 AB060,AB008 AB080,1,2,3,5
AB008 AB060,AB067 AB060,0,2,2,4
AB008 AB060,AB008 AB028,1,2,1,3
AB008 AB060,AB008 AB006,1,2,2,4
AB008 AB060,AB003 AB060,0,2,2,4
AB008 AB060,AB008 AB009,1,2,3,5
AB008 AB060,AB008 AB051,1,2,9,11
AB008 AB060,AB008 AB053,1,2,3,4
AB008 AB060,AB030 AB060,0,2,1,3
AB008 AB060,AB041 AB060,0,2,1,3
AB008 AB060,AB008 AB026,1,2,1,3
AB008 AB060,AB031 AB060,0,2,1,3
AB008 AB060,AB065 AB060,0,2,1,3
AB008 AB060,AB059 AB060,0,2,1,3
AB008 AB060,AB008 AB041,1,2,1,3
AB008 AB060,AB008 AB073,1,2,2,4
AB008 AB060,AB008 AB059,1,2,1,3
AB008 AB060,AB008 A301,1,2,1,3
AB008 AB060,AB008 AB057,1,2,2,4
AB008 AB060,AB057 AB060,0,2,1,3
AB008 AB060,AB008 AB039,1,2,1,3
AB008 AB060,AB051 AB060,0,2,1,3
AB008 AB060,AB008 AB056,1,2,1,3
AB008 AB060,AB001 AB060,0,2,1,3
AB008 AB060,AB008 AB001,1,2,1,3
AB008 AB060,AB008 AB045,1,2,1,3
AB008 AB060,AB081 AB060,0,2,1,3
AB008 AB003,AB008 AB065,1,2,2,4
AB008 AB003,AB008 AB080,1,2,3,5
AB008 AB003,AB077 AB003,0,2,5,7
AB008 AB003,AB059 AB003,0,2,1,3
AB008 AB003,AB081 AB003,0,2,5,7
AB008 AB003,AB069 AB003,0,2,1,3
AB008 AB003,AB008 AB028,1,2,1,3
AB008 AB003,AB008 AB006,1,2,2,4
AB008 AB003,AB008 AB009,1,2,3,5
AB008 AB003,AB008 AB051,1,2,9,11
AB008 AB003,AB008 AB053,1,2,3,4
AB008 AB003,AB008 AB026,1,2,1,3
AB008 AB003,AB008 AB041,1,2,1,3
AB008 AB003,AB008 AB073,1,2,2,4
AB008 AB003,AB008 AB059,1,2,1,3
AB008 AB003,AB008 A301,1,2,1,3
AB008 AB003,AB008 AB057,1,2,2,4
AB008 AB003,AB008 AB039,1,2,1,3
AB008 AB003,AB008 AB056,1,2,1,3
AB008 AB003,AB008 AB001,1,2,1,3
AB008 AB003,AB008 AB045,1,2,1,3
AB008 AB003,AB058 AB003,0,2,1,3
AB008 AB003,AB057 AB003,0,2,1,3
AB008,AB056,0,14,2,14
AB008,AB006,0,14,7,19
AB008,AB081,0,14,10,23
AB008,AB059,0,14,11,24
AB008,AB027,0,14,8,21
AB008,AB010,0,14,5,18
AB008,AB053,0,14,2,15
AB008,AB002,0,14,10,23
AB008,AB077,0,14,8,21
AB008,AB001,0,14,2,15
AB008,AB073,0,14,3,16
AB008,AB026,0,14,6,18
AB008,AB086,0,14,5,18
AB008,AB003,0,14,4,16
AB008,AB007,0,14,4,17
AB008,AB051,0,14,4,17
AB008,A308,0,14,1,14
AB008,AB188,0,14,1,14
AB008,AB039,0,14,2,15
AB008,AB024,0,14,5,18
AB008,A579,0,14,1,14
AB008,AB076,0,14,1,14
AB008,AB066,0,14,2,15
AB008,AB061,0,14,2,15
AB008,AB078,0,14,6,19
AB008,AB060,0,14,7,20
AB008,AB037,0,14,4,16
AB008,AB041,0,14,13,24
AB008,AB023,0,14,1,14
AB008,AB050,0,14,2,15
AB008,AB057,0,14,7,19
AB008,AB028,0,14,7,20
AB008,A307,0,14,1,14
AB008,AB069,0,14,7,20
AB008,AB004,0,14,6,17
AB008,AB031,0,14,1,14
AB008,AB100,0,14,1,14
AB008,AB070,0,14,1,14
AB008,AB055,0,14,2,15
AB008,AB079,0,14,3,16
AB008,AB065,0,14,2,15
AB008,A717,0,14,1,14
AB008,AB131,0,14,1,14
AB008,AB045,0,14,3,15
AB008,A629,0,14,1,14
AB008,A301,0,14,2,15
AB008,AB046,0,14,2,15
AB008,A303,0,14,2,15
AB008,AB009,0,14,4,17
AB008,A651,0,14,1,14
AB008,AB017,0,14,3,16
AB008,AB058,0,14,2,15
AB008,AB040,0,14,2,15
AB008,N800,0,14,1,14
AB008,A335,0,14,1,14
AB008,A306,0,14,1,14
AB008,AB020,0,14,1,14
AB008,AB080,0,14,4,16
AB008,AB030,0,14,1,14
AB008,A640,0,14,1,14
AB008,A501,0,14,1,14
AB008,A411,0,14,2,15
AB008,AB043,0,14,1,14
AB008,A328,0,14,1,14
AB008,A356,0,14,1,14
AB008,A357,0,14,1,14
AB008,A320,0,14,1,14
AB008,A359,0,14,1,14
AB008,A360,0,14,1,14
AB008,A314,0,14,1,14
AB008,AB005,0,14,1,14
AB008,A309,0,14,3,14
AB008,AB013,0,14,2,14
AB057 AB027,AB057 AB039,1,1,1,2
AB057 AB027,AB001 AB027,0,1,6,7
AB057 AB027,AB057 A345,1,1,1,2
AB057 AB027,AB055 AB027,0,1,1,2
AB057 AB027,AB057 AB021,1,1,2,3
AB057 AB027,AB058 AB027,0,1,1,2
AB057 AB027,AB081 AB027,0,1,2,3
AB057 AB027,AB003 AB027,0,1,1,2
AB057 AB027,AB080 AB027,0,1,1,2
AB057 AB027,AB057 AB058,1,1,1,2
AB057 AB027,AB057 AB060,1,1,1,2
AB057 AB027,AB057 AB078,1,1,1,2
AB057 AB027,AB057 AB054,1,1,1,2
AB057 AB027,AB057 AB041,1,1,1,2
AB057 AB027,AB057 AB081,1,1,1,2
AB057 AB027,AB057 A304,1,1,1,2
AB057 AB027,AB057 AB031,1,1,1,2
AB057 AB027,AB057 AB007,1,1,1,2
AB057 AB027,AB057 AB037,1,1,1,2
AB057 AB027,AB057 AB040,1,1,1,2
AB057 AB027,AB073 AB027,0,1,1,2
AB057 AB027,AB057 AB067,1,1,1,2
AB057 AB027,AB057 AB003,1,1,1,2
AB056,AB006,0,2,7,8
AB056,AB081,0,2,10,11
AB056,AB059,0,2,11,13
AB056,AB027,0,2,8,10
AB056,AB010,0,2,5,7
AB056,AB053,0,2,2,4
AB056,AB002,0,2,10,12
AB056,AB077,0,2,8,10
AB056,AB001,0,2,2,4
AB056,AB073,0,2,3,5
AB056,AB026,0,2,6,8
AB056,AB086,0,2,5,7
AB056,AB003,0,2,4,6
AB056,AB007,0,2,4,6
AB056,AB051,0,2,4,6
AB056,A308,0,2,1,3
AB056,AB188,0,2,1,3
AB056,AB039,0,2,2,4
AB056,AB024,0,2,5,7
AB056,A579,0,2,1,3
AB056,AB076,0,2,1,3
AB056,AB066,0,2,2,4
AB056,AB061,0,2,2,4
AB056,AB078,0,2,6,8
AB056,AB060,0,2,7,9
AB056,AB037,0,2,4,5
AB056,AB041,0,2,13,13
AB056,AB023,0,2,1,3
AB056,AB050,0,2,2,4
AB056,AB057,0,2,7,8
AB056,AB028,0,2,7,9
AB056,A307,0,2,1,3
AB056,AB069,0,2,7,9
AB056,AB004,0,2,6,8
AB056,AB031,0,2,1,3
AB056,AB100,0,2,1,3
AB056,AB070,0,2,1,3
AB056,AB055,0,2,2,4
AB056,AB079,0,2,3,5
AB056,AB065,0,2,2,4
AB056,A717,0,2,1,3
AB056,AB131,0,2,1,3
AB056,AB045,0,2,3,5
AB056,A629,0,2,1,3
AB056,A301,0,2,2,4
AB056,AB046,0,2,2,4
AB056,A303,0,2,2,4
AB056,AB009,0,2,4,6
AB056,A651,0,2,1,3
AB056,AB017,0,2,3,5
AB056,AB058,0,2,2,4
AB056,AB040,0,2,2,4
AB056,N800,0,2,1,3
AB056,A335,0,2,1,3
AB056,A306,0,2,1,3
AB056,AB020,0,2,1,3
AB056,AB080,0,2,4,6
AB056,AB030,0,2,1,3
AB056,A640,0,2,1,3
AB056,A501,0,2,1,3
AB056,A411,0,2,2,4
AB056,AB043,0,2,1,3
AB056,A328,0,2,1,3
AB056,A356,0,2,1,3
AB056,A357,0,2,1,3
AB056,A320,0,2,1,3
AB056,A359,0,2,1,3
AB056,A360,0,2,1,3
AB056,A314,0,2,1,3
AB056,AB005,0,2,1,3
AB056,A309,0,2,3,3
AB056,AB013,0,2,2,4
AB006,AB081,0,7,10,16
AB006,AB059,0,7,11,18
AB006,AB027,0,7,8,14
AB006,AB010,0,7,5,12
AB006,AB053,0,7,2,9
AB006,AB002,0,7,10,17
AB006,AB077,0,7,8,14
AB006,AB001,0,7,2,9
AB006,AB073,0,7,3,10
AB006,AB026,0,7,6,13
AB006,AB086,0,7,5,12
AB006,AB003,0,7,4,11
AB006,AB007,0,7,4,11
AB006,AB051,0,7,4,11
AB006,A308,0,7,1,8
AB006,AB188,0,7,1,8
AB006,AB039,0,7,2,9
AB006,AB024,0,7,5,12
AB006,A579,0,7,1,8
AB006,AB076,0,7,1,8
AB006,AB066,0,7,2,9
AB006,AB061,0,7,2,9
AB006,AB078,0,7,6,13
AB006,AB060,0,7,7,14
AB006,AB037,0,7,4,10
AB006,AB041,0,7,13,18
AB006,AB023,0,7,1,8
AB006,AB050,0,7,2,9
AB006,AB057,0,7,7,13
AB006,AB028,0,7,7,14
AB006,A307,0,7,1,8
AB006,AB069,0,7,7,14
AB006,AB004,0,7,6,13
AB006,AB031,0,7,1,8
AB006,AB100,0,7,1,7
AB006,AB070,0,7,1,7
AB006,AB055,0,7,2,8
AB006,AB079,0,7,3,10
AB006,AB065,0,7,2,9
AB006,A717,0,7,1,8
AB006,AB131,0,7,1,8
AB006,AB045,0,7,3,10
AB006,A629,0,7,1,8
AB006,A301,0,7,2,9
AB006,AB046,0,7,2,9
AB006,A303,0,7,2,9
AB006,AB009,0,7,4,11
AB006,A651,0,7,1,8
AB006,AB017,0,7,3,10
AB006,AB058,0,7,2,9
AB006,AB040,0,7,2,9
AB006,N800,0,7,1,8
AB006,A335,0,7,1,8
AB006,A306,0,7,1,8
AB006,AB020,0,7,1,8
AB006,AB080,0,7,4,11
AB006,AB030,0,7,1,8
AB006,A640,0,7,1,8
AB006,A501,0,7,1,8
AB006,A411,0,7,2,9
AB006,AB043,0,7,1,8
AB006,A328,0,7,1,8
AB006,A356,0,7,1,8
AB006,A357,0,7,1,8
AB006,A320,0,7,1,8
AB006,A359,0,7,1,8
AB006,A360,0,7,1,8
AB006,A314,0,7,1,8
AB006,AB005,0,7,1,8
AB006,A309,0,7,3,8
AB006,AB013,0,7,2,9
AB041 AB001 AB004,AB041 AB001 AB027,2,1,2,3
AB081 AB060 AB131,AB081 AB060 AB023,2,1,1,2
AB026 AB073,AB045 AB073,0,1,1,2
AB026 AB073,AB026 AB076,1,1,1,2
AB026 AB073,AB026 AB007,1,1,1,2
AB026 AB073,AB006 AB073,0,1,1,2
AB026 AB073,AB026 AB030,1,1,1,2
AB026 AB073,AB026 AB080,1,1,1,2
AB026 AB073,AB059 AB073,0,1,1,2
AB026 AB073,AB026 AB031,1,1,1,2
AB026 AB073,AB008 AB073,0,1,2,3
AB026 AB073,AB026 AB006,1,1,1,2
AB026 AB073,AB026 AB057,1,1,1,2
AB026 AB073,AB026 AB039,1,1,1,2
AB026 AB073,AB030 AB073,0,1,1,2
AB026 AB073,AB003 AB073,0,1,1,2
AB026 AB073,AB038 AB073,0,1,1,2
AB026 AB073,AB118 AB073,0,1,1,2
AB026 AB073,AB061 AB073,0,1,1,2
AB077 AB024,AB077 AB003,1,1,5,6
AB077 AB024,AB077 AB006,1,1,2,3
AB077 AB024,AB077 AB076,1,1,1,2
AB077 AB024,AB077 AB080,1,1,1,2
AB077 AB024,AB077 AB067,1,1,2,2
AB077 AB024,AB031 AB024,0,1,1,2
AB077 AB024,AB077 AB081,1,1,1,2
AB077 AB024,AB077 AB037,1,1,1,2
AB077 AB024,AB077 AB026,1,1,2,3
AB077 AB024,AB077 AB065,1,1,1,2
AB077 AB024,AB077 A305,1,1,1,2
AB077 AB024,AB077 AB031,1,1,1,2
AB077 AB024,AB016 AB024,0,1,1,2
AB077 AB024,AB077 AB046,1,1,1,2
AB077 AB024,AB077 AB016,1,1,1,2
AB077 AB024,AB077 AB007,1,1,2,3
AB067 AB055,AB067 AB002,1,1,16,13
AB067 AB055,AB067 AB060,1,1,2,3
AB067 AB055,AB045 AB055,0,1,1,2
AB067 AB055,AB067 AB001,1,1,1,2
AB067 AB055,AB067 A310,1,1,1,2
AB067 AB055,AB067 AB037,1,1,1,2
AB067 AB055,AB039 AB055,0,1,1,2
AB081,AB059,0,10,11,19
AB081,AB027,0,10,8,18
AB081,AB010,0,10,5,15
AB081,AB053,0,10,2,11
AB081,AB002,0,10,10,20
AB081,AB077,0,10,8,17
AB081,AB001,0,10,2,12
AB081,AB073,0,10,3,13
AB081,AB026,0,10,6,15
AB081,AB086,0,10,5,15
AB081,AB003,0,10,4,14
AB081,AB007,0,10,4,14
AB081,AB051,0,10,4,14
AB081,A308,0,10,1,11
AB081,AB188,0,10,1,11
AB081,AB039,0,10,2,12
AB081,AB024,0,10,5,15
AB081,A579,0,10,1,11
AB081,AB076,0,10,1,11
AB081,AB066,0,10,2,12
AB081,AB061,0,10,2,12
AB081,AB078,0,10,6,16
AB081,AB060,0,10,7,17
AB081,AB037,0,10,4,13
AB081,AB041,0,10,13,21
AB081,AB023,0,10,1,11
AB081,AB050,0,10,2,12
AB081,AB057,0,10,7,16
AB081,AB028,0,10,7,16
AB081,A307,0,10,1,11
AB081,AB069,0,10,7,17
AB081,AB004,0,10,6,16
AB081,AB031,0,10,1,11
AB081,AB100,0,10,1,10
AB081,AB070,0,10,1,10
AB081,AB055,0,10,2,11
AB081,AB079,0,10,3,13
AB081,AB065,0,10,2,12
AB081,A717,0,10,1,11
AB081,AB131,0,10,1,11
AB081,AB045,0,10,3,13
AB081,A629,0,10,1,11
AB081,A301,0,10,2,12
AB081,AB046,0,10,2,12
AB081,A303,0,10,2,12
AB081,AB009,0,10,4,14
AB081,A651,0,10,1,11
AB081,AB017,0,10,3,13
AB081,AB058,0,10,2,12
AB081,AB040,0,10,2,12
AB081,N800,0,10,1,11
AB081,A335,0,10,1,11
AB081,A306,0,10,1,11
AB081,AB020,0,10,1,11
AB081,AB080,0,10,4,14
AB081,AB030,0,10,1,11
AB081,A640,0,10,1,11
AB081,A501,0,10,1,11
AB081,A411,0,10,2,12
AB081,AB043,0,10,1,11
AB081,A328,0,10,1,11
AB081,A356,0,10,1,11
AB081,A357,0,10,1,11
AB081,A320,0,10,1,11
AB081,A359,0,10,1,11
AB081,A360,0,10,1,11
AB081,A314,0,10,1,11
AB081,AB005,0,10,1,11
AB081,A309,0,10,3,11
AB081,AB013,0,10,2,12
AB057 AB039,AB057 A345,1,1,1,2
AB057 AB039,AB057 AB021,1,1,2,3
AB057 AB039,AB057 AB058,1,1,1,2
AB057 AB039,AB030 AB039,0,1,1,2
AB057 AB039,AB057 AB060,1,1,1,2
AB057 AB039,AB057 AB078,1,1,1,2
AB057 AB039,AB057 AB054,1,1,1,2
AB057 AB039,AB057 AB041,1,1,1,2
AB057 AB039,AB008 AB039,0,1,1,2
AB057 AB039,AB057 AB081,1,1,1,2
AB057 AB039,AB026 AB039,0,1,1,2
AB057 AB039,AB057 A304,1,1,1,2
AB057 AB039,AB057 AB031,1,1,1,2
AB057 AB039,AB057 AB007,1,1,1,2
AB057 AB039,AB057 AB037,1,1,1,2
AB057 AB039,AB081 AB039,0,1,1,2
AB057 AB039,AB057 AB040,1,1,1,2
AB057 AB039,AB057 AB067,1,1,1,2
AB057 AB039,AB057 AB003,1,1,1,2
AB039 A314,AB039 AB031,1,1,2,3
AB039 A314,AB039 AB055,1,1,1,2
AB039 A314,AB039 AB061,1,1,1,2
AB039 A314,AB039 AB023,1,1,1,2
AB039 A314,AB039 AB009,1,1,1,2
AB030 AB059,A312 AB059,0,1,1,2
AB030 AB059,AB081 AB059,0,1,1,2
AB030 AB059,AB031 AB059,0,1,1,2
AB030 AB059,AB073 AB059,0,1,1,2
AB030 AB059,AB030 AB060,1,1,1,2
AB030 AB059,AB008 AB059,0,1,1,2
AB030 AB059,AB003 AB059,0,1,1,2
AB030 AB059,AB059 AB059,0,1,1,2
AB030 AB059,AB030 AB039,1,1,1,2
AB030 AB059,AB030 AB073,1,1,1,2
AB059,AB027,0,11,8,16
AB059,AB010,0,11,5,16
AB059,AB053,0,11,2,13
AB059,AB002,0,11,10,21
AB059,AB077,0,11,8,18
AB059,AB001,0,11,2,13
AB059,AB073,0,11,3,14
AB059,AB026,0,11,6,17
AB059,AB086,0,11,5,16
AB059,AB003,0,11,4,15
AB059,AB007,0,11,4,14
AB059,AB051,0,11,4,15
AB059,A308,0,11,1,12
AB059,AB188,0,11,1,12
AB059,AB039,0,11,2,13
AB059,AB024,0,11,5,16
AB059,A579,0,11,1,12
AB059,AB076,0,11,1,12
AB059,AB066,0,11,2,13
AB059,AB061,0,11,2,13
AB059,AB078,0,11,6,16
AB059,AB060,0,11,7,18
AB059,AB037,0,11,4,14
AB059,AB041,0,11,13,22
AB059,AB023,0,11,1,12
AB059,AB050,0,11,2,13
AB059,AB057,0,11,7,17
AB059,AB028,0,11,7,17
AB059,A307,0,11,1,12
AB059,AB069,0,11,7,18
AB059,AB004,0,11,6,17
AB059,AB031,0,11,1,12
AB059,AB100,0,11,1,12
AB059,AB070,0,11,1,12
AB059,AB055,0,11,2,13
AB059,AB079,0,11,3,14
AB059,AB065,0,11,2,13
AB059,A717,0,11,1,12
AB059,AB131,0,11,1,12
AB059,AB045,0,11,3,14
AB059,A629,0,11,1,12
AB059,A301,0,11,2,13
AB059,AB046,0,11,2,12
AB059,A303,0,11,2,13
AB059,AB009,0,11,4,15
AB059,A651,0,11,1,12
AB059,AB017,0,11,3,14
AB059,AB058,0,11,2,13
AB059,AB040,0,11,2,13
AB059,N800,0,11,1,12
AB059,A335,0,11,1,12
AB059,A306,0,11,1,12
AB059,AB020,0,11,1,12
AB059,AB080,0,11,4,15
AB059,AB030,0,11,1,12
AB059,A640,0,11,1,12
AB059,A501,0,11,1,12
AB059,A411,0,11,2,13
AB059,AB043,0,11,1,12
AB059,A328,0,11,1,12
AB059,A356,0,11,1,12
AB059,A357,0,11,1,12
AB059,A320,0,11,1,12
AB059,A359,0,11,1,12
AB059,A360,0,11,1,12
AB059,A314,0,11,1,12
AB059,AB005,0,11,1,12
AB059,A309,0,11,3,12
AB059,AB013,0,11,2,13
AB008 AB065,AB008 AB080,1,2,3,5
AB008 AB065,AB008 AB028,1,2,1,3
AB008 AB065,A327 AB065,0,2,1,3
AB008 AB065,AB008 AB006,1,2,2,4
AB008 AB065,AB008 AB009,1,2,3,5
AB008 AB065,AB008 AB051,1,2,9,11
AB008 AB065,AB008 AB053,1,2,3,4
AB008 AB065,AB008 AB026,1,2,1,3
AB008 AB065,AB077 AB065,0,2,1,3
AB008 AB065,AB008 AB041,1,2,1,3
AB008 AB065,AB008 AB073,1,2,2,4
AB008 AB065,AB008 AB059,1,2,1,3
AB008 AB065,AB008 A301,1,2,1,3
AB008 AB065,AB008 AB057,1,2,2,4
AB008 AB065,AB008 AB039,1,2,1,3
AB008 AB065,AB008 AB056,1,2,1,3
AB008 AB065,AB008 AB001,1,2,1,3
AB008 AB065,AB008 AB045,1,2,1,3
AB008 AB065,AB051 AB065,0,2,1,3
AB008 AB065,AB010 AB065,0,2,1,3
AB008 AB065,AB080 AB065,0,2,1,3
AB027,AB010,0,8,5,12
AB027,AB053,0,8,2,10
AB027,AB002,0,8,10,18
AB027,AB077,0,8,8,16
AB027,AB001,0,8,2,9
AB027,AB073,0,8,3,11
AB027,AB026,0,8,6,14
AB027,AB086,0,8,5,13
AB027,AB003,0,8,4,12
AB027,AB007,0,8,4,11
AB027,AB051,0,8,4,12
AB027,A308,0,8,1,9
AB027,AB188,0,8,1,9
AB027,AB039,0,8,2,10
AB027,AB024,0,8,5,13
AB027,A579,0,8,1,9
AB027,AB076,0,8,1,9
AB027,AB066,0,8,2,10
AB027,AB061,0,8,2,10
AB027,AB078,0,8,6,14
AB027,AB060,0,8,7,15
AB027,AB037,0,8,4,11
AB027,AB041,0,8,13,19
AB027,AB023,0,8,1,9
AB027,AB050,0,8,2,10
AB027,AB057,0,8,7,14
AB027,AB028,0,8,7,15
AB027,A307,0,8,1,9
AB027,AB069,0,8,7,15
AB027,AB004,0,8,6,14
AB027,AB031,0,8,1,9
AB027,AB100,0,8,1,9
AB027,AB070,0,8,1,9
AB027,AB055,0,8,2,10
AB027,AB079,0,8,3,11
AB027,AB065,0,8,2,10
AB027,A717,0,8,1,9
AB027,AB131,0,8,1,9
AB027,AB045,0,8,3,11
AB027,A629,0,8,1,9
AB027,A301,0,8,2,10
AB027,AB046,0,8,2,10
AB027,A303,0,8,2,10
AB027,AB009,0,8,4,12
AB027,A651,0,8,1,9
AB027,AB017,0,8,3,11
AB027,AB058,0,8,2,10
AB027,AB040,0,8,2,10
AB027,N800,0,8,1,9
AB027,A335,0,8,1,9
AB027,A306,0,8,1,9
AB027,AB020,0,8,1,9
AB027,AB080,0,8,4,12
AB027,AB030,0,8,1,9
AB027,A640,0,8,1,9
AB027,A501,0,8,1,9
AB027,A411,0,8,2,10
AB027,AB043,0,8,1,9
AB027,A328,0,8,1,9
AB027,A356,0,8,1,9
AB027,A357,0,8,1,9
AB027,A320,0,8,1,9
AB027,A359,0,8,1,9
AB027,A360,0,8,1,9
AB027,A314,0,8,1,9
AB027,AB005,0,8,1,9
AB027,A309,0,8,3,9
AB027,AB013,0,8,2,10
AB010,AB053,0,5,2,7
AB010,AB002,0,5,10,15
AB010,AB077,0,5,8,12
AB010,AB001,0,5,2,7
AB010,AB073,0,5,3,8
AB010,AB026,0,5,6,11
AB010,AB086,0,5,5,10
AB010,AB003,0,5,4,9
AB010,AB007,0,5,4,9
AB010,AB051,0,5,4,8
AB010,A308,0,5,1,6
AB010,AB188,0,5,1,6
AB010,AB039,0,5,2,5
AB010,AB024,0,5,5,10
AB010,A579,0,5,1,6
AB010,AB076,0,5,1,6
AB010,AB066,0,5,2,7
AB010,AB061,0,5,2,7
AB010,AB078,0,5,6,11
AB010,AB060,0,5,7,12
AB010,AB037,0,5,4,8
AB010,AB041,0,5,13,16
AB010,AB023,0,5,1,6
AB010,AB050,0,5,2,7
AB010,AB057,0,5,7,11
AB010,AB028,0,5,7,12
AB010,A307,0,5,1,6
AB010,AB069,0,5,7,12
AB010,AB004,0,5,6,11
AB010,AB031,0,5,1,5
AB010,AB100,0,5,1,6
AB010,AB070,0,5,1,6
AB010,AB055,0,5,2,7
AB010,AB079,0,5,3,8
AB010,AB065,0,5,2,7
AB010,A717,0,5,1,6
AB010,AB131,0,5,1,6
AB010,AB045,0,5,3,8
AB010,A629,0,5,1,6
AB010,A301,0,5,2,7
AB010,AB046,0,5,2,7
AB010,A303,0,5,2,7
AB010,AB009,0,5,4,9
AB010,A651,0,5,1,6
AB010,AB017,0,5,3,8
AB010,AB058,0,5,2,7
AB010,AB040,0,5,2,7
AB010,N800,0,5,1,6
AB010,A335,0,5,1,6
AB010,A306,0,5,1,6
AB010,AB020,0,5,1,6
AB010,AB080,0,5,4,9
AB010,AB030,0,5,1,6
AB010,A640,0,5,1,6
AB010,A501,0,5,1,6
AB010,A411,0,5,2,7
AB010,AB043,0,5,1,6
AB010,A328,0,5,1,6
AB010,A356,0,5,1,6
AB010,A357,0,5,1,6
AB010,A320,0,5,1,6
AB010,A359,0,5,1,6
AB010,A360,0,5,1,6
AB010,A314,0,5,1,6
AB010,AB005,0,5,1,6
AB010,A309,0,5,3,6
AB010,AB013,0,5,2,7
AB045 AB073,AB045 AB055,1,1,1,2
AB045 AB073,AB006 AB073,0,1,1,2
AB045 AB073,AB059 AB073,0,1,1,2
AB045 AB073,AB045 AB007,1,1,1,2
AB045 AB073,AB008 AB073,0,1,2,3
AB045 AB073,AB030 AB073,0,1,1,2
AB045 AB073,AB003 AB073,0,1,1,2
AB045 AB073,AB038 AB073,0,1,1,2
AB045 AB073,AB118 AB073,0,1,1,2
AB045 AB073,AB061 AB073,0,1,1,2
AB028 AB047,AB028 AB077,1,1,2,3
AB028 AB047,AB028 AB037,1,1,2,3
AB028 AB047,AB028 A308,1,1,1,2
AB028 AB047,AB028 AB076,1,1,8,9
AB028 AB047,AB003 AB047,0,1,1,2
AB028 AB047,AB028 A331,1,1,1,2
AB028 AB047,AB028 AB041,1,1,1,2
AB028 AB047,AB028 AB057,1,1,1,2
AB028 AB047,AB028 AB045,1,1,1,2
AB028 AB047,AB028 AB001,1,1,2,3
AB028 AB047,AB028 AB009,1,1,2,2
AB028 AB047,AB028 AB080,1,1,1,2
AB008 AB067 AB002,AB008 AB001 AB002,1,1,1,2
AB008 AB001 AB002,AB067 AB001 AB002,0,1,2,3
AB001 AB006 AB069,AB001 AB006 AB041,2,1,1,2
AB001 AB006 AB069,AB003 AB006 AB069,0,1,1,2
AB053,AB002,0,2,10,12
AB053,AB077,0,2,8,10
AB053,AB001,0,2,2,4
AB053,AB073,0,2,3,5
AB053,AB026,0,2,6,8
AB053,AB086,0,2,5,7
AB053,AB003,0,2,4,6
AB053,AB007,0,2,4,6
AB053,AB051,0,2,4,6
AB053,A308,0,2,1,3
AB053,AB188,0,2,1,3
AB053,AB039,0,2,2,4
AB053,AB024,0,2,5,7
AB053,A579,0,2,1,3
AB053,AB076,0,2,1,3
AB053,AB066,0,2,2,4
AB053,AB061,0,2,2,4
AB053,AB078,0,2,6,8
AB053,AB060,0,2,7,9
AB053,AB037,0,2,4,5
AB053,AB041,0,2,13,13
AB053,AB023,0,2,1,3
AB053,AB050,0,2,2,4
AB053,AB057,0,2,7,8
AB053,AB028,0,2,7,9
AB053,A307,0,2,1,3
AB053,AB069,0,2,7,9
AB053,AB004,0,2,6,8
AB053,AB031,0,2,1,3
AB053,AB100,0,2,1,3
AB053,AB070,0,2,1,3
AB053,AB055,0,2,2,4
AB053,AB079,0,2,3,5
AB053,AB065,0,2,2,4
AB053,A717,0,2,1,3
AB053,AB131,0,2,1,3
AB053,AB045,0,2,3,5
AB053,A629,0,2,1,3
AB053,A301,0,2,2,4
AB053,AB046,0,2,2,4
AB053,A303,0,2,2,4
AB053,AB009,0,2,4,6
AB053,A651,0,2,1,3
AB053,AB017,0,2,3,5
AB053,AB058,0,2,2,4
AB053,AB040,0,2,2,4
AB053,N800,0,2,1,3
AB053,A335,0,2,1,3
AB053,A306,0,2,1,3
AB053,AB020,0,2,1,3
AB053,AB080,0,2,4,6
AB053,AB030,0,2,1,3
AB053,A640,0,2,1,3
AB053,A501,0,2,1,3
AB053,A411,0,2,2,4
AB053,AB043,0,2,1,3
AB053,A328,0,2,1,3
AB053,A356,0,2,1,3
AB053,A357,0,2,1,3
AB053,A320,0,2,1,3
AB053,A359,0,2,1,3
AB053,A360,0,2,1,3
AB053,A314,0,2,1,3
AB053,AB005,0,2,1,3
AB053,A309,0,2,3,3
AB053,AB013,0,2,2,4
AB002,AB077,0,10,8,17
AB002,AB001,0,10,2,12
AB002,AB073,0,10,3,13
AB002,AB026,0,10,6,16
AB002,AB086,0,10,5,15
AB002,AB003,0,10,4,14
AB002,AB007,0,10,4,14
AB002,AB051,0,10,4,14
AB002,A308,0,10,1,11
AB002,AB188,0,10,1,11
AB002,AB039,0,10,2,12
AB002,AB024,0,10,5,15
AB002,A579,0,10,1,11
AB002,AB076,0,10,1,10
AB002,AB066,0,10,2,12
AB002,AB061,0,10,2,12
AB002,AB078,0,10,6,16
AB002,AB060,0,10,7,17
AB002,AB037,0,10,4,13
AB002,AB041,0,10,13,21
AB002,AB023,0,10,1,11
AB002,AB050,0,10,2,12
AB002,AB057,0,10,7,16
AB002,AB028,0,10,7,17
AB002,A307,0,10,1,11
AB002,AB069,0,10,7,17
AB002,AB004,0,10,6,16
AB002,AB031,0,10,1,11
AB002,AB100,0,10,1,11
AB002,AB070,0,10,1,11
AB002,AB055,0,10,2,12
AB002,AB079,0,10,3,13
AB002,AB065,0,10,2,12
AB002,A717,0,10,1,11
AB002,AB131,0,10,1,11
AB002,AB045,0,10,3,12
AB002,A629,0,10,1,11
AB002,A301,0,10,2,12
AB002,AB046,0,10,2,12
AB002,A303,0,10,2,12
AB002,AB009,0,10,4,14
AB002,A651,0,10,1,11
AB002,AB017,0,10,3,13
AB002,AB058,0,10,2,12
AB002,AB040,0,10,2,12
AB002,N800,0,10,1,11
AB002,A335,0,10,1,11
AB002,A306,0,10,1,11
AB002,AB020,0,10,1,11
AB002,AB080,0,10,4,14
AB002,AB030,0,10,1,11
AB002,A640,0,10,1,11
AB002,A501,0,10,1,11
AB002,A411,0,10,2,12
AB002,AB043,0,10,1,11
AB002,A328,0,10,1,11
AB002,A356,0,10,1,11
AB002,A357,0,10,1,11
AB002,A320,0,10,1,11
AB002,A359,0,10,1,11
AB002,A360,0,10,1,11
AB002,A314,0,10,1,11
AB002,AB005,0,10,1,11
AB002,A309,0,10,3,11
AB002,AB013,0,10,2,12
AB077,AB001,0,8,2,10
AB077,AB073,0,8,3,11
AB077,AB026,0,8,6,14
AB077,AB086,0,8,5,13
AB077,AB003,0,8,4,12
AB077,AB007,0,8,4,12
AB077,AB051,0,8,4,11
AB077,A308,0,8,1,9
AB077,AB188,0,8,1,9
AB077,AB039,0,8,2,9
AB077,AB024,0,8,5,13
AB077,A579,0,8,1,9
AB077,AB076,0,8,1,9
AB077,AB066,0,8,2,10
AB077,AB061,0,8,2,10
AB077,AB078,0,8,6,14
AB077,AB060,0,8,7,15
AB077,AB037,0,8,4,11
AB077,AB041,0,8,13,19
AB077,AB023,0,8,1,9
AB077,AB050,0,8,2,9
AB077,AB057,0,8,7,14
AB077,AB028,0,8,7,13
AB077,A307,0,8,1,9
AB077,AB069,0,8,7,14
AB077,AB004,0,8,6,14
AB077,AB031,0,8,1,9
AB077,AB100,0,8,1,9
AB077,AB070,0,8,1,9
AB077,AB055,0,8,2,10
AB077,AB079,0,8,3,10
AB077,AB065,0,8,2,10
AB077,A717,0,8,1,9
AB077,AB131,0,8,1,9
AB077,AB045,0,8,3,11
AB077,A629,0,8,1,9
AB077,A301,0,8,2,10
AB077,AB046,0,8,2,10
AB077,A303,0,8,2,10
AB077,AB009,0,8,4,12
AB077,A651,0,8,1,9
AB077,AB017,0,8,3,11
AB077,AB058,0,8,2,10
AB077,AB040,0,8,2,10
AB077,N800,0,8,1,9
AB077,A335,0,8,1,9
AB077,A306,0,8,1,9
AB077,AB020,0,8,1,9
AB077,AB080,0,8,4,12
AB077,AB030,0,8,1,9
AB077,A640,0,8,1,9
AB077,A501,0,8,1,9
AB077,A411,0,8,2,10
AB077,AB043,0,8,1,9
AB077,A328,0,8,1,9
AB077,A356,0,8,1,9
AB077,A357,0,8,1,9
AB077,A320,0,8,1,9
AB077,A359,0,8,1,9
AB077,A360,0,8,1,9
AB077,A314,0,8,1,9
AB077,AB005,0,8,1,9
AB077,A309,0,8,3,9
AB077,AB013,0,8,2,10
AB041 AB004,AB041 AB051,1,2,1,3
AB041 AB004,AB041 A516,1,2,1,3
AB041 AB004,AB041 AB060,1,2,1,3
AB041 AB004,AB041 AB026,1,2,1,3
AB041 AB004,AB041 AB100,1,2,1,3
AB041 AB004,AB041 AB077,1,2,5,7
AB041 AB004,AB041 AB069,1,2,2,4
AB041 AB004,AB041 AB050,1,2,1,3
AB041 AB004,AB041 AB006,1,2,1,3
AB041 AB004,AB041 AB067,1,2,1,3
AB041 AB004,AB060 AB004,0,2,1,3
AB041 AB004,AB004 AB004,0,2,1,3
AB041 AB002 AB003,AB001 AB002 AB003,0,1,1,2
AB081 AB009,AB081 AB002,1,1,34,32
AB081 AB009,AB081 AB003,1,1,5,6
AB081 AB009,AB081 AB059,1,1,1,2
AB081 AB009,AB081 AB001,1,1,1,2
AB081 AB009,AB008 AB009,0,1,3,4
AB081 AB009,AB003 AB009,0,1,2,3
AB081 AB009,AB081 A305,1,1,1,2
AB081 AB009,AB081 AB027,1,1,2,3
AB081 AB009,AB081 AB030,1,1,2,3
AB081 AB009,AB081 AB077,1,1,1,2
AB081 AB009,AB055 AB009,0,1,1,2
AB081 AB009,AB081 AB039,1,1,1,2
AB081 AB009,AB081 A321,1,1,1,2
AB081 AB009,AB081 AB060,1,1,1,2
AB081 AB009,AB039 AB009,0,1,1,2
AB081 AB009,AB028 AB009,0,1,2,2
AB001,AB073,0,2,3,5
AB001,AB026,0,2,6,7
AB001,AB086,0,2,5,7
AB001,AB003,0,2,4,6
AB001,AB007,0,2,4,6
AB001,AB051,0,2,4,6
AB001,A308,0,2,1,3
AB001,AB188,0,2,1,3
AB001,AB039,0,2,2,4
AB001,AB024,0,2,5,7
AB001,A579,0,2,1,3
AB001,AB076,0,2,1,3
AB001,AB066,0,2,2,4
AB001,AB061,0,2,2,4
AB001,AB078,0,2,6,8
AB001,AB060,0,2,7,9
AB001,AB037,0,2,4,5
AB001,AB041,0,2,13,13
AB001,AB023,0,2,1,3
AB001,AB050,0,2,2,4
AB001,AB057,0,2,7,8
AB001,AB028,0,2,7,9
AB001,A307,0,2,1,3
AB001,AB069,0,2,7,9
AB001,AB004,0,2,6,8
AB001,AB031,0,2,1,3
AB001,AB100,0,2,1,3
AB001,AB070,0,2,1,3
AB001,AB055,0,2,2,4
AB001,AB079,0,2,3,5
AB001,AB065,0,2,2,4
AB001,A717,0,2,1,3
AB001,AB131,0,2,1,3
AB001,AB045,0,2,3,5
AB001,A629,0,2,1,3
AB001,A301,0,2,2,4
AB001,AB046,0,2,2,4
AB001,A303,0,2,2,4
AB001,AB009,0,2,4,6
AB001,A651,0,2,1,3
AB001,AB017,0,2,3,5
AB001,AB058,0,2,2,4
AB001,AB040,0,2,2,4
AB001,N800,0,2,1,3
AB001,A335,0,2,1,3
AB001,A306,0,2,1,3
AB001,AB020,0,2,1,3
AB001,AB080,0,2,4,6
AB001,AB030,0,2,1,3
AB001,A640,0,2,1,3
AB001,A501,0,2,1,3
AB001,A411,0,2,2,4
AB001,AB043,0,2,1,3
AB001,A328,0,2,1,3
AB001,A356,0,2,1,3
AB001,A357,0,2,1,3
AB001,A320,0,2,1,3
AB001,A359,0,2,1,3
AB001,A360,0,2,1,3
AB001,A314,0,2,1,3
AB001,AB005,0,2,1,3
AB001,A309,0,2,3,3
AB001,AB013,0,2,2,4
AB009 AB041,AB080 AB041,0,1,1,2
AB009 AB041,AB008 AB041,0,1,1,2
AB009 AB041,AB007 AB041,0,1,1,2
AB009 AB041,AB009 A305,1,1,1,2
AB009 AB041,AB028 AB041,0,1,1,2
AB009 AB041,AB057 AB041,0,1,1,2
AB008 AB080,AB031 AB080,0,3,4,7
AB008 AB080,AB008 AB028,1,3,1,4
AB008 AB080,AB008 AB006,1,3,2,5
AB008 AB080,AB008 AB009,1,3,3,6
AB008 AB080,AB008 AB051,1,3,9,12
AB008 AB080,AB077 AB080,0,3,1,4
AB008 AB080,AB008 AB053,1,3,3,5
AB008 AB080,AB008 AB026,1,3,1,4
AB008 AB080,AB026 AB080,0,3,1,4
AB008 AB080,AB069 AB080,0,3,1,4
AB008 AB080,AB008 AB041,1,3,1,4
AB008 AB080,AB008 AB073,1,3,2,5
AB008 AB080,AB008 AB059,1,3,1,4
AB008 AB080,AB008 A301,1,3,1,4
AB008 AB080,AB008 AB057,1,3,2,5
AB008 AB080,AB008 AB039,1,3,1,4
AB008 AB080,AB008 AB056,1,3,1,4
AB008 AB080,AB008 AB001,1,3,1,4
AB008 AB080,AB008 AB045,1,3,1,4
AB008 AB080,AB028 AB080,0,3,1,4
AB078 AB076 AB010,AB078 AB076 AB057,2,2,1,3
AB067 AB002,AB081 AB002,0,16,34,38
AB067 AB002,AB067 AB060,1,16,2,14
AB067 AB002,AB031 AB002,0,16,4,16
AB067 AB002,AB067 AB001,1,16,1,13
AB067 AB002,AB067 A310,1,16,1,13
AB067 AB002,AB027 AB002,0,16,1,13
AB067 AB002,AB067 AB037,1,16,1,13
AB079 AB058,AB010 AB058,0,1,1,2
AB079 AB058,AB027 AB058,0,1,1,2
AB079 AB058,AB079 AB051,1,1,2,3
AB079 AB058,AB057 AB058,0,1,1,2
AB079 AB058,AB069 AB058,0,1,1,2
AB081 AB056 AB055,AB081 AB056 AB056,2,8,1,7
AB081 AB002,AB081 AB003,1,34,5,35
AB081 AB002,AB081 AB059,1,34,1,32
AB081 AB002,AB081 AB001,1,34,1,31
AB081 AB002,AB031 AB002,0,34,4,35
AB081 AB002,AB081 A305,1,34,1,31
AB081 AB002,AB081 AB027,1,34,2,32
AB081 AB002,AB081 AB030,1,34,2,33
AB081 AB002,AB027 AB002,0,34,1,32
AB081 AB002,AB081 AB077,1,34,1,32
AB081 AB002,AB081 AB039,1,34,1,32
AB081 AB002,AB081 A321,1,34,1,32
AB081 AB002,AB081 AB060,1,34,1,32
AB031 AB076,AB031 AB080,1,17,4,21
AB031 AB076,AB050 AB076,0,17,2,18
AB031 AB076,AB031 AB059,1,17,1,18
AB031 AB076,AB026 AB076,0,17,1,18
AB031 AB076,AB031 AB026,1,17,6,23
AB031 AB076,AB077 AB076,0,17,1,18
AB031 AB076,AB031 AB011,1,17,1,18
AB031 AB076,AB031 AB002,1,17,4,21
AB031 AB076,AB031 AB072,1,17,1,18
AB031 AB076,AB031 AB024,1,17,1,18
AB031 AB076,AB073 AB076,0,17,1,18
AB031 AB076,AB031 AB060,1,17,1,18
AB031 AB076,AB028 AB076,0,17,8,25
AB031 AB076,AB031 AB050,1,17,1,18
AB031 AB076,AB031 AB053,1,17,1,18
AB031 AB076,AB029 AB076,0,17,1,18
AB077 AB003,AB059 AB003,0,5,1,6
AB077 AB003,AB081 AB003,0,5,5,10
AB077 AB003,AB069 AB003,0,5,1,6
AB077 AB003,AB077 AB006,1,5,2,7
AB077 AB003,AB077 AB076,1,5,1,6
AB077 AB003,AB077 AB080,1,5,1,5
AB077 AB003,AB077 AB067,1,5,2,6
AB077 AB003,AB077 AB081,1,5,1,6
AB077 AB003,AB077 AB037,1,5,1,6
AB077 AB003,AB077 AB026,1,5,2,7
AB077 AB003,AB077 AB065,1,5,1,6
AB077 AB003,AB077 A305,1,5,1,6
AB077 AB003,AB077 AB031,1,5,1,6
AB077 AB003,AB077 AB046,1,5,1,6
AB077 AB003,AB077 AB016,1,5,1,6
AB077 AB003,AB058 AB003,0,5,1,6
AB077 AB003,AB077 AB007,1,5,2,7
AB077 AB003,AB057 AB003,0,5,1,6
AB056 AB030,AB026 AB030,0,2,1,3
AB056 AB030,AB037 AB030,0,2,1,3
AB056 AB030,AB081 AB030,0,2,2,4
AB056 AB030,AB056 AB188,1,2,1,3
AB056 AB030,A358 AB030,0,2,1,3
AB007 AB053 AB006,AB059 AB053 AB006,0,2,1,3
AB080 AB079,AB080 AB026,1,1,1,2
AB080 AB079,AB080 AB007,1,1,6,6
AB080 AB079,AB080 AB053,1,1,1,2
AB080 AB079,AB080 AB041,1,1,1,2
AB080 AB079,AB080 AB027,1,1,1,2
AB080 AB079,AB080 A321,1,1,1,2
AB080 AB079,AB004 AB079,0,1,1,2
AB080 AB079,AB080 AB017,1,1,1,2
AB080 AB079,AB080 AB065,1,1,1,2
AB028 AB077,AB073 AB077,0,2,1,3
AB028 AB077,AB118 AB077,0,2,1,3
AB028 AB077,AB028 AB037,1,2,2,4
AB028 AB077,AB028 A308,1,2,1,3
AB028 AB077,AB078 AB077,0,2,1,3
AB028 AB077,AB001 AB077,0,2,5,7
AB028 AB077,AB028 AB076,1,2,8,10
AB028 AB077,AB041 AB077,0,2,5,7
AB028 AB077,AB028 A331,1,2,1,3
AB028 AB077,AB028 AB041,1,2,1,3
AB028 AB077,AB081 AB077,0,2,1,3
AB028 AB077,AB028 AB057,1,2,1,3
AB028 AB077,AB051 AB077,0,2,1,3
AB028 AB077,AB038 AB077,0,2,1,3
AB028 AB077,AB028 AB045,1,2,1,3
AB028 AB077,AB028 AB001,1,2,2,4
AB028 AB077,AB028 AB009,1,2,2,3
AB028 AB077,AB028 AB080,1,2,1,3
AB010 AB066,AB010 AB037,1,1,1,2
AB010 AB066,AB010 AB058,1,1,1,2
AB010 AB066,AB010 AB049,1,1,2,3
AB010 AB066,A312 AB066,0,1,1,2
AB010 AB066,AB010 AB065,1,1,1,2
AB001 AB081 AB006,AB047 AB081 AB006,0,1,1,2
AB067 AB060,AB003 AB060,0,2,2,4
AB067 AB060,AB030 AB060,0,2,1,3
AB067 AB060,AB067 AB001,1,2,1,3
AB067 AB060,AB067 A310,1,2,1,3
AB067 AB060,AB041 AB060,0,2,1,3
AB067 AB060,AB031 AB060,0,2,1,3
AB067 AB060,AB065 AB060,0,2,1,3
AB067 AB060,AB059 AB060,0,2,1,3
AB067 AB060,AB067 AB037,1,2,1,3
AB067 AB060,AB057 AB060,0,2,1,3
AB067 AB060,AB051 AB060,0,2,1,3
AB067 AB060,AB001 AB060,0,2,1,3
AB067 AB060,AB081 AB060,0,2,1,3
AB059 AB003,AB081 AB003,0,1,5,6
AB059 AB003,AB069 AB003,0,1,1,2
AB059 AB003,AB059 AB037,1,1,2,3
AB059 AB003,AB059 AB073,1,1,1,2
AB059 AB003,AB059 AB060,1,1,1,2
AB059 AB003,AB059 AB057,1,1,1,2
AB059 AB003,AB059 AB010,1,1,1,2
AB059 AB003,AB059 AB059,1,1,1,2
AB059 AB003,AB058 AB003,0,1,1,2
AB059 AB003,AB059 AB044,1,1,1,2
AB059 AB003,AB057 AB003,0,1,1,2
AB028 AB051 AB037,AB028 AB051 AB040,2,1,1,2
AB007 AB006 AB002,AB007 AB006 AB010,2,1,5,5
AB076 AB037 AB065,AB016 AB037 AB065,0,1,1,2
AB008 AB060 AB065,AB008 AB060 AB069,2,1,1,2
AB081 AB030 AB058,AB081 AB030 AB004,2,4,1,5
AB031 AB080,AB031 AB059,1,4,1,5
AB031 AB080,AB031 AB026,1,4,6,10
AB031 AB080,AB077 AB080,0,4,1,5
AB031 AB080,AB031 AB011,1,4,1,5
AB031 AB080,AB031 AB002,1,4,4,8
AB031 AB080,AB031 AB072,1,4,1,5
AB031 AB080,AB031 AB024,1,4,1,5
AB031 AB080,AB031 AB060,1,4,1,5
AB031 AB080,AB026 AB080,0,4,1,5
AB031 AB080,AB069 AB080,0,4,1,5
AB031 AB080,AB031 AB050,1,4,1,5
AB031 AB080,AB031 AB053,1,4,1,5
AB031 AB080,AB028 AB080,0,4,1,5
AB001 AB027,AB001 AB028,1,6,2,8
AB001 AB027,AB001 AB013,1,6,3,9
AB001 AB027,AB001 AB067,1,6,1,7
AB001 AB027,AB055 AB027,0,6,1,7
AB001 AB027,AB058 AB027,0,6,1,7
AB001 AB027,AB081 AB027,0,6,2,8
AB001 AB027,AB003 AB027,0,6,1,7
AB001 AB027,AB080 AB027,0,6,1,7
AB001 AB027,AB001 AB056,1,6,1,7
AB001 AB027,AB001 AB017,1,6,1,7
AB001 AB027,AB001 AB077,1,6,5,11
AB001 AB027,AB001 AB060,1,6,1,7
AB001 AB027,AB073 AB027,0,6,1,7
AB010 A325 AB017,AB010 AB045 AB017,1,3,1,3
AB010 A325 AB017,AB008 A325 AB017,0,3,1,3
A305 AB026,AB080 AB026,0,1,1,2
A305 AB026,AB031 AB026,0,1,6,7
A305 AB026,AB070 AB026,0,1,1,2
A305 AB026,AB023 AB026,0,1,2,3
A305 AB026,AB008 AB026,0,1,1,2
A305 AB026,AB041 AB026,0,1,1,2
A305 AB026,AB077 AB026,0,1,2,3
AB013 AB017,AB027 AB017,0,2,3,5
AB013 AB017,AB001 AB017,0,2,1,3
AB013 AB017,AB080 AB017,0,2,1,3
AB013 AB017,AB003 AB017,0,2,1,3
AB010 AB037,AB010 AB058,1,1,1,2
AB010 AB037,AB010 AB049,1,1,2,3
AB010 AB037,AB028 AB037,0,1,2,3
AB010 AB037,AB059 AB037,0,1,2,3
AB010 AB037,AB073 AB037,0,1,1,2
AB010 AB037,AB077 AB037,0,1,1,2
AB010 AB037,AB078 AB037,0,1,1,2
AB010 AB037,AB055 AB037,0,1,2,3
AB010 AB037,AB061 AB037,0,1,1,2
AB010 AB037,AB067 AB037,0,1,1,2
AB010 AB037,AB027 AB037,0,1,1,2
AB010 AB037,AB051 AB037,0,1,1,2
AB010 AB037,AB057 AB037,0,1,1,2
AB010 AB037,AB010 AB065,1,1,1,2
A312 AB059,AB081 AB059,0,1,1,2
A312 AB059,AB031 AB059,0,1,1,2
A312 AB059,AB073 AB059,0,1,1,2
A312 AB059,AB008 AB059,0,1,1,2
A312 AB059,AB003 AB059,0,1,1,2
A312 AB059,AB059 AB059,0,1,1,2
A312 AB059,A312 AB066,1,1,1,2
AB077 AB031 AB026,AB077 AB011 AB026,1,1,1,2
AB059 AB006 AB037,AB059 AB006 AB004,2,4,1,5
AB081 AB003,AB069 AB003,0,5,1,6
AB081 AB003,AB081 AB059,1,5,1,6
AB081 AB003,AB081 AB001,1,5,1,6
AB081 AB003,AB081 A305,1,5,1,6
AB081 AB003,AB081 AB027,1,5,2,7
AB081 AB003,AB081 AB030,1,5,2,7
AB081 AB003,AB081 AB077,1,5,1,6
AB081 AB003,AB058 AB003,0,5,1,6
AB081 AB003,AB081 AB039,1,5,1,6
AB081 AB003,AB081 A321,1,5,1,6
AB081 AB003,AB081 AB060,1,5,1,6
AB081 AB003,AB057 AB003,0,5,1,6
AB069 AB003,AB069 AB080,1,1,1,2
AB069 AB003,AB069 AB058,1,1,1,2
AB069 AB003,AB058 AB003,0,1,1,2
AB069 AB003,AB057 AB003,0,1,1,2
AB060 AB053 AB045,AB003 AB053 AB045,0,1,1,2
AB040 AB031,AB039 AB031,0,1,2,3
AB040 AB031,AB037 AB031,0,1,1,2
AB040 AB031,AB040 AB051,1,1,1,2
AB040 AB031,AB026 AB031,0,1,1,2
AB040 AB031,AB077 AB031,0,1,1,2
AB040 AB031,AB057 AB031,0,1,1,2
AB040 AB031,AB040 AB057,1,1,1,2
AB073,AB026,0,3,6,9
AB073,AB086,0,3,5,8
AB073,AB003,0,3,4,7
AB073,AB007,0,3,4,7
AB073,AB051,0,3,4,7
AB073,A308,0,3,1,4
AB073,AB188,0,3,1,4
AB073,AB039,0,3,2,5
AB073,AB024,0,3,5,8
AB073,A579,0,3,1,4
AB073,AB076,0,3,1,4
AB073,AB066,0,3,2,5
AB073,AB061,0,3,2,5
AB073,AB078,0,3,6,9
AB073,AB060,0,3,7,10
AB073,AB037,0,3,4,6
AB073,AB041,0,3,13,14
AB073,AB023,0,3,1,4
AB073,AB050,0,3,2,5
AB073,AB057,0,3,7,9
AB073,AB028,0,3,7,10
AB073,A307,0,3,1,4
AB073,AB069,0,3,7,10
AB073,AB004,0,3,6,9
AB073,AB031,0,3,1,4
AB073,AB100,0,3,1,4
AB073,AB070,0,3,1,4
AB073,AB055,0,3,2,5
AB073,AB079,0,3,3,6
AB073,AB065,0,3,2,5
AB073,A717,0,3,1,4
AB073,AB131,0,3,1,4
AB073,AB045,0,3,3,6
AB073,A629,0,3,1,4
AB073,A301,0,3,2,5
AB073,AB046,0,3,2,5
AB073,A303,0,3,2,5
AB073,AB009,0,3,4,7
AB073,A651,0,3,1,4
AB073,AB017,0,3,3,6
AB073,AB058,0,3,2,5
AB073,AB040,0,3,2,5
AB073,N800,0,3,1,4
AB073,A335,0,3,1,4
AB073,A306,0,3,1,4
AB073,AB020,0,3,1,4
AB073,AB080,0,3,4,7
AB073,AB030,0,3,1,4
AB073,A640,0,3,1,4
AB073,A501,0,3,1,4
AB073,A411,0,3,2,5
AB073,AB043,0,3,1,4
AB073,A328,0,3,1,4
AB073,A356,0,3,1,4
AB073,A357,0,3,1,4
AB073,A320,0,3,1,4
AB073,A359,0,3,1,4
AB073,A360,0,3,1,4
AB073,A314,0,3,1,4
AB073,AB005,0,3,1,4
AB073,A309,0,3,3,4
AB073,AB013,0,3,2,5
AB067 AB053 AB066,AB067 AB027 AB066,1,2,1,3
AB067 AB053 AB066,AB067 AB053 AB041,2,2,1,3
AB003 AB060 AB024,AB003 AB053 AB024,1,2,1,3
AB003 AB060 AB024,AB003 AB059 AB024,1,2,2,4
AB026,AB086,0,6,5,11
AB026,AB003,0,6,4,10
AB026,AB007,0,6,4,10
AB026,AB051,0,6,4,10
AB026,A308,0,6,1,7
AB026,AB188,0,6,1,7
AB026,AB039,0,6,2,8
AB026,AB024,0,6,5,11
AB026,A579,0,6,1,7
AB026,AB076,0,6,1,7
AB026,AB066,0,6,2,8
AB026,AB061,0,6,2,8
AB026,AB078,0,6,6,12
AB026,AB060,0,6,7,13
AB026,AB037,0,6,4,9
AB026,AB041,0,6,13,17
AB026,AB023,0,6,1,7
AB026,AB050,0,6,2,8
AB026,AB057,0,6,7,12
AB026,AB028,0,6,7,13
AB026,A307,0,6,1,7
AB026,AB069,0,6,7,13
AB026,AB004,0,6,6,12
AB026,AB031,0,6,1,7
AB026,AB100,0,6,1,7
AB026,AB070,0,6,1,7
AB026,AB055,0,6,2,8
AB026,AB079,0,6,3,9
AB026,AB065,0,6,2,8
AB026,A717,0,6,1,7
AB026,AB131,0,6,1,7
AB026,AB045,0,6,3,9
AB026,A629,0,6,1,7
AB026,A301,0,6,2,8
AB026,AB046,0,6,2,8
AB026,A303,0,6,2,8
AB026,AB009,0,6,4,10
AB026,A651,0,6,1,7
AB026,AB017,0,6,3,9
AB026,AB058,0,6,2,8
AB026,AB040,0,6,2,8
AB026,N800,0,6,1,7
AB026,A335,0,6,1,7
AB026,A306,0,6,1,7
AB026,AB020,0,6,1,7
AB026,AB080,0,6,4,10
AB026,AB030,0,6,1,7
AB026,A640,0,6,1,7
AB026,A501,0,6,1,7
AB026,A411,0,6,2,8
AB026,AB043,0,6,1,7
AB026,A328,0,6,1,7
AB026,A356,0,6,1,7
AB026,A357,0,6,1,7
AB026,A320,0,6,1,7
AB026,A359,0,6,1,7
AB026,A360,0,6,1,7
AB026,A314,0,6,1,7
AB026,AB005,0,6,1,7
AB026,A309,0,6,3,7
AB026,AB013,0,6,2,8
AB055 AB040,AB055 AB027,1,1,1,2
AB055 AB040,AB055 AB037,1,1,2,3
AB055 AB040,AB055 AB009,1,1,1,2
AB055 AB040,AB057 AB040,0,1,1,2
AB081 AB026 AB080,AB053 AB026 AB080,0,1,1,2
AB081 AB026 AB080,AB081 AB026 AB081,2,1,1,2
AB008 AB028,AB100 AB028,0,1,2,3
AB008 AB028,AB001 AB028,0,1,2,3
AB008 AB028,AB008 AB006,1,1,2,3
AB008 AB028,AB008 AB009,1,1,3,4
AB008 AB028,AB008 AB051,1,1,9,10
AB008 AB028,AB008 AB053,1,1,3,3
AB008 AB028,AB008 AB026,1,1,1,2
AB008 AB028,AB008 AB041,1,1,1,2
AB008 AB028,AB008 AB073,1,1,2,3
AB008 AB028,AB008 AB059,1,1,1,2
AB008 AB028,AB008 A301,1,1,1,2
AB008 AB028,AB008 AB057,1,1,2,3
AB008 AB028,AB008 AB039,1,1,1,2
AB008 AB028,AB008 AB056,1,1,1,2
AB008 AB028,AB008 AB001,1,1,1,2
AB008 AB028,AB008 AB045,1,1,1,2
AB081 AB059,AB031 AB059,0,1,1,2
AB081 AB059,AB081 AB001,1,1,1,2
AB081 AB059,AB073 AB059,0,1,1,2
AB081 AB059,AB081 A305,1,1,1,2
AB081 AB059,AB081 AB027,1,1,2,3
AB081 AB059,AB081 AB030,1,1,2,3
AB081 AB059,AB008 AB059,0,1,1,2
AB081 AB059,AB003 AB059,0,1,1,2
AB081 AB059,AB059 AB059,0,1,1,2
AB081 AB059,AB081 AB077,1,1,1,2
AB081 AB059,AB081 AB039,1,1,1,2
AB081 AB059,AB081 A321,1,1,1,2
AB081 AB059,AB081 AB060,1,1,1,2
AB081 AB003 AB057,AB081 AB003 AB079,2,1,1,2
AB081 AB003 AB057,AB081 AB003 AB053,2,1,1,2
AB081 AB003 AB057,AB007 AB003 AB057,0,1,1,2
AB050 AB076,AB026 AB076,0,2,1,3
AB050 AB076,AB050 AB131,1,2,2,4
AB050 AB076,AB077 AB076,0,2,1,3
AB050 AB076,AB050 AB070,1,2,1,3
AB050 AB076,AB073 AB076,0,2,1,3
AB050 AB076,AB028 AB076,0,2,8,10
AB050 AB076,AB050 AB045,1,2,1,3
AB050 AB076,AB029 AB076,0,2,1,3
AB041 AB067 AB024,AB041 AB067 AB060,2,1,1,2
AB010 AB058,AB010 AB049,1,1,2,3
AB010 AB058,AB027 AB058,0,1,1,2
AB010 AB058,AB057 AB058,0,1,1,2
AB010 AB058,AB069 AB058,0,1,1,2
AB010 AB058,AB010 AB065,1,1,1,2
AB073 AB069,A306 AB069,0,2,4,6
AB073 AB069,AB073 AB059,1,2,1,3
AB073 AB069,AB004 AB069,0,2,3,5
AB073 AB069,AB073 AB077,1,2,1,2
AB073 AB069,AB073 AB001,1,2,1,3
AB073 AB069,AB078 AB069,0,2,1,3
AB073 AB069,AB027 AB069,0,2,1,3
AB073 AB069,AB073 AB076,1,2,1,3
AB073 AB069,AB073 AB037,1,2,1,3
AB073 AB069,AB021 AB069,0,2,1,3
AB073 AB069,AB041 AB069,0,2,2,4
AB073 AB069,AB073 AB006,1,2,1,3
AB073 AB069,AB073 AB027,1,2,1,3
AB080 AB026,AB080 AB007,1,1,6,6
AB080 AB026,AB031 AB026,0,1,6,7
AB080 AB026,AB080 AB053,1,1,1,2
AB080 AB026,AB070 AB026,0,1,1,2
AB080 AB026,AB023 AB026,0,1,2,3
AB080 AB026,AB008 AB026,0,1,1,2
AB080 AB026,AB080 AB041,1,1,1,2
AB080 AB026,AB080 AB027,1,1,1,2
AB080 AB026,AB041 AB026,0,1,1,2
AB080 AB026,AB080 A321,1,1,1,2
AB080 AB026,AB077 AB026,0,1,2,3
AB080 AB026,AB080 AB017,1,1,1,2
AB080 AB026,AB080 AB065,1,1,1,2
AB004 AB056 AB027,AB004 AB055 AB027,1,1,1,2
AB006 AB001 AB027,AB041 AB001 AB027,0,1,2,3
AB031 AB059,AB031 AB026,1,1,6,7
AB031 AB059,AB073 AB059,0,1,1,2
AB031 AB059,AB031 AB011,1,1,1,2
AB031 AB059,AB031 AB002,1,1,4,5
AB031 AB059,AB031 AB072,1,1,1,2
AB031 AB059,AB031 AB024,1,1,1,2
AB031 AB059,AB031 AB060,1,1,1,2
AB031 AB059,AB008 AB059,0,1,1,2
AB031 AB059,AB003 AB059,0,1,1,2
AB031 AB059,AB059 AB059,0,1,1,2
AB031 AB059,AB031 AB050,1,1,1,2
AB031 AB059,AB031 AB053,1,1,1,2
AB067 AB001 AB002,AB067 AB001 AB059,2,2,1,3
AB021 AB069 AB024,AB078 AB069 AB024,0,3,1,4
AB081 AB027 AB065,AB081 AB080 AB065,1,2,1,3
AB081 AB027 AB065,AB031 AB027 AB065,0,2,1,3
AB080 AB007,AB046 AB007,0,6,4,9
AB080 AB007,AB080 AB053,1,6,1,6
AB080 AB007,AB026 AB007,0,6,1,6
AB080 AB007,AB080 AB041,1,6,1,6
AB080 AB007,AB080 AB027,1,6,1,6
AB080 AB007,AB080 A321,1,6,1,6
AB080 AB007,AB045 AB007,0,6,1,6
AB080 AB007,AB057 AB007,0,6,1,6
AB080 AB007,AB080 AB017,1,6,1,6
AB080 AB007,AB077 AB007,0,6,2,7
AB080 AB007,AB007 AB007,0,6,1,6
AB080 AB007,AB080 AB065,1,6,1,6
AB016 AB016 AB026,AB016 AB016 AB001,2,3,1,4
AB008 AB053 AB058,AB008 AB053 AB003,2,1,1,2
AB008 AB053 AB058,AB008 AB053 AB057,2,1,1,2
AB053 AB026 AB080,AB053 AB058 AB080,1,1,1,2
AB070 AB057,AB070 AB026,1,1,1,2
AB070 AB057,AB003 AB057,0,1,1,2
AB070 AB057,AB053 AB057,0,1,1,2
AB070 AB057,AB051 AB057,0,1,1,2
AB070 AB057,AB059 AB057,0,1,1,2
AB070 AB057,AB008 AB057,0,1,2,3
AB070 AB057,AB026 AB057,0,1,1,2
AB070 AB057,AB028 AB057,0,1,1,2
AB070 AB057,AB040 AB057,0,1,1,2
AB057 A345,AB057 AB021,1,1,2,3
AB057 A345,AB057 AB058,1,1,1,2
AB057 A345,AB057 AB060,1,1,1,2
AB057 A345,AB057 AB078,1,1,1,2
AB057 A345,AB057 AB054,1,1,1,2
AB057 A345,AB057 AB041,1,1,1,2
AB057 A345,AB057 AB081,1,1,1,2
AB057 A345,AB057 A304,1,1,1,2
AB057 A345,AB057 AB031,1,1,1,2
AB057 A345,AB057 AB007,1,1,1,2
AB057 A345,AB057 AB037,1,1,1,2
AB057 A345,AB057 AB040,1,1,1,2
AB057 A345,AB057 AB067,1,1,1,2
AB057 A345,AB057 AB003,1,1,1,2
A306 AB069,AB004 AB069,0,4,3,7
A306 AB069,AB078 AB069,0,4,1,5
A306 AB069,AB027 AB069,0,4,1,5
A306 AB069,AB021 AB069,0,4,1,5
A306 AB069,AB041 AB069,0,4,2,6
A327 AB065,AB077 AB065,0,1,1,2
A327 AB065,AB051 AB065,0,1,1,2
A327 AB065,AB010 AB065,0,1,1,2
A327 AB065,AB080 AB065,0,1,1,2
AB008 AB026 AB060,AB008 AB079 AB060,1,1,1,2
AB077 AB002 AB006,AB077 AB002 AB056,2,1,1,2
A322 AB053,AB060 AB053,0,1,1,2
A322 AB053,AB080 AB053,0,1,1,2
A322 AB053,AB008 AB053,0,1,3,3
A322 AB053,AB004 AB053,0,1,2,3
A322 AB053,AB037 AB053,0,1,1,2
A322 AB053,AB051 AB053,0,1,1,2
A322 AB053,AB031 AB053,0,1,1,2
AB008 AB058 AB057,AB008 AB080 AB057,1,1,1,2
AB008 AB058 AB057,AB008 AB053 AB057,1,1,1,2
AB100 AB028,AB001 AB028,0,2,2,4
AB100 AB028,AB100 A329,1,2,1,3
AB045 AB055,AB045 AB007,1,1,1,2
AB045 AB055,AB039 AB055,0,1,1,2
AB026 AB076,AB077 AB076,0,1,1,2
AB026 AB076,AB026 AB007,1,1,1,2
AB026 AB076,AB026 AB030,1,1,1,2
AB026 AB076,AB073 AB076,0,1,1,2
AB026 AB076,AB026 AB080,1,1,1,2
AB026 AB076,AB026 AB031,1,1,1,2
AB026 AB076,AB028 AB076,0,1,8,9
AB026 AB076,AB026 AB006,1,1,1,2
AB026 AB076,AB026 AB057,1,1,1,2
AB026 AB076,AB026 AB039,1,1,1,2
AB026 AB076,AB029 AB076,0,1,1,2
AB086,AB003,0,5,4,9
AB086,AB007,0,5,4,9
AB086,AB051,0,5,4,9
AB086,A308,0,5,1,6
AB086,AB188,0,5,1,6
AB086,AB039,0,5,2,7
AB086,AB024,0,5,5,10
AB086,A579,0,5,1,6
AB086,AB076,0,5,1,6
AB086,AB066,0,5,2,7
AB086,AB061,0,5,2,7
AB086,AB078,0,5,6,11
AB086,AB060,0,5,7,12
AB086,AB037,0,5,4,8
AB086,AB041,0,5,13,16
AB086,AB023,0,5,1,6
AB086,AB050,0,5,2,7
AB086,AB057,0,5,7,11
AB086,AB028,0,5,7,12
AB086,A307,0,5,1,6
AB086,AB069,0,5,7,12
AB086,AB004,0,5,6,11
AB086,AB031,0,5,1,6
AB086,AB100,0,5,1,6
AB086,AB070,0,5,1,6
AB086,AB055,0,5,2,7
AB086,AB079,0,5,3,8
AB086,AB065,0,5,2,7
AB086,A717,0,5,1,6
AB086,AB131,0,5,1,6
AB086,AB045,0,5,3,8
AB086,A629,0,5,1,6
AB086,A301,0,5,2,7
AB086,AB046,0,5,2,7
AB086,A303,0,5,2,7
AB086,AB009,0,5,4,9
AB086,A651,0,5,1,6
AB086,AB017,0,5,3,8
AB086,AB058,0,5,2,7
AB086,AB040,0,5,2,7
AB086,N800,0,5,1,6
AB086,A335,0,5,1,6
AB086,A306,0,5,1,6
AB086,AB020,0,5,1,6
AB086,AB080,0,5,4,9
AB086,AB030,0,5,1,6
AB086,A640,0,5,1,6
AB086,A501,0,5,1,6
AB086,A411,0,5,2,7
AB086,AB043,0,5,1,6
AB086,A328,0,5,1,6
AB086,A356,0,5,1,6
AB086,A357,0,5,1,6
AB086,A320,0,5,1,6
AB086,A359,0,5,1,6
AB086,A360,0,5,1,6
AB086,A314,0,5,1,6
AB086,AB005,0,5,1,6
AB086,A309,0,5,3,6
AB086,AB013,0,5,2,7
AB026 AB079 AB006,AB081 AB079 AB006,0,1,1,2
AB031 AB078 AB053,AB031 A301 AB053,1,1,1,2
AB001 AB028,AB001 AB013,1,2,3,5
AB001 AB028,AB001 AB067,1,2,1,3
AB001 AB028,AB001 AB056,1,2,1,3
AB001 AB028,AB001 AB017,1,2,1,3
AB001 AB028,AB001 AB077,1,2,5,7
AB001 AB028,AB001 AB060,1,2,1,3
AB001 AB078 AB060,AB001 AB059 AB060,1,3,1,3
AB001 AB013,AB001 AB067,1,3,1,4
AB001 AB013,AB001 AB056,1,3,1,4
AB001 AB013,AB001 AB017,1,3,1,4
AB001 AB013,AB001 AB077,1,3,5,8
AB001 AB013,AB005 AB013,0,3,1,4
AB001 AB013,AB001 AB060,1,3,1,4
AB003 AB028 AB005,AB003 AB028 AB067,2,2,1,3
AB060 AB053,AB080 AB053,0,1,1,2
AB060 AB053,AB008 AB053,0,1,3,3
AB060 AB053,AB004 AB053,0,1,2,3
AB060 AB053,AB037 AB053,0,1,1,2
AB060 AB053,AB051 AB053,0,1,1,2
AB060 AB053,AB060 AB004,1,1,1,2
AB060 AB053,AB031 AB053,0,1,1,2
AB001 AB041 AB118,AB008 AB041 AB118,0,4,1,5
AB003,AB007,0,4,4,7
AB003,AB051,0,4,4,7
AB003,A308,0,4,1,5
AB003,AB188,0,4,1,5
AB003,AB039,0,4,2,6
AB003,AB024,0,4,5,9
AB003,A579,0,4,1,5
AB003,AB076,0,4,1,5
AB003,AB066,0,4,2,6
AB003,AB061,0,4,2,6
AB003,AB078,0,4,6,10
AB003,AB060,0,4,7,11
AB003,AB037,0,4,4,7
AB003,AB041,0,4,13,15
AB003,AB023,0,4,1,5
AB003,AB050,0,4,2,6
AB003,AB057,0,4,7,10
AB003,AB028,0,4,7,11
AB003,A307,0,4,1,5
AB003,AB069,0,4,7,11
AB003,AB004,0,4,6,8
AB003,AB031,0,4,1,5
AB003,AB100,0,4,1,5
AB003,AB070,0,4,1,5
AB003,AB055,0,4,2,6
AB003,AB079,0,4,3,7
AB003,AB065,0,4,2,6
AB003,A717,0,4,1,5
AB003,AB131,0,4,1,5
AB003,AB045,0,4,3,7
AB003,A629,0,4,1,5
AB003,A301,0,4,2,6
AB003,AB046,0,4,2,6
AB003,A303,0,4,2,6
AB003,AB009,0,4,4,8
AB003,A651,0,4,1,5
AB003,AB017,0,4,3,7
AB003,AB058,0,4,2,6
AB003,AB040,0,4,2,6
AB003,N800,0,4,1,5
AB003,A335,0,4,1,5
AB003,A306,0,4,1,5
AB003,AB020,0,4,1,5
AB003,AB080,0,4,4,7
AB003,AB030,0,4,1,5
AB003,A640,0,4,1,5
AB003,A501,0,4,1,5
AB003,A411,0,4,2,6
AB003,AB043,0,4,1,5
AB003,A328,0,4,1,5
AB003,A356,0,4,1,5
AB003,A357,0,4,1,5
AB003,A320,0,4,1,5
AB003,A359,0,4,1,5
AB003,A360,0,4,1,5
AB003,A314,0,4,1,5
AB003,AB005,0,4,1,5
AB003,A309,0,4,3,5
AB003,AB013,0,4,2,5
AB007,AB051,0,4,4,7
AB007,A308,0,4,1,5
AB007,AB188,0,4,1,5
AB007,AB039,0,4,2,6
AB007,AB024,0,4,5,9
AB007,A579,0,4,1,4
AB007,AB076,0,4,1,5
AB007,AB066,0,4,2,6
AB007,AB061,0,4,2,6
AB007,AB078,0,4,6,10
AB007,AB060,0,4,7,11
AB007,AB037,0,4,4,7
AB007,AB041,0,4,13,15
AB007,AB023,0,4,1,5
AB007,AB050,0,4,2,6
AB007,AB057,0,4,7,9
AB007,AB028,0,4,7,11
AB007,A307,0,4,1,5
AB007,AB069,0,4,7,11
AB007,AB004,0,4,6,10
AB007,AB031,0,4,1,5
AB007,AB100,0,4,1,5
AB007,AB070,0,4,1,5
AB007,AB055,0,4,2,6
AB007,AB079,0,4,3,7
AB007,AB065,0,4,2,6
AB007,A717,0,4,1,5
AB007,AB131,0,4,1,5
AB007,AB045,0,4,3,7
AB007,A629,0,4,1,5
AB007,A301,0,4,2,6
AB007,AB046,0,4,2,6
AB007,A303,0,4,2,6
AB007,AB009,0,4,4,8
AB007,A651,0,4,1,5
AB007,AB017,0,4,3,7
AB007,AB058,0,4,2,6
AB007,AB040,0,4,2,5
AB007,N800,0,4,1,5
AB007,A335,0,4,1,5
AB007,A306,0,4,1,5
AB007,AB020,0,4,1,5
AB007,AB080,0,4,4,8
AB007,AB030,0,4,1,5
AB007,A640,0,4,1,5
AB007,A501,0,4,1,5
AB007,A411,0,4,2,6
AB007,AB043,0,4,1,5
AB007,A328,0,4,1,5
AB007,A356,0,4,1,5
AB007,A357,0,4,1,5
AB007,A320,0,4,1,5
AB007,A359,0,4,1,5
AB007,A360,0,4,1,5
AB007,A314,0,4,1,5
AB007,AB005,0,4,1,5
AB007,A309,0,4,3,5
AB007,AB013,0,4,2,6
AB004 AB067,AB001 AB067,0,2,1,3
AB004 AB067,AB004 AB069,1,2,3,4
AB004 AB067,AB077 AB067,0,2,2,3
AB004 AB067,AB058 AB067,0,2,1,3
AB004 AB067,AB051 AB067,0,2,1,3
AB004 AB067,AB004 AB044,1,2,1,3
AB004 AB067,AB004 A301,1,2,2,4
AB004 AB067,AB004 AB053,1,2,2,4
AB004 AB067,AB006 AB067,0,2,1,3
AB004 AB067,AB016 AB067,0,2,1,3
AB004 AB067,AB004 AB079,1,2,1,3
AB004 AB067,AB041 AB067,0,2,1,3
AB004 AB067,AB004 AB123,1,2,1,3
AB004 AB067,AB004 AB004,1,2,1,3
AB004 AB067,AB057 AB067,0,2,1,3
AB004 AB067,AB007 AB067,0,2,1,3
A324 AB007 AB060,AB079 AB007 AB060,0,3,2,5
AB003 AB045,AB003 AB060,1,3,2,5
AB003 AB045,AB003 AB009,1,3,2,5
AB003 AB045,AB003 AB027,1,3,1,4
AB003 AB045,AB003 AB057,1,3,1,4
AB003 AB045,AB007 AB045,0,3,1,4
AB003 AB045,AB003 AB047,1,3,1,4
AB003 AB045,AB003 AB001,1,3,1,4
AB003 AB045,AB003 AB059,1,3,1,4
AB003 AB045,AB050 AB045,0,3,1,4
AB003 AB045,AB003 AB073,1,3,1,4
AB003 AB045,AB008 AB045,0,3,1,4
AB003 AB045,AB028 AB045,0,3,1,4
AB003 AB045,AB003 AB017,1,3,1,4
AB003 AB053 AB024,AB003 AB059 AB024,1,1,2,3
AB003 AB053 AB024,AB003 AB053 AB045,2,1,1,2
AB051,A308,0,4,1,5
AB051,AB188,0,4,1,4
AB051,AB039,0,4,2,5
AB051,AB024,0,4,5,9
AB051,A579,0,4,1,5
AB051,AB076,0,4,1,5
AB051,AB066,0,4,2,6
AB051,AB061,0,4,2,6
AB051,AB078,0,4,6,10
AB051,AB060,0,4,7,11
AB051,AB037,0,4,4,7
AB051,AB041,0,4,13,15
AB051,AB023,0,4,1,5
AB051,AB050,0,4,2,6
AB051,AB057,0,4,7,10
AB051,AB028,0,4,7,11
AB051,A307,0,4,1,5
AB051,AB069,0,4,7,11
AB051,AB004,0,4,6,10
AB051,AB031,0,4,1,5
AB051,AB100,0,4,1,5
AB051,AB070,0,4,1,5
AB051,AB055,0,4,2,6
AB051,AB079,0,4,3,7
AB051,AB065,0,4,2,6
AB051,A717,0,4,1,5
AB051,AB131,0,4,1,5
AB051,AB045,0,4,3,7
AB051,A629,0,4,1,5
AB051,A301,0,4,2,6
AB051,AB046,0,4,2,6
AB051,A303,0,4,2,6
AB051,AB009,0,4,4,8
AB051,A651,0,4,1,5
AB051,AB017,0,4,3,7
AB051,AB058,0,4,2,6
AB051,AB040,0,4,2,6
AB051,N800,0,4,1,5
AB051,A335,0,4,1,5
AB051,A306,0,4,1,5
AB051,AB020,0,4,1,5
AB051,AB080,0,4,4,8
AB051,AB030,0,4,1,5
AB051,A640,0,4,1,5
AB051,A501,0,4,1,5
AB051,A411,0,4,2,6
AB051,AB043,0,4,1,5
AB051,A328,0,4,1,5
AB051,A356,0,4,1,5
AB051,A357,0,4,1,5
AB051,A320,0,4,1,5
AB051,A359,0,4,1,5
AB051,A360,0,4,1,5
AB051,A314,0,4,1,5
AB051,AB005,0,4,1,5
AB051,A309,0,4,3,5
AB051,AB013,0,4,2,6
AB081 AB001,AB067 AB001,0,1,1,2
AB081 AB001,AB081 A305,1,1,1,2
AB081 AB001,AB073 AB001,0,1,1,2
AB081 AB001,AB081 AB027,1,1,2,3
AB081 AB001,AB081 AB030,1,1,2,3
AB081 AB001,AB003 AB001,0,1,1,2
AB081 AB001,AB081 AB077,1,1,1,2
AB081 AB001,AB008 AB001,0,1,1,2
AB081 AB001,AB081 AB039,1,1,1,2
AB081 AB001,AB081 A321,1,1,1,2
AB081 AB001,AB081 AB060,1,1,1,2
AB081 AB001,AB028 AB001,0,1,2,3
AB046 AB007,AB026 AB007,0,4,1,5
AB046 AB007,AB045 AB007,0,4,1,5
AB046 AB007,AB057 AB007,0,4,1,5
AB046 AB007,AB077 AB007,0,4,2,6
AB046 AB007,AB007 AB007,0,4,1,5
A308,AB188,0,1,1,2
A308,AB039,0,1,2,3
A308,AB024,0,1,5,6
A308,A579,0,1,1,2
A308,AB076,0,1,1,2
A308,AB066,0,1,2,3
A308,AB061,0,1,2,3
A308,AB078,0,1,6,7
A308,AB060,0,1,7,8
A308,AB037,0,1,4,4
A308,AB041,0,1,13,12
A308,AB023,0,1,1,2
A308,AB050,0,1,2,3
A308,AB057,0,1,7,7
A308,AB028,0,1,7,8
A308,A307,0,1,1,2
A308,AB069,0,1,7,8
A308,AB004,0,1,6,7
A308,AB031,0,1,1,2
A308,AB100,0,1,1,2
A308,AB070,0,1,1,2
A308,AB055,0,1,2,3
A308,AB079,0,1,3,4
A308,AB065,0,1,2,3
A308,A717,0,1,1,2
A308,AB131,0,1,1,2
A308,AB045,0,1,3,4
A308,A629,0,1,1,2
A308,A301,0,1,2,3
A308,AB046,0,1,2,3
A308,A303,0,1,2,3
A308,AB009,0,1,4,5
A308,A651,0,1,1,2
A308,AB017,0,1,3,4
A308,AB058,0,1,2,3
A308,AB040,0,1,2,3
A308,N800,0,1,1,2
A308,A335,0,1,1,2
A308,A306,0,1,1,2
A308,AB020,0,1,1,2
A308,AB080,0,1,4,5
A308,AB030,0,1,1,2
A308,A640,0,1,1,2
A308,A501,0,1,1,2
A308,A411,0,1,2,3
A308,AB043,0,1,1,2
A308,A328,0,1,1,2
A308,A356,0,1,1,2
A308,A357,0,1,1,2
A308,A320,0,1,1,2
A308,A359,0,1,1,2
A308,A360,0,1,1,2
A308,A314,0,1,1,2
A308,AB005,0,1,1,2
A308,A309,0,1,3,2
A308,AB013,0,1,2,3
AB050 AB131,AB050 AB070,1,2,1,3
AB050 AB131,AB050 AB045,1,2,1,3
AB031 AB026,AB031 AB011,1,6,1,7
AB031 AB026,AB031 AB002,1,6,4,10
AB031 AB026,AB070 AB026,0,6,1,7
AB031 AB026,AB031 AB072,1,6,1,7
AB031 AB026,AB023 AB026,0,6,2,8
AB031 AB026,AB008 AB026,0,6,1,7
AB031 AB026,AB031 AB024,1,6,1,7
AB031 AB026,AB041 AB026,0,6,1,7
AB031 AB026,AB031 AB060,1,6,1,7
AB031 AB026,AB077 AB026,0,6,2,8
AB031 AB026,AB031 AB050,1,6,1,7
AB031 AB026,AB031 AB053,1,6,1,7
AB001 AB067,AB077 AB067,0,1,2,2
AB001 AB067,AB058 AB067,0,1,1,2
AB001 AB067,AB051 AB067,0,1,1,2
AB001 AB067,AB001 AB056,1,1,1,2
AB001 AB067,AB001 AB017,1,1,1,2
AB001 AB067,AB001 AB077,1,1,5,6
AB001 AB067,AB006 AB067,0,1,1,2
AB001 AB067,AB016 AB067,0,1,1,2
AB001 AB067,AB001 AB060,1,1,1,2
AB001 AB067,AB041 AB067,0,1,1,2
AB001 AB067,AB057 AB067,0,1,1,2
AB001 AB067,AB007 AB067,0,1,1,2
AB037 AB001 AB059,AB037 AB030 AB059,1,1,1,2
AB037 AB001 AB059,AB067 AB001 AB059,0,1,1,2
AB039 AB031,AB037 AB031,0,2,1,3
AB039 AB031,AB026 AB031,0,2,1,3
AB039 AB031,AB077 AB031,0,2,1,3
AB039 AB031,AB039 AB055,1,2,1,3
AB039 AB031,AB057 AB031,0,2,1,3
AB039 AB031,AB039 AB061,1,2,1,3
AB039 AB031,AB039 AB023,1,2,1,3
AB039 AB031,AB039 AB009,1,2,1,3
AB188,AB039,0,1,2,3
AB188,AB024,0,1,5,6
AB188,A579,0,1,1,2
AB188,AB076,0,1,1,2
AB188,AB066,0,1,2,3
AB188,AB061,0,1,2,3
AB188,AB078,0,1,6,7
AB188,AB060,0,1,7,8
AB188,AB037,0,1,4,4
AB188,AB041,0,1,13,12
AB188,AB023,0,1,1,2
AB188,AB050,0,1,2,3
AB188,AB057,0,1,7,7
AB188,AB028,0,1,7,8
AB188,A307,0,1,1,2
AB188,AB069,0,1,7,8
AB188,AB004,0,1,6,7
AB188,AB031,0,1,1,2
AB188,AB100,0,1,1,2
AB188,AB070,0,1,1,2
AB188,AB055,0,1,2,3
AB188,AB079,0,1,3,4
AB188,AB065,0,1,2,3
AB188,A717,0,1,1,2
AB188,AB131,0,1,1,2
AB188,AB045,0,1,3,4
AB188,A629,0,1,1,2
AB188,A301,0,1,2,3
AB188,AB046,0,1,2,3
AB188,A303,0,1,2,3
AB188,AB009,0,1,4,5
AB188,A651,0,1,1,2
AB188,AB017,0,1,3,4
AB188,AB058,0,1,2,3
AB188,AB040,0,1,2,3
AB188,N800,0,1,1,2
AB188,A335,0,1,1,2
AB188,A306,0,1,1,2
AB188,AB020,0,1,1,2
AB188,AB080,0,1,4,5
AB188,AB030,0,1,1,2
AB188,A640,0,1,1,2
AB188,A501,0,1,1,2
AB188,A411,0,1,2,3
AB188,AB043,0,1,1,2
AB188,A328,0,1,1,2
AB188,A356,0,1,1,2
AB188,A357,0,1,1,2
AB188,A320,0,1,1,2
AB188,A359,0,1,1,2
AB188,A360,0,1,1,2
AB188,A314,0,1,1,2
AB188,AB005,0,1,1,2
AB188,A309,0,1,3,2
AB188,AB013,0,1,2,3
AB077 AB006,AB008 AB006,0,2,2,4
AB077 AB006,AB077 AB076,1,2,1,3
AB077 AB006,AB077 AB080,1,2,1,3
AB077 AB006,AB007 AB006,0,2,2,4
AB077 AB006,AB077 AB067,1,2,2,3
AB077 AB006,AB077 AB081,1,2,1,3
AB077 AB006,AB077 AB037,1,2,1,3
AB077 AB006,AB077 AB026,1,2,2,4
AB077 AB006,AB077 AB065,1,2,1,3
AB077 AB006,AB077 A305,1,2,1,3
AB077 AB006,AB077 AB031,1,2,1,3
AB077 AB006,AB041 AB006,0,2,1,3
AB077 AB006,A301 AB006,0,2,1,3
AB077 AB006,AB073 AB006,0,2,1,3
AB077 AB006,AB026 AB006,0,2,1,3
AB077 AB006,AB077 AB046,1,2,1,3
AB077 AB006,A320 AB006,0,2,1,3
AB077 AB006,AB077 AB016,1,2,1,3
AB077 AB006,AB077 AB007,1,2,2,4
AB041 AB051,AB008 AB051,0,1,9,10
AB041 AB051,AB041 A516,1,1,1,2
AB041 AB051,AB058 AB051,0,1,1,2
AB041 AB051,AB076 AB051,0,1,1,2
AB041 AB051,AB041 AB060,1,1,1,2
AB041 AB051,AB040 AB051,0,1,1,2
AB041 AB051,AB079 AB051,0,1,2,3
AB041 AB051,AB041 AB026,1,1,1,2
AB041 AB051,AB041 AB100,1,1,1,2
AB041 AB051,AB041 AB077,1,1,5,6
AB041 AB051,AB041 AB069,1,1,2,3
AB041 AB051,AB188 AB051,0,1,2,3
AB041 AB051,AB041 AB050,1,1,1,2
AB041 AB051,AB041 AB006,1,1,1,2
AB041 AB051,AB041 AB067,1,1,1,2
AB001 AB006 AB041,AB038 AB006 AB041,0,1,1,2
AB008 AB006,AB008 AB009,1,2,3,5
AB008 AB006,AB008 AB051,1,2,9,11
AB008 AB006,AB008 AB053,1,2,3,4
AB008 AB006,AB007 AB006,0,2,2,4
AB008 AB006,AB008 AB026,1,2,1,3
AB008 AB006,AB008 AB041,1,2,1,3
AB008 AB006,AB008 AB073,1,2,2,4
AB008 AB006,AB008 AB059,1,2,1,3
AB008 AB006,AB041 AB006,0,2,1,3
AB008 AB006,A301 AB006,0,2,1,3
AB008 AB006,AB008 A301,1,2,1,3
AB008 AB006,AB073 AB006,0,2,1,3
AB008 AB006,AB008 AB057,1,2,2,4
AB008 AB006,AB026 AB006,0,2,1,3
AB008 AB006,AB008 AB039,1,2,1,3
AB008 AB006,A320 AB006,0,2,1,3
AB008 AB006,AB008 AB056,1,2,1,3
AB008 AB006,AB008 AB001,1,2,1,3
AB008 AB006,AB008 AB045,1,2,1,3
AB010 AB049,AB010 AB065,1,2,1,3
AB039,AB024,0,2,5,7
AB039,A579,0,2,1,3
AB039,AB076,0,2,1,3
AB039,AB066,0,2,2,4
AB039,AB061,0,2,2,4
AB039,AB078,0,2,6,8
AB039,AB060,0,2,7,9
AB039,AB037,0,2,4,5
AB039,AB041,0,2,13,13
AB039,AB023,0,2,1,3
AB039,AB050,0,2,2,4
AB039,AB057,0,2,7,8
AB039,AB028,0,2,7,9
AB039,A307,0,2,1,3
AB039,AB069,0,2,7,9
AB039,AB004,0,2,6,8
AB039,AB031,0,2,1,3
AB039,AB100,0,2,1,3
AB039,AB070,0,2,1,3
AB039,AB055,0,2,2,4
AB039,AB079,0,2,3,5
AB039,AB065,0,2,2,4
AB039,A717,0,2,1,3
AB039,AB131,0,2,1,3
AB039,AB045,0,2,3,5
AB039,A629,0,2,1,3
AB039,A301,0,2,2,4
AB039,AB046,0,2,2,4
AB039,A303,0,2,2,4
AB039,AB009,0,2,4,6
AB039,A651,0,2,1,3
AB039,AB017,0,2,3,5
AB039,AB058,0,2,2,4
AB039,AB040,0,2,2,4
AB039,N800,0,2,1,3
AB039,A335,0,2,1,3
AB039,A306,0,2,1,3
AB039,AB020,0,2,1,3
AB039,AB080,0,2,4,6
AB039,AB030,0,2,1,3
AB039,A640,0,2,1,3
AB039,A501,0,2,1,3
AB039,A411,0,2,2,4
AB039,AB043,0,2,1,3
AB039,A328,0,2,1,3
AB039,A356,0,2,1,3
AB039,A357,0,2,1,3
AB039,A320,0,2,1,3
AB039,A359,0,2,1,3
AB039,A360,0,2,1,3
AB039,A314,0,2,1,3
AB039,AB005,0,2,1,3
AB039,A309,0,2,3,3
AB039,AB013,0,2,2,4
AB024,A579,0,5,1,6
AB024,AB076,0,5,1,6
AB024,AB066,0,5,2,7
AB024,AB061,0,5,2,7
AB024,AB078,0,5,6,11
AB024,AB060,0,5,7,12
AB024,AB037,0,5,4,8
AB024,AB041,0,5,13,16
AB024,AB023,0,5,1,6
AB024,AB050,0,5,2,7
AB024,AB057,0,5,7,11
AB024,AB028,0,5,7,12
AB024,A307,0,5,1,6
AB024,AB069,0,5,7,10
AB024,AB004,0,5,6,11
AB024,AB031,0,5,1,6
AB024,AB100,0,5,1,6
AB024,AB070,0,5,1,6
AB024,AB055,0,5,2,7
AB024,AB079,0,5,3,8
AB024,AB065,0,5,2,7
AB024,A717,0,5,1,6
AB024,AB131,0,5,1,6
AB024,AB045,0,5,3,8
AB024,A629,0,5,1,6
AB024,A301,0,5,2,7
AB024,AB046,0,5,2,7
AB024,A303,0,5,2,7
AB024,AB009,0,5,4,9
AB024,A651,0,5,1,6
AB024,AB017,0,5,3,8
AB024,AB058,0,5,2,7
AB024,AB040,0,5,2,7
AB024,N800,0,5,1,6
AB024,A335,0,5,1,6
AB024,A306,0,5,1,6
AB024,AB020,0,5,1,6
AB024,AB080,0,5,4,9
AB024,AB030,0,5,1,6
AB024,A640,0,5,1,6
AB024,A501,0,5,1,6
AB024,A411,0,5,2,7
AB024,AB043,0,5,1,6
AB024,A328,0,5,1,6
AB024,A356,0,5,1,6
AB024,A357,0,5,1,6
AB024,A320,0,5,1,6
AB024,A359,0,5,1,6
AB024,A360,0,5,1,6
AB024,A314,0,5,1,6
AB024,AB005,0,5,1,6
AB024,A309,0,5,3,6
AB024,AB013,0,5,2,7
AB003 AB060,AB003 AB009,1,2,2,4
AB003 AB060,AB030 AB060,0,2,1,3
AB003 AB060,AB003 AB027,1,2,1,3
AB003 AB060,AB003 AB057,1,2,1,3
AB003 AB060,AB041 AB060,0,2,1,3
AB003 AB060,AB031 AB060,0,2,1,3
AB003 AB060,AB065 AB060,0,2,1,3
AB003 AB060,AB059 AB060,0,2,1,3
AB003 AB060,AB003 AB047,1,2,1,3
AB003 AB060,AB003 AB001,1,2,1,3
AB003 AB060,AB003 AB059,1,2,1,3
AB003 AB060,AB057 AB060,0,2,1,3
AB003 AB060,AB051 AB060,0,2,1,3
AB003 AB060,AB001 AB060,0,2,1,3
AB003 AB060,AB003 AB073,1,2,1,3
AB003 AB060,AB081 AB060,0,2,1,3
AB003 AB060,AB003 AB017,1,2,1,3
AB073 AB059,AB073 AB077,1,1,1,2
AB073 AB059,AB073 AB001,1,1,1,2
AB073 AB059,AB073 AB076,1,1,1,2
AB073 AB059,AB073 AB037,1,1,1,2
AB073 AB059,AB008 AB059,0,1,1,2
AB073 AB059,AB073 AB006,1,1,1,2
AB073 AB059,AB003 AB059,0,1,1,2
AB073 AB059,AB059 AB059,0,1,1,2
AB073 AB059,AB073 AB027,1,1,1,2
A579,AB076,0,1,1,2
A579,AB066,0,1,2,3
A579,AB061,0,1,2,3
A579,AB078,0,1,6,7
A579,AB060,0,1,7,8
A579,AB037,0,1,4,4
A579,AB041,0,1,13,12
A579,AB023,0,1,1,2
A579,AB050,0,1,2,3
A579,AB057,0,1,7,7
A579,AB028,0,1,7,8
A579,A307,0,1,1,2
A579,AB069,0,1,7,8
A579,AB004,0,1,6,7
A579,AB031,0,1,1,2
A579,AB100,0,1,1,2
A579,AB070,0,1,1,2
A579,AB055,0,1,2,3
A579,AB079,0,1,3,4
A579,AB065,0,1,2,3
A579,A717,0,1,1,2
A579,AB131,0,1,1,2
A579,AB045,0,1,3,4
A579,A629,0,1,1,2
A579,A301,0,1,2,3
A579,AB046,0,1,2,3
A579,A303,0,1,2,3
A579,AB009,0,1,4,5
A579,A651,0,1,1,2
A579,AB017,0,1,3,4
A579,AB058,0,1,2,3
A579,AB040,0,1,2,3
A579,N800,0,1,1,2
A579,A335,0,1,1,2
A579,A306,0,1,1,2
A579,AB020,0,1,1,2
A579,AB080,0,1,4,5
A579,AB030,0,1,1,2
A579,A640,0,1,1,2
A579,A501,0,1,1,2
A579,A411,0,1,2,3
A579,AB043,0,1,1,2
A579,A328,0,1,1,2
A579,A356,0,1,1,2
A579,A357,0,1,1,2
A579,A320,0,1,1,2
A579,A359,0,1,1,2
A579,A360,0,1,1,2
A579,A314,0,1,1,2
A579,AB005,0,1,1,2
A579,A309,0,1,3,2
A579,AB013,0,1,2,3
AB080 AB053,AB008 AB053,0,1,3,3
AB080 AB053,AB080 AB041,1,1,1,2
AB080 AB053,AB080 AB027,1,1,1,2
AB080 AB053,AB080 A321,1,1,1,2
AB080 AB053,AB004 AB053,0,1,2,3
AB080 AB053,AB037 AB053,0,1,1,2
AB080 AB053,AB051 AB053,0,1,1,2
AB080 AB053,AB080 AB017,1,1,1,2
AB080 AB053,AB031 AB053,0,1,1,2
AB080 AB053,AB080 AB065,1,1,1,2
AB027 AB017,AB027 AB058,1,3,1,4
AB027 AB017,AB027 AB069,1,3,1,4
AB027 AB017,AB001 AB017,0,3,1,4
AB027 AB017,AB027 AB002,1,3,1,4
AB027 AB017,AB027 AB037,1,3,1,4
AB027 AB017,AB080 AB017,0,3,1,4
AB027 AB017,AB003 AB017,0,3,1,4
AB004 AB069,AB078 AB069,0,3,1,4
AB004 AB069,AB027 AB069,0,3,1,4
AB004 AB069,AB004 AB044,1,3,1,4
AB004 AB069,AB004 A301,1,3,2,5
AB004 AB069,AB004 AB053,1,3,2,5
AB004 AB069,AB021 AB069,0,3,1,4
AB004 AB069,AB041 AB069,0,3,2,5
AB004 AB069,AB004 AB079,1,3,1,4
AB004 AB069,AB004 AB123,1,3,1,4
AB004 AB069,AB004 AB004,1,3,1,4
AB081 AB079 AB030,AB081 AB079 AB006,2,2,1,3
AB076,AB066,0,1,2,3
AB076,AB061,0,1,2,3
AB076,AB078,0,1,6,7
AB076,AB060,0,1,7,8
AB076,AB037,0,1,4,4
AB076,AB041,0,1,13,12
AB076,AB023,0,1,1,2
AB076,AB050,0,1,2,3
AB076,AB057,0,1,7,7
AB076,AB028,0,1,7,8
AB076,A307,0,1,1,2
AB076,AB069,0,1,7,8
AB076,AB004,0,1,6,7
AB076,AB031,0,1,1,2
AB076,AB100,0,1,1,2
AB076,AB070,0,1,1,2
AB076,AB055,0,1,2,3
AB076,AB079,0,1,3,4
AB076,AB065,0,1,2,3
AB076,A717,0,1,1,2
AB076,AB131,0,1,1,2
AB076,AB045,0,1,3,4
AB076,A629,0,1,1,2
AB076,A301,0,1,2,3
AB076,AB046,0,1,2,3
AB076,A303,0,1,2,3
AB076,AB009,0,1,4,5
AB076,A651,0,1,1,2
AB076,AB017,0,1,3,4
AB076,AB058,0,1,2,3
AB076,AB040,0,1,2,3
AB076,N800,0,1,1,2
AB076,A335,0,1,1,2
AB076,A306,0,1,1,2
AB076,AB020,0,1,1,2
AB076,AB080,0,1,4,5
AB076,AB030,0,1,1,2
AB076,A640,0,1,1,2
AB076,A501,0,1,1,2
AB076,A411,0,1,2,3
AB076,AB043,0,1,1,2
AB076,A328,0,1,1,2
AB076,A356,0,1,1,2
AB076,A357,0,1,1,2
AB076,A320,0,1,1,2
AB076,A359,0,1,1,2
AB076,A360,0,1,1,2
AB076,A314,0,1,1,2
AB076,AB005,0,1,1,2
AB076,A309,0,1,3,2
AB076,AB013,0,1,2,3
AB008 AB009,AB008 AB051,1,3,9,12
AB008 AB009,AB008 AB053,1,3,3,5
AB008 AB009,AB003 AB009,0,3,2,5
AB008 AB009,AB008 AB026,1,3,1,4
AB008 AB009,AB008 AB041,1,3,1,4
AB008 AB009,AB008 AB073,1,3,2,5
AB008 AB009,AB008 AB059,1,3,1,4
AB008 AB009,AB008 A301,1,3,1,4
AB008 AB009,AB008 AB057,1,3,2,5
AB008 AB009,AB055 AB009,0,3,1,4
AB008 AB009,AB008 AB039,1,3,1,4
AB008 AB009,AB008 AB056,1,3,1,4
AB008 AB009,AB008 AB001,1,3,1,4
AB008 AB009,AB008 AB045,1,3,1,4
AB008 AB009,AB039 AB009,0,3,1,4
AB008 AB009,AB028 AB009,0,3,2,4
AB008 AB051,AB008 AB053,1,9,3,11
AB008 AB051,AB058 AB051,0,9,1,10
AB008 AB051,AB076 AB051,0,9,1,10
AB008 AB051,AB008 AB026,1,9,1,10
AB008 AB051,AB040 AB051,0,9,1,10
AB008 AB051,AB079 AB051,0,9,2,11
AB008 AB051,AB008 AB041,1,9,1,10
AB008 AB051,AB188 AB051,0,9,2,11
AB008 AB051,AB008 AB073,1,9,2,11
AB008 AB051,AB008 AB059,1,9,1,10
AB008 AB051,AB008 A301,1,9,1,10
AB008 AB051,AB008 AB057,1,9,2,11
AB008 AB051,AB008 AB039,1,9,1,10
AB008 AB051,AB008 AB056,1,9,1,10
AB008 AB051,AB008 AB001,1,9,1,9
AB008 AB051,AB008 AB045,1,9,1,10
AB024 AB073 AB006,AB081 AB073 AB006,0,1,1,2
AB073 AB077,AB118 AB077,0,1,1,2
AB073 AB077,AB073 AB001,1,1,1,2
AB073 AB077,AB073 AB076,1,1,1,2
AB073 AB077,AB073 AB037,1,1,1,2
AB073 AB077,AB078 AB077,0,1,1,2
AB073 AB077,AB001 AB077,0,1,5,6
AB073 AB077,AB041 AB077,0,1,5,6
AB073 AB077,AB073 AB006,1,1,1,2
AB073 AB077,AB081 AB077,0,1,1,2
AB073 AB077,AB051 AB077,0,1,1,2
AB073 AB077,AB038 AB077,0,1,1,2
AB073 AB077,AB073 AB027,1,1,1,2
AB034 AB059 AB024,AB003 AB059 AB024,0,1,2,3
AB066,AB061,0,2,2,4
AB066,AB078,0,2,6,8
AB066,AB060,0,2,7,8
AB066,AB037,0,2,4,5
AB066,AB041,0,2,13,13
AB066,AB023,0,2,1,3
AB066,AB050,0,2,2,4
AB066,AB057,0,2,7,8
AB066,AB028,0,2,7,9
AB066,A307,0,2,1,3
AB066,AB069,0,2,7,9
AB066,AB004,0,2,6,8
AB066,AB031,0,2,1,3
AB066,AB100,0,2,1,3
AB066,AB070,0,2,1,3
AB066,AB055,0,2,2,4
AB066,AB079,0,2,3,5
AB066,AB065,0,2,2,4
AB066,A717,0,2,1,3
AB066,AB131,0,2,1,3
AB066,AB045,0,2,3,5
AB066,A629,0,2,1,3
AB066,A301,0,2,2,4
AB066,AB046,0,2,2,4
AB066,A303,0,2,2,4
AB066,AB009,0,2,4,6
AB066,A651,0,2,1,3
AB066,AB017,0,2,3,5
AB066,AB058,0,2,2,4
AB066,AB040,0,2,2,4
AB066,N800,0,2,1,3
AB066,A335,0,2,1,3
AB066,A306,0,2,1,3
AB066,AB020,0,2,1,3
AB066,AB080,0,2,4,6
AB066,AB030,0,2,1,3
AB066,A640,0,2,1,3
AB066,A501,0,2,1,3
AB066,A411,0,2,2,4
AB066,AB043,0,2,1,3
AB066,A328,0,2,1,3
AB066,A356,0,2,1,3
AB066,A357,0,2,1,3
AB066,A320,0,2,1,3
AB066,A359,0,2,1,3
AB066,A360,0,2,1,3
AB066,A314,0,2,1,3
AB066,AB005,0,2,1,3
AB066,A309,0,2,3,3
AB066,AB013,0,2,2,4
AB077 AB076,AB077 AB080,1,1,1,2
AB077 AB076,AB077 AB067,1,1,2,2
AB077 AB076,AB073 AB076,0,1,1,2
AB077 AB076,AB077 AB081,1,1,1,2
AB077 AB076,AB077 AB037,1,1,1,2
AB077 AB076,AB077 AB026,1,1,2,3
AB077 AB076,AB077 AB065,1,1,1,2
AB077 AB076,AB077 A305,1,1,1,2
AB077 AB076,AB028 AB076,0,1,8,9
AB077 AB076,AB077 AB031,1,1,1,2
AB077 AB076,AB077 AB046,1,1,1,2
AB077 AB076,AB077 AB016,1,1,1,2
AB077 AB076,AB077 AB007,1,1,2,3
AB077 AB076,AB029 AB076,0,1,1,2
AB118 AB077,AB078 AB077,0,1,1,2
AB118 AB077,AB001 AB077,0,1,5,6
AB118 AB077,AB041 AB077,0,1,5,6
AB118 AB077,AB081 AB077,0,1,1,2
AB118 AB077,AB051 AB077,0,1,1,2
AB118 AB077,AB038 AB077,0,1,1,2
AB118 AB077,AB118 AB073,1,1,1,2
AB077 AB080,AB077 AB067,1,1,2,2
AB077 AB080,AB077 AB081,1,1,1,2
AB077 AB080,AB077 AB037,1,1,1,2
AB077 AB080,AB026 AB080,0,1,1,2
AB077 AB080,AB077 AB026,1,1,2,3
AB077 AB080,AB077 AB065,1,1,1,2
AB077 AB080,AB069 AB080,0,1,1,2
AB077 AB080,AB077 A305,1,1,1,2
AB077 AB080,AB077 AB031,1,1,1,2
AB077 AB080,AB077 AB046,1,1,1,2
AB077 AB080,AB077 AB016,1,1,1,2
AB077 AB080,AB077 AB007,1,1,2,3
AB077 AB080,AB028 AB080,0,1,1,2
AB008 AB053,AB008 AB026,1,3,1,3
AB008 AB053,AB004 AB053,0,3,2,4
AB008 AB053,AB008 AB041,1,3,1,3
AB008 AB053,AB008 AB073,1,3,2,4
AB008 AB053,AB008 AB059,1,3,1,3
AB008 AB053,AB008 A301,1,3,1,3
AB008 AB053,AB008 AB057,1,3,2,4
AB008 AB053,AB008 AB039,1,3,1,3
AB008 AB053,AB008 AB056,1,3,1,3
AB008 AB053,AB037 AB053,0,3,1,3
AB008 AB053,AB051 AB053,0,3,1,3
AB008 AB053,AB008 AB001,1,3,1,3
AB008 AB053,AB008 AB045,1,3,1,3
AB008 AB053,AB031 AB053,0,3,1,3
AB026 AB007,AB026 AB030,1,1,1,2
AB026 AB007,AB026 AB080,1,1,1,2
AB026 AB007,AB045 AB007,0,1,1,2
AB026 AB007,AB026 AB031,1,1,1,2
AB026 AB007,AB026 AB006,1,1,1,2
AB026 AB007,AB026 AB057,1,1,1,2
AB026 AB007,AB026 AB039,1,1,1,2
AB026 AB007,AB057 AB007,0,1,1,2
AB026 AB007,AB077 AB007,0,1,2,3
AB026 AB007,AB007 AB007,0,1,1,2
AB061,AB078,0,2,6,8
AB061,AB060,0,2,7,9
AB061,AB037,0,2,4,5
AB061,AB041,0,2,13,13
AB061,AB023,0,2,1,3
AB061,AB050,0,2,2,4
AB061,AB057,0,2,7,8
AB061,AB028,0,2,7,9
AB061,A307,0,2,1,3
AB061,AB069,0,2,7,9
AB061,AB004,0,2,6,8
AB061,AB031,0,2,1,3
AB061,AB100,0,2,1,3
AB061,AB070,0,2,1,3
AB061,AB055,0,2,2,4
AB061,AB079,0,2,3,5
AB061,AB065,0,2,2,4
AB061,A717,0,2,1,3
AB061,AB131,0,2,1,3
AB061,AB045,0,2,3,5
AB061,A629,0,2,1,3
AB061,A301,0,2,2,4
AB061,AB046,0,2,2,4
AB061,A303,0,2,2,4
AB061,AB009,0,2,4,6
AB061,A651,0,2,1,3
AB061,AB017,0,2,3,5
AB061,AB058,0,2,2,4
AB061,AB040,0,2,2,4
AB061,N800,0,2,1,3
AB061,A335,0,2,1,3
AB061,A306,0,2,1,3
AB061,AB020,0,2,1,3
AB061,AB080,0,2,4,6
AB061,AB030,0,2,1,3
AB061,A640,0,2,1,3
AB061,A501,0,2,1,3
AB061,A411,0,2,2,4
AB061,AB043,0,2,1,3
AB061,A328,0,2,1,3
AB061,A356,0,2,1,3
AB061,A357,0,2,1,3
AB061,A320,0,2,1,3
AB061,A359,0,2,1,3
AB061,A360,0,2,1,3
AB061,A314,0,2,1,3
AB061,AB005,0,2,1,3
AB061,A309,0,2,3,3
AB061,AB013,0,2,2,4
AB078,AB060,0,6,7,13
AB078,AB037,0,6,4,9
AB078,AB041,0,6,13,17
AB078,AB023,0,6,1,7
AB078,AB050,0,6,2,8
AB078,AB057,0,6,7,12
AB078,AB028,0,6,7,12
AB078,A307,0,6,1,7
AB078,AB069,0,6,7,13
AB078,AB004,0,6,6,11
AB078,AB031,0,6,1,7
AB078,AB100,0,6,1,7
AB078,AB070,0,6,1,7
AB078,AB055,0,6,2,8
AB078,AB079,0,6,3,9
AB078,AB065,0,6,2,8
AB078,A717,0,6,1,7
AB078,AB131,0,6,1,7
AB078,AB045,0,6,3,9
AB078,A629,0,6,1,7
AB078,A301,0,6,2,8
AB078,AB046,0,6,2,7
AB078,A303,0,6,2,8
AB078,AB009,0,6,4,10
AB078,A651,0,6,1,7
AB078,AB017,0,6,3,9
AB078,AB058,0,6,2,8
AB078,AB040,0,6,2,8
AB078,N800,0,6,1,7
AB078,A335,0,6,1,7
AB078,A306,0,6,1,7
AB078,AB020,0,6,1,7
AB078,AB080,0,6,4,10
AB078,AB030,0,6,1,7
AB078,A640,0,6,1,7
AB078,A501,0,6,1,7
AB078,A411,0,6,2,8
AB078,AB043,0,6,1,7
AB078,A328,0,6,1,7
AB078,A356,0,6,1,7
AB078,A357,0,6,1,7
AB078,A320,0,6,1,7
AB078,A359,0,6,1,7
AB078,A360,0,6,1,7
AB078,A314,0,6,1,7
AB078,AB005,0,6,1,7
AB078,A309,0,6,3,7
AB078,AB013,0,6,2,8
AB053 A305,AB081 A305,0,1,1,2
AB053 A305,AB053 AB057,1,1,1,2
AB053 A305,AB077 A305,0,1,1,2
AB053 A305,AB009 A305,0,1,1,2
AB053 AB077 AB059,AB008 AB077 AB059,0,1,1,2
AB060,AB037,0,7,4,10
AB060,AB041,0,7,13,17
AB060,AB023,0,7,1,8
AB060,AB050,0,7,2,9
AB060,AB057,0,7,7,13
AB060,AB028,0,7,7,14
AB060,A307,0,7,1,8
AB060,AB069,0,7,7,14
AB060,AB004,0,7,6,13
AB060,AB031,0,7,1,8
AB060,AB100,0,7,1,8
AB060,AB070,0,7,1,8
AB060,AB055,0,7,2,9
AB060,AB079,0,7,3,10
AB060,AB065,0,7,2,9
AB060,A717,0,7,1,8
AB060,AB131,0,7,1,8
AB060,AB045,0,7,3,10
AB060,A629,0,7,1,8
AB060,A301,0,7,2,9
AB060,AB046,0,7,2,9
AB060,A303,0,7,2,8
AB060,AB009,0,7,4,11
AB060,A651,0,7,1,8
AB060,AB017,0,7,3,9
AB060,AB058,0,7,2,9
AB060,AB040,0,7,2,9
AB060,N800,0,7,1,8
AB060,A335,0,7,1,8
AB060,A306,0,7,1,7
AB060,AB020,0,7,1,8
AB060,AB080,0,7,4,11
AB060,AB030,0,7,1,8
AB060,A640,0,7,1,8
AB060,A501,0,7,1,8
AB060,A411,0,7,2,9
AB060,AB043,0,7,1,8
AB060,A328,0,7,1,8
AB060,A356,0,7,1,8
AB060,A357,0,7,1,8
AB060,A320,0,7,1,8
AB060,A359,0,7,1,8
AB060,A360,0,7,1,8
AB060,A314,0,7,1,8
AB060,AB005,0,7,1,8
AB060,A309,0,7,3,8
AB060,AB013,0,7,2,9
AB037,AB041,0,4,13,14
AB037,AB023,0,4,1,4
AB037,AB050,0,4,2,5
AB037,AB057,0,4,7,9
AB037,AB028,0,4,7,10
AB037,A307,0,4,1,4
AB037,AB069,0,4,7,10
AB037,AB004,0,4,6,9
AB037,AB031,0,4,1,4
AB037,AB100,0,4,1,4
AB037,AB070,0,4,1,4
AB037,AB055,0,4,2,5
AB037,AB079,0,4,3,6
AB037,AB065,0,4,2,5
AB037,A717,0,4,1,4
AB037,AB131,0,4,1,4
AB037,AB045,0,4,3,6
AB037,A629,0,4,1,4
AB037,A301,0,4,2,5
AB037,AB046,0,4,2,5
AB037,A303,0,4,2,5
AB037,AB009,0,4,4,7
AB037,A651,0,4,1,4
AB037,AB017,0,4,3,6
AB037,AB058,0,4,2,5
AB037,AB040,0,4,2,5
AB037,N800,0,4,1,4
AB037,A335,0,4,1,4
AB037,A306,0,4,1,4
AB037,AB020,0,4,1,4
AB037,AB080,0,4,4,7
AB037,AB030,0,4,1,4
AB037,A640,0,4,1,4
AB037,A501,0,4,1,4
AB037,A411,0,4,2,5
AB037,AB043,0,4,1,4
AB037,A328,0,4,1,4
AB037,A356,0,4,1,4
AB037,A357,0,4,1,4
AB037,A320,0,4,1,4
AB037,A359,0,4,1,4
AB037,A360,0,4,1,4
AB037,A314,0,4,1,4
AB037,AB005,0,4,1,4
AB037,A309,0,4,3,4
AB037,AB013,0,4,2,5
AB006 AB073,AB059 AB073,0,1,1,2
AB006 AB073,AB008 AB073,0,1,2,3
AB006 AB073,AB006 AB067,1,1,1,2
AB006 AB073,AB030 AB073,0,1,1,2
AB006 AB073,AB003 AB073,0,1,1,2
AB006 AB073,AB038 AB073,0,1,1,2
AB006 AB073,AB118 AB073,0,1,1,2
AB006 AB073,AB061 AB073,0,1,1,2
AB055 AB027,AB058 AB027,0,1,1,2
AB055 AB027,AB081 AB027,0,1,2,3
AB055 AB027,AB003 AB027,0,1,1,2
AB055 AB027,AB080 AB027,0,1,1,2
AB055 AB027,AB055 AB037,1,1,2,3
AB055 AB027,AB055 AB009,1,1,1,2
AB055 AB027,AB073 AB027,0,1,1,2
AB041,AB023,0,13,1,12
AB041,AB050,0,13,2,13
AB041,AB057,0,13,7,17
AB041,AB028,0,13,7,18
AB041,A307,0,13,1,12
AB041,AB069,0,13,7,18
AB041,AB004,0,13,6,17
AB041,AB031,0,13,1,12
AB041,AB100,0,13,1,12
AB041,AB070,0,13,1,12
AB041,AB055,0,13,2,13
AB041,AB079,0,13,3,14
AB041,AB065,0,13,2,12
AB041,A717,0,13,1,12
AB041,AB131,0,13,1,12
AB041,AB045,0,13,3,14
AB041,A629,0,13,1,12
AB041,A301,0,13,2,13
AB041,AB046,0,13,2,13
AB041,A303,0,13,2,13
AB041,AB009,0,13,4,15
AB041,A651,0,13,1,12
AB041,AB017,0,13,3,14
AB041,AB058,0,13,2,13
AB041,AB040,0,13,2,13
AB041,N800,0,13,1,12
AB041,A335,0,13,1,12
AB041,A306,0,13,1,11
AB041,AB020,0,13,1,12
AB041,AB080,0,13,4,15
AB041,AB030,0,13,1,12
AB041,A640,0,13,1,12
AB041,A501,0,13,1,12
AB041,A411,0,13,2,13
AB041,AB043,0,13,1,12
AB041,A328,0,13,1,12
AB041,A356,0,13,1,12
AB041,A357,0,13,1,12
AB041,A320,0,13,1,12
AB041,A359,0,13,1,12
AB041,A360,0,13,1,12
AB041,A314,0,13,1,12
AB041,AB005,0,13,1,11
AB041,A309,0,13,3,12
AB041,AB013,0,13,2,13
AB031 AB011,AB031 AB002,1,1,4,5
AB031 AB011,AB031 AB072,1,1,1,2
AB031 AB011,AB031 AB024,1,1,1,2
AB031 AB011,AB031 AB060,1,1,1,2
AB031 AB011,AB031 AB050,1,1,1,2
AB031 AB011,AB031 AB053,1,1,1,2
AB031 AB002,AB031 AB072,1,4,1,5
AB031 AB002,AB031 AB024,1,4,1,5
AB031 AB002,AB031 AB060,1,4,1,5
AB031 AB002,AB027 AB002,0,4,1,5
AB031 AB002,AB031 AB050,1,4,1,5
AB031 AB002,AB031 AB053,1,4,1,5
AB003 AB009,AB003 AB027,1,2,1,3
AB003 AB009,AB003 AB057,1,2,1,3
AB003 AB009,AB003 AB047,1,2,1,3
AB003 AB009,AB003 AB001,1,2,1,3
AB003 AB009,AB003 AB059,1,2,1,3
AB003 AB009,AB055 AB009,0,2,1,3
AB003 AB009,AB003 AB073,1,2,1,3
AB003 AB009,AB039 AB009,0,2,1,3
AB003 AB009,AB028 AB009,0,2,2,3
AB003 AB009,AB003 AB017,1,2,1,3
AB008 AB077 AB026,AB008 AB077 AB059,2,3,1,4
AB008 AB077 AB026,AB008 AB037 AB026,1,3,1,4
AB003 AB002 AB058,AB003 AB002 AB030,2,1,1,2
AB081 AB080 AB065,AB081 AB080 AB002,2,1,1,2
AB070 AB026,AB023 AB026,0,1,2,3
AB070 AB026,AB008 AB026,0,1,1,2
AB070 AB026,AB041 AB026,0,1,1,2
AB070 AB026,AB077 AB026,0,1,2,3
AB030 AB060,AB041 AB060,0,1,1,2
AB030 AB060,AB031 AB060,0,1,1,2
AB030 AB060,AB065 AB060,0,1,1,2
AB030 AB060,AB059 AB060,0,1,1,2
AB030 AB060,AB030 AB039,1,1,1,2
AB030 AB060,AB057 AB060,0,1,1,2
AB030 AB060,AB051 AB060,0,1,1,2
AB030 AB060,AB001 AB060,0,1,1,2
AB030 AB060,AB030 AB073,1,1,1,2
AB030 AB060,AB081 AB060,0,1,1,2
AB023,AB050,0,1,2,2
AB023,AB057,0,1,7,7
AB023,AB028,0,1,7,8
AB023,A307,0,1,1,2
AB023,AB069,0,1,7,8
AB023,AB004,0,1,6,7
AB023,AB031,0,1,1,2
AB023,AB100,0,1,1,2
AB023,AB070,0,1,1,2
AB023,AB055,0,1,2,3
AB023,AB079,0,1,3,4
AB023,AB065,0,1,2,3
AB023,A717,0,1,1,2
AB023,AB131,0,1,1,2
AB023,AB045,0,1,3,4
AB023,A629,0,1,1,2
AB023,A301,0,1,2,3
AB023,AB046,0,1,2,3
AB023,A303,0,1,2,3
AB023,AB009,0,1,4,5
AB023,A651,0,1,1,2
AB023,AB017,0,1,3,4
AB023,AB058,0,1,2,3
AB023,AB040,0,1,2,3
AB023,N800,0,1,1,2
AB023,A335,0,1,1,2
AB023,A306,0,1,1,2
AB023,AB020,0,1,1,2
AB023,AB080,0,1,4,5
AB023,AB030,0,1,1,2
AB023,A640,0,1,1,2
AB023,A501,0,1,1,2
AB023,A411,0,1,2,3
AB023,AB043,0,1,1,2
AB023,A328,0,1,1,2
AB023,A356,0,1,1,2
AB023,A357,0,1,1,2
AB023,A320,0,1,1,2
AB023,A359,0,1,1,2
AB023,A360,0,1,1,2
AB023,A314,0,1,1,2
AB023,AB005,0,1,1,2
AB023,A309,0,1,3,2
AB023,AB013,0,1,2,3
AB050,AB057,0,2,7,8
AB050,AB028,0,2,7,9
AB050,A307,0,2,1,3
AB050,AB069,0,2,7,9
AB050,AB004,0,2,6,8
AB050,AB031,0,2,1,3
AB050,AB100,0,2,1,3
AB050,AB070,0,2,1,3
AB050,AB055,0,2,2,4
AB050,AB079,0,2,3,5
AB050,AB065,0,2,2,4
AB050,A717,0,2,1,3
AB050,AB131,0,2,1,3
AB050,AB045,0,2,3,5
AB050,A629,0,2,1,3
AB050,A301,0,2,2,4
AB050,AB046,0,2,2,4
AB050,A303,0,2,2,4
AB050,AB009,0,2,4,6
AB050,A651,0,2,1,3
AB050,AB017,0,2,3,5
AB050,AB058,0,2,2,4
AB050,AB040,0,2,2,4
AB050,N800,0,2,1,3
AB050,A335,0,2,1,3
AB050,A306,0,2,1,3
AB050,AB020,0,2,1,3
AB050,AB080,0,2,4,6
AB050,AB030,0,2,1,3
AB050,A640,0,2,1,3
AB050,A501,0,2,1,3
AB050,A411,0,2,2,4
AB050,AB043,0,2,1,3
AB050,A328,0,2,1,3
AB050,A356,0,2,1,3
AB050,A357,0,2,1,3
AB050,A320,0,2,1,3
AB050,A359,0,2,1,3
AB050,A360,0,2,1,3
AB050,A314,0,2,1,3
AB050,AB005,0,2,1,3
AB050,A309,0,2,3,3
AB050,AB013,0,2,2,4
AB026 AB030,AB037 AB030,0,1,1,2
AB026 AB030,AB026 AB080,1,1,1,2
AB026 AB030,AB081 AB030,0,1,2,3
AB026 AB030,AB026 AB031,1,1,1,2
AB026 AB030,AB026 AB006,1,1,1,2
AB026 AB030,AB026 AB057,1,1,1,2
AB026 AB030,AB026 AB039,1,1,1,2
AB026 AB030,A358 AB030,0,1,1,2
AB028 AB067 AB060,AB041 AB067 AB060,0,1,1,2
AB028 AB037,AB059 AB037,0,2,2,4
AB028 AB037,AB028 A308,1,2,1,3
AB028 AB037,AB073 AB037,0,2,1,3
AB028 AB037,AB077 AB037,0,2,1,3
AB028 AB037,AB078 AB037,0,2,1,3
AB028 AB037,AB055 AB037,0,2,2,4
AB028 AB037,AB061 AB037,0,2,1,3
AB028 AB037,AB028 AB076,1,2,8,10
AB028 AB037,AB067 AB037,0,2,1,3
AB028 AB037,AB028 A331,1,2,1,3
AB028 AB037,AB028 AB041,1,2,1,3
AB028 AB037,AB028 AB057,1,2,1,3
AB028 AB037,AB027 AB037,0,2,1,3
AB028 AB037,AB051 AB037,0,2,1,3
AB028 AB037,AB057 AB037,0,2,1,3
AB028 AB037,AB028 AB045,1,2,1,3
AB028 AB037,AB028 AB001,1,2,2,4
AB028 AB037,AB028 AB009,1,2,2,3
AB028 AB037,AB028 AB080,1,2,1,3
AB059 AB037,AB073 AB037,0,2,1,3
AB059 AB037,AB077 AB037,0,2,1,3
AB059 AB037,AB059 AB073,1,2,1,3
AB059 AB037,AB078 AB037,0,2,1,3
AB059 AB037,AB055 AB037,0,2,2,4
AB059 AB037,AB059 AB060,1,2,1,3
AB059 AB037,AB061 AB037,0,2,1,3
AB059 AB037,AB059 AB057,1,2,1,3
AB059 AB037,AB067 AB037,0,2,1,3
AB059 AB037,AB059 AB010,1,2,1,3
AB059 AB037,AB059 AB059,1,2,1,3
AB059 AB037,AB027 AB037,0,2,1,3
AB059 AB037,AB051 AB037,0,2,1,3
AB059 AB037,AB057 AB037,0,2,1,3
AB059 AB037,AB059 AB044,1,2,1,3
AB003 AB002 AB030,AB003 AB001 AB030,1,1,1,2
AB028 A308,AB028 AB076,1,1,8,9
AB028 A308,AB028 A331,1,1,1,2
AB028 A308,AB028 AB041,1,1,1,2
AB028 A308,AB028 AB057,1,1,1,2
AB028 A308,AB028 AB045,1,1,1,2
AB028 A308,AB028 AB001,1,1,2,3
AB028 A308,AB028 AB009,1,1,2,2
AB028 A308,AB028 AB080,1,1,1,2
AB188 AB086,AB188 AB051,1,1,2,3
AB067 AB001,AB067 A310,1,1,1,1
AB067 AB001,AB073 AB001,0,1,1,2
AB067 AB001,AB067 AB037,1,1,1,2
AB067 AB001,AB003 AB001,0,1,1,2
AB067 AB001,AB008 AB001,0,1,1,2
AB067 AB001,AB028 AB001,0,1,2,3
AB067 A310,AB067 AB037,1,1,1,2
AB081 A305,AB081 AB027,1,1,2,3
AB081 A305,AB081 AB030,1,1,2,3
AB081 A305,AB077 A305,0,1,1,2
AB081 A305,AB009 A305,0,1,1,2
AB081 A305,AB081 AB077,1,1,1,2
AB081 A305,AB081 AB039,1,1,1,2
AB081 A305,AB081 A321,1,1,1,2
AB081 A305,AB081 AB060,1,1,1,2
AB031 AB060 AB007,AB031 AB060 AB060,2,1,1,2
AB073 AB001,AB073 AB076,1,1,1,2
AB073 AB001,AB073 AB037,1,1,1,2
AB073 AB001,AB003 AB001,0,1,1,2
AB073 AB001,AB073 AB006,1,1,1,2
AB073 AB001,AB008 AB001,0,1,1,2
AB073 AB001,AB028 AB001,0,1,2,3
AB073 AB001,AB073 AB027,1,1,1,2
AB057 AB021,AB057 AB058,1,2,1,3
AB057 AB021,AB057 AB060,1,2,1,3
AB057 AB021,AB057 AB078,1,2,1,3
AB057 AB021,AB057 AB054,1,2,1,3
AB057 AB021,AB057 AB041,1,2,1,3
AB057 AB021,AB057 AB081,1,2,1,3
AB057 AB021,AB057 A304,1,2,1,3
AB057 AB021,AB057 AB031,1,2,1,3
AB057 AB021,AB057 AB007,1,2,1,3
AB057 AB021,AB057 AB037,1,2,1,3
AB057 AB021,AB057 AB040,1,2,1,3
AB057 AB021,AB057 AB067,1,2,1,3
AB057 AB021,AB057 AB003,1,2,1,3
AB031 AB072,AB031 AB024,1,1,1,2
AB031 AB072,AB031 AB060,1,1,1,2
AB031 AB072,AB031 AB050,1,1,1,2
AB031 AB072,AB031 AB053,1,1,1,2
AB028 AB059 AB057,AB039 AB059 AB057,0,1,1,2
AB028 AB059 AB057,AB028 AB026 AB057,1,1,1,2
AB031 A323 AB073,AB031 A305 AB073,1,1,1,2
AB007 AB006,AB007 AB045,1,2,1,3
AB007 AB006,AB041 AB006,0,2,1,3
AB007 AB006,A301 AB006,0,2,1,3
AB007 AB006,AB007 AB041,1,2,1,3
AB007 AB006,AB073 AB006,0,2,1,3
AB007 AB006,AB026 AB006,0,2,1,3
AB007 AB006,A320 AB006,0,2,1,3
AB007 AB006,AB007 AB007,1,2,1,3
AB007 AB006,AB007 AB067,1,2,1,3
AB023 AB026,AB008 AB026,0,2,1,3
AB023 AB026,AB041 AB026,0,2,1,3
AB023 AB026,AB077 AB026,0,2,2,4
AB023 AB026,AB023 A312,1,2,1,3
AB037 AB031,AB037 AB030,1,1,1,2
AB037 AB031,AB026 AB031,0,1,1,2
AB037 AB031,AB077 AB031,0,1,1,2
AB037 AB031,AB057 AB031,0,1,1,2
AB037 AB031,AB037 AB053,1,1,1,2
AB050 AB070,AB050 AB045,1,1,1,2
AB016 AB056,AB001 AB056,0,1,1,2
AB016 AB056,AB016 AB118,1,1,1,2
AB016 AB056,AB016 AB024,1,1,1,2
AB016 AB056,AB016 AB067,1,1,1,2
AB016 AB056,AB008 AB056,0,1,1,2
AB058 AB050,AB058 AB027,1,1,1,2
AB058 AB050,AB058 AB051,1,1,1,2
AB058 AB050,AB058 AB067,1,1,1,2
AB058 AB050,AB058 AB029,1,1,1,2
AB058 AB050,AB078 AB050,0,1,2,3
AB058 AB050,AB041 AB050,0,1,1,2
AB058 AB050,AB031 AB050,0,1,1,2
AB058 AB050,AB058 AB003,1,1,1,2
AB003 AB059 AB078,AB003 AB059 AB024,2,1,2,3
AB003 AB059 AB078,AB003 AB059 AB001,2,1,2,3
AB003 AB059 AB078,AB003 AB055 AB078,1,1,1,2
AB058 AB027,AB081 AB027,0,1,2,3
AB058 AB027,AB003 AB027,0,1,1,2
AB058 AB027,AB058 AB051,1,1,1,2
AB058 AB027,AB058 AB067,1,1,1,2
AB058 AB027,AB080 AB027,0,1,1,2
AB058 AB027,AB058 AB029,1,1,1,2
AB058 AB027,AB058 AB003,1,1,1,2
AB058 AB027,AB073 AB027,0,1,1,2
AB041 A516,AB041 AB060,1,1,1,2
AB041 A516,AB041 AB026,1,1,1,2
AB041 A516,AB041 AB100,1,1,1,2
AB041 A516,AB041 AB077,1,1,5,6
AB041 A516,AB041 AB069,1,1,2,3
AB041 A516,AB041 AB050,1,1,1,2
AB041 A516,AB041 AB006,1,1,1,2
AB041 A516,AB041 AB067,1,1,1,2
AB028 AB081 AB059,AB028 AB081 AB039,2,1,1,2
AB077 AB067,AB058 AB067,0,2,1,2
AB077 AB067,AB077 AB081,1,2,1,2
AB077 AB067,AB077 AB037,1,2,1,2
AB077 AB067,AB051 AB067,0,2,1,2
AB077 AB067,AB077 AB026,1,2,2,3
AB077 AB067,AB077 AB065,1,2,1,2
AB077 AB067,AB077 A305,1,2,1,2
AB077 AB067,AB077 AB031,1,2,1,2
AB077 AB067,AB006 AB067,0,2,1,2
AB077 AB067,AB077 AB046,1,2,1,2
AB077 AB067,AB016 AB067,0,2,1,2
AB077 AB067,AB077 AB016,1,2,1,2
AB077 AB067,AB041 AB067,0,2,1,2
AB077 AB067,AB077 AB007,1,2,2,3
AB077 AB067,AB057 AB067,0,2,1,2
AB077 AB067,AB007 AB067,0,2,1,2
AB027 AB058,AB027 AB069,1,1,1,2
AB027 AB058,AB027 AB002,1,1,1,2
AB027 AB058,AB057 AB058,0,1,1,2
AB027 AB058,AB027 AB037,1,1,1,2
AB027 AB058,AB069 AB058,0,1,1,2
AB031 AB080 AB037,AB031 AB080 AB002,2,1,1,2
AB081 AB027,AB003 AB027,0,2,1,3
AB081 AB027,AB080 AB027,0,2,1,3
AB081 AB027,AB081 AB030,1,2,2,4
AB081 AB027,AB081 AB077,1,2,1,3
AB081 AB027,AB081 AB039,1,2,1,3
AB081 AB027,AB081 A321,1,2,1,3
AB081 AB027,AB081 AB060,1,2,1,3
AB081 AB027,AB073 AB027,0,2,1,3
AB003 AB027,AB003 AB057,1,1,1,2
AB003 AB027,AB080 AB027,0,1,1,2
AB003 AB027,AB003 AB047,1,1,1,2
AB003 AB027,AB003 AB001,1,1,1,2
AB003 AB027,AB003 AB059,1,1,1,2
AB003 AB027,AB003 AB073,1,1,1,2
AB003 AB027,AB073 AB027,0,1,1,2
AB003 AB027,AB003 AB017,1,1,1,2
AB078 AB069,AB027 AB069,0,1,1,2
AB078 AB069,AB078 AB037,1,1,1,2
AB078 AB069,AB078 AB077,1,1,1,2
AB078 AB069,AB021 AB069,0,1,1,2
AB078 AB069,AB078 AB050,1,1,2,3
AB078 AB069,AB041 AB069,0,1,2,3
AB073 AB001 AB030,AB003 AB001 AB030,0,1,1,2
AB073 AB001 AB030,AB073 AB001 AB038,2,1,1,2
AB003 AB057,AB053 AB057,0,1,1,2
AB003 AB057,AB051 AB057,0,1,1,2
AB003 AB057,AB059 AB057,0,1,1,2
AB003 AB057,AB003 AB047,1,1,1,2
AB003 AB057,AB003 AB001,1,1,1,2
AB003 AB057,AB003 AB059,1,1,1,2
AB003 AB057,AB008 AB057,0,1,2,3
AB003 AB057,AB026 AB057,0,1,1,2
AB003 AB057,AB028 AB057,0,1,1,2
AB003 AB057,AB040 AB057,0,1,1,2
AB003 AB057,AB003 AB073,1,1,1,2
AB003 AB057,AB003 AB017,1,1,1,2
AB058 AB051,AB076 AB051,0,1,1,2
AB058 AB051,AB058 AB067,1,1,1,2
AB058 AB051,AB040 AB051,0,1,1,2
AB058 AB051,AB079 AB051,0,1,2,3
AB058 AB051,AB058 AB029,1,1,1,2
AB058 AB051,AB188 AB051,0,1,2,3
AB058 AB051,AB058 AB003,1,1,1,2
AB027 AB069,AB021 AB069,0,1,1,2
AB027 AB069,AB041 AB069,0,1,2,3
AB027 AB069,AB027 AB002,1,1,1,2
AB027 AB069,AB027 AB037,1,1,1,2
AB057,AB028,0,7,7,13
AB057,A307,0,7,1,7
AB057,AB069,0,7,7,13
AB057,AB004,0,7,6,12
AB057,AB031,0,7,1,7
AB057,AB100,0,7,1,7
AB057,AB070,0,7,1,7
AB057,AB055,0,7,2,8
AB057,AB079,0,7,3,9
AB057,AB065,0,7,2,8
AB057,A717,0,7,1,7
AB057,AB131,0,7,1,7
AB057,AB045,0,7,3,9
AB057,A629,0,7,1,7
AB057,A301,0,7,2,8
AB057,AB046,0,7,2,8
AB057,A303,0,7,2,8
AB057,AB009,0,7,4,10
AB057,A651,0,7,1,7
AB057,AB017,0,7,3,9
AB057,AB058,0,7,2,8
AB057,AB040,0,7,2,7
AB057,N800,0,7,1,7
AB057,A335,0,7,1,7
AB057,A306,0,7,1,7
AB057,AB020,0,7,1,7
AB057,AB080,0,7,4,10
AB057,AB030,0,7,1,7
AB057,A640,0,7,1,7
AB057,A501,0,7,1,7
AB057,A411,0,7,2,8
AB057,AB043,0,7,1,7
AB057,A328,0,7,1,7
AB057,A356,0,7,1,7
AB057,A357,0,7,1,7
AB057,A320,0,7,1,7
AB057,A359,0,7,1,7
AB057,A360,0,7,1,7
AB057,A314,0,7,1,7
AB057,AB005,0,7,1,7
AB057,A309,0,7,3,7
AB057,AB013,0,7,2,8
AB002 AB008,AB002 AB044,1,1,1,2
AB002 AB008,AB002 AB038,1,1,1,2
AB073 AB055 AB073,AB073 AB055 AB004,2,1,3,4
AB076 AB051,AB040 AB051,0,1,1,2
AB076 AB051,AB079 AB051,0,1,2,3
AB076 AB051,AB188 AB051,0,1,2,3
AB058 AB067,AB058 AB029,1,1,1,2
AB058 AB067,AB051 AB067,0,1,1,2
AB058 AB067,AB006 AB067,0,1,1,2
AB058 AB067,AB016 AB067,0,1,1,2
AB058 AB067,AB058 AB003,1,1,1,2
AB058 AB067,AB041 AB067,0,1,1,2
AB058 AB067,AB057 AB067,0,1,1,2
AB058 AB067,AB007 AB067,0,1,1,2
AB041 AB060,AB041 AB026,1,1,1,2
AB041 AB060,AB031 AB060,0,1,1,2
AB041 AB060,AB041 AB100,1,1,1,2
AB041 AB060,AB065 AB060,0,1,1,2
AB041 AB060,AB059 AB060,0,1,1,2
AB041 AB060,AB041 AB077,1,1,5,6
AB041 AB060,AB041 AB069,1,1,2,3
AB041 AB060,AB041 AB050,1,1,1,2
AB041 AB060,AB041 AB006,1,1,1,2
AB041 AB060,AB057 AB060,0,1,1,2
AB041 AB060,AB051 AB060,0,1,1,2
AB041 AB060,AB001 AB060,0,1,1,2
AB041 AB060,AB041 AB067,1,1,1,2
AB041 AB060,AB081 AB060,0,1,1,2
AB008 AB026,AB041 AB026,0,1,1,2
AB008 AB026,AB077 AB026,0,1,2,3
AB008 AB026,AB008 AB041,1,1,1,2
AB008 AB026,AB008 AB073,1,1,2,3
AB008 AB026,AB008 AB059,1,1,1,2
AB008 AB026,AB008 A301,1,1,1,2
AB008 AB026,AB008 AB057,1,1,2,3
AB008 AB026,AB008 AB039,1,1,1,2
AB008 AB026,AB008 AB056,1,1,1,2
AB008 AB026,AB008 AB001,1,1,1,2
AB008 AB026,AB008 AB045,1,1,1,2
AB028,A307,0,7,1,8
AB028,AB069,0,7,7,13
AB028,AB004,0,7,6,12
AB028,AB031,0,7,1,8
AB028,AB100,0,7,1,8
AB028,AB070,0,7,1,8
AB028,AB055,0,7,2,9
AB028,AB079,0,7,3,9
AB028,AB065,0,7,2,9
AB028,A717,0,7,1,8
AB028,AB131,0,7,1,8
AB028,AB045,0,7,3,10
AB028,A629,0,7,1,8
AB028,A301,0,7,2,9
AB028,AB046,0,7,2,9
AB028,A303,0,7,2,9
AB028,AB009,0,7,4,10
AB028,A651,0,7,1,8
AB028,AB017,0,7,3,10
AB028,AB058,0,7,2,9
AB028,AB040,0,7,2,9
AB028,N800,0,7,1,8
AB028,A335,0,7,1,8
AB028,A306,0,7,1,8
AB028,AB020,0,7,1,8
AB028,AB080,0,7,4,11
AB028,AB030,0,7,1,8
AB028,A640,0,7,1,8
AB028,A501,0,7,1,8
AB028,A411,0,7,2,9
AB028,AB043,0,7,1,8
AB028,A328,0,7,1,8
AB028,A356,0,7,1,8
AB028,A357,0,7,1,8
AB028,A320,0,7,1,8
AB028,A359,0,7,1,8
AB028,A360,0,7,1,8
AB028,A314,0,7,1,8
AB028,AB005,0,7,1,8
AB028,A309,0,7,3,8
AB028,AB013,0,7,2,9
A307,AB069,0,1,7,8
A307,AB004,0,1,6,7
A307,AB031,0,1,1,2
A307,AB100,0,1,1,2
A307,AB070,0,1,1,2
A307,AB055,0,1,2,3
A307,AB079,0,1,3,4
A307,AB065,0,1,2,3
A307,A717,0,1,1,2
A307,AB131,0,1,1,2
A307,AB045,0,1,3,4
A307,A629,0,1,1,2
A307,A301,0,1,2,3
A307,AB046,0,1,2,3
A307,A303,0,1,2,3
A307,AB009,0,1,4,5
A307,A651,0,1,1,2
A307,AB017,0,1,3,4
A307,AB058,0,1,2,3
A307,AB040,0,1,2,3
A307,N800,0,1,1,2
A307,A335,0,1,1,2
A307,A306,0,1,1,2
A307,AB020,0,1,1,2
A307,AB080,0,1,4,5
A307,AB030,0,1,1,2
A307,A640,0,1,1,2
A307,A501,0,1,1,2
A307,A411,0,1,2,3
A307,AB043,0,1,1,2
A307,A328,0,1,1,2
A307,A356,0,1,1,2
A307,A357,0,1,1,2
A307,A320,0,1,1,2
A307,A359,0,1,1,2
A307,A360,0,1,1,2
A307,A314,0,1,1,2
A307,AB005,0,1,1,2
A307,A309,0,1,3,2
A307,AB013,0,1,2,3
AB080 AB041,AB080 AB027,1,1,1,2
AB080 AB041,AB080 A321,1,1,1,2
AB080 AB041,AB008 AB041,0,1,1,2
AB080 AB041,AB007 AB041,0,1,1,2
AB080 AB041,AB028 AB041,0,1,1,2
AB080 AB041,AB057 AB041,0,1,1,2
AB080 AB041,AB080 AB017,1,1,1,2
AB080 AB041,AB080 AB065,1,1,1,2
AB040 AB051,AB079 AB051,0,1,2,3
AB040 AB051,AB188 AB051,0,1,2,3
AB040 AB051,AB040 AB057,1,1,1,2
AB037 AB030,AB081 AB030,0,1,2,3
AB037 AB030,A358 AB030,0,1,1,2
AB037 AB030,AB037 AB053,1,1,1,2
AB079 AB051,AB188 AB051,0,2,2,4
AB031 AB024,AB031 AB060,1,1,1,2
AB031 AB024,AB016 AB024,0,1,1,2
AB031 AB024,AB031 AB050,1,1,1,2
AB031 AB024,AB031 AB053,1,1,1,2
AB073 AB076,AB073 AB037,1,1,1,2
AB073 AB076,AB028 AB076,0,1,8,9
AB073 AB076,AB073 AB006,1,1,1,2
AB073 AB076,AB073 AB027,1,1,1,2
AB073 AB076,AB029 AB076,0,1,1,2
AB080 AB027,AB080 A321,1,1,1,2
AB080 AB027,AB080 AB017,1,1,1,2
AB080 AB027,AB073 AB027,0,1,1,2
AB080 AB027,AB080 AB065,1,1,1,2
AB041 AB026,AB041 AB100,1,1,1,2
AB041 AB026,AB077 AB026,0,1,2,3
AB041 AB026,AB041 AB077,1,1,5,6
AB041 AB026,AB041 AB069,1,1,2,3
AB041 AB026,AB041 AB050,1,1,1,2
AB041 AB026,AB041 AB006,1,1,1,2
AB041 AB026,AB041 AB067,1,1,1,2
AB069,AB004,0,7,6,13
AB069,AB031,0,7,1,8
AB069,AB100,0,7,1,8
AB069,AB070,0,7,1,8
AB069,AB055,0,7,2,9
AB069,AB079,0,7,3,9
AB069,AB065,0,7,2,9
AB069,A717,0,7,1,8
AB069,AB131,0,7,1,8
AB069,AB045,0,7,3,9
AB069,A629,0,7,1,8
AB069,A301,0,7,2,9
AB069,AB046,0,7,2,9
AB069,A303,0,7,2,9
AB069,AB009,0,7,4,11
AB069,A651,0,7,1,8
AB069,AB017,0,7,3,10
AB069,AB058,0,7,2,9
AB069,AB040,0,7,2,9
AB069,N800,0,7,1,8
AB069,A335,0,7,1,8
AB069,A306,0,7,1,8
AB069,AB020,0,7,1,7
AB069,AB080,0,7,4,11
AB069,AB030,0,7,1,8
AB069,A640,0,7,1,8
AB069,A501,0,7,1,8
AB069,A411,0,7,2,9
AB069,AB043,0,7,1,8
AB069,A328,0,7,1,8
AB069,A356,0,7,1,8
AB069,A357,0,7,1,8
AB069,A320,0,7,1,8
AB069,A359,0,7,1,8
AB069,A360,0,7,1,8
AB069,A314,0,7,1,8
AB069,AB005,0,7,1,8
AB069,A309,0,7,3,8
AB069,AB013,0,7,2,9
AB004,AB031,0,6,1,7
AB004,AB100,0,6,1,7
AB004,AB070,0,6,1,7
AB004,AB055,0,6,2,8
AB004,AB079,0,6,3,9
AB004,AB065,0,6,2,8
AB004,A717,0,6,1,7
AB004,AB131,0,6,1,7
AB004,AB045,0,6,3,9
AB004,A629,0,6,1,7
AB004,A301,0,6,2,8
AB004,AB046,0,6,2,8
AB004,A303,0,6,2,8
AB004,AB009,0,6,4,10
AB004,A651,0,6,1,7
AB004,AB017,0,6,3,9
AB004,AB058,0,6,2,8
AB004,AB040,0,6,2,8
AB004,N800,0,6,1,7
AB004,A335,0,6,1,7
AB004,A306,0,6,1,7
AB004,AB020,0,6,1,7
AB004,AB080,0,6,4,8
AB004,AB030,0,6,1,7
AB004,A640,0,6,1,7
AB004,A501,0,6,1,7
AB004,A411,0,6,2,8
AB004,AB043,0,6,1,7
AB004,A328,0,6,1,7
AB004,A356,0,6,1,7
AB004,A357,0,6,1,7
AB004,A320,0,6,1,7
AB004,A359,0,6,1,7
AB004,A360,0,6,1,7
AB004,A314,0,6,1,7
AB004,AB005,0,6,1,7
AB004,A309,0,6,3,7
AB004,AB013,0,6,2,7
AB053 AB057,AB051 AB057,0,1,1,2
AB053 AB057,AB059 AB057,0,1,1,2
AB053 AB057,AB008 AB057,0,1,2,3
AB053 AB057,AB026 AB057,0,1,1,2
AB053 AB057,AB028 AB057,0,1,1,2
AB053 AB057,AB040 AB057,0,1,1,2
AB031,AB100,0,1,1,2
AB031,AB070,0,1,1,2
AB031,AB055,0,1,2,3
AB031,AB079,0,1,3,4
AB031,AB065,0,1,2,3
AB031,A717,0,1,1,2
AB031,AB131,0,1,1,2
AB031,AB045,0,1,3,4
AB031,A629,0,1,1,2
AB031,A301,0,1,2,3
AB031,AB046,0,1,2,3
AB031,A303,0,1,2,3
AB031,AB009,0,1,4,5
AB031,A651,0,1,1,2
AB031,AB017,0,1,3,4
AB031,AB058,0,1,2,3
AB031,AB040,0,1,2,3
AB031,N800,0,1,1,2
AB031,A335,0,1,1,2
AB031,A306,0,1,1,2
AB031,AB020,0,1,1,2
AB031,AB080,0,1,4,5
AB031,AB030,0,1,1,2
AB031,A640,0,1,1,2
AB031,A501,0,1,1,2
AB031,A411,0,1,2,3
AB031,AB043,0,1,1,2
AB031,A328,0,1,1,2
AB031,A356,0,1,1,2
AB031,A357,0,1,1,2
AB031,A320,0,1,1,2
AB031,A359,0,1,1,2
AB031,A360,0,1,1,2
AB031,A314,0,1,1,2
AB031,AB005,0,1,1,2
AB031,A309,0,1,3,2
AB031,AB013,0,1,2,3
AB073 AB037,AB077 AB037,0,1,1,2
AB073 AB037,AB078 AB037,0,1,1,2
AB073 AB037,AB055 AB037,0,1,2,3
AB073 AB037,AB061 AB037,0,1,1,2
AB073 AB037,AB067 AB037,0,1,1,2
AB073 AB037,AB073 AB006,1,1,1,2
AB073 AB037,AB027 AB037,0,1,1,2
AB073 AB037,AB051 AB037,0,1,1,2
AB073 AB037,AB057 AB037,0,1,1,2
AB073 AB037,AB073 AB027,1,1,1,2
AB031 AB060,AB065 AB060,0,1,1,2
AB031 AB060,AB059 AB060,0,1,1,2
AB031 AB060,AB031 AB050,1,1,1,2
AB031 AB060,AB057 AB060,0,1,1,2
AB031 AB060,AB051 AB060,0,1,1,2
AB031 AB060,AB001 AB060,0,1,1,2
AB031 AB060,AB081 AB060,0,1,1,2
AB031 AB060,AB031 AB053,1,1,1,2
AB077 AB081,AB077 AB037,1,1,1,2
AB077 AB081,AB077 AB026,1,1,2,3
AB077 AB081,AB077 AB065,1,1,1,2
AB077 AB081,AB077 A305,1,1,1,2
AB077 AB081,AB077 AB031,1,1,1,2
AB077 AB081,AB077 AB046,1,1,1,2
AB077 AB081,AB057 AB081,0,1,1,2
AB077 AB081,AB077 AB016,1,1,1,2
AB077 AB081,AB077 AB007,1,1,2,3
AB100,AB070,0,1,1,1
AB100,AB055,0,1,2,2
AB100,AB079,0,1,3,4
AB100,AB065,0,1,2,3
AB100,A717,0,1,1,2
AB100,AB131,0,1,1,2
AB100,AB045,0,1,3,4
AB100,A629,0,1,1,2
AB100,A301,0,1,2,3
AB100,AB046,0,1,2,3
AB100,A303,0,1,2,3
AB100,AB009,0,1,4,5
AB100,A651,0,1,1,2
AB100,AB017,0,1,3,4
AB100,AB058,0,1,2,3
AB100,AB040,0,1,2,3
AB100,N800,0,1,1,2
AB100,A335,0,1,1,2
AB100,A306,0,1,1,2
AB100,AB020,0,1,1,2
AB100,AB080,0,1,4,5
AB100,AB030,0,1,1,2
AB100,A640,0,1,1,2
AB100,A501,0,1,1,2
AB100,A411,0,1,2,3
AB100,AB043,0,1,1,2
AB100,A328,0,1,1,2
AB100,A356,0,1,1,2
AB100,A357,0,1,1,2
AB100,A320,0,1,1,2
AB100,A359,0,1,1,2
AB100,A360,0,1,1,2
AB100,A314,0,1,1,2
AB100,AB005,0,1,1,2
AB100,A309,0,1,3,2
AB100,AB013,0,1,2,3
AB070,AB055,0,1,2,2
AB070,AB079,0,1,3,4
AB070,AB065,0,1,2,3
AB070,A717,0,1,1,2
AB070,AB131,0,1,1,2
AB070,AB045,0,1,3,4
AB070,A629,0,1,1,2
AB070,A301,0,1,2,3
AB070,AB046,0,1,2,3
AB070,A303,0,1,2,3
AB070,AB009,0,1,4,5
AB070,A651,0,1,1,2
AB070,AB017,0,1,3,4
AB070,AB058,0,1,2,3
AB070,AB040,0,1,2,3
AB070,N800,0,1,1,2
AB070,A335,0,1,1,2
AB070,A306,0,1,1,2
AB070,AB020,0,1,1,2
AB070,AB080,0,1,4,5
AB070,AB030,0,1,1,2
AB070,A640,0,1,1,2
AB070,A501,0,1,1,2
AB070,A411,0,1,2,3
AB070,AB043,0,1,1,2
AB070,A328,0,1,1,2
AB070,A356,0,1,1,2
AB070,A357,0,1,1,2
AB070,A320,0,1,1,2
AB070,A359,0,1,1,2
AB070,A360,0,1,1,2
AB070,A314,0,1,1,2
AB070,AB005,0,1,1,2
AB070,A309,0,1,3,2
AB070,AB013,0,1,2,3
AB055,AB079,0,2,3,5
AB055,AB065,0,2,2,4
AB055,A717,0,2,1,3
AB055,AB131,0,2,1,3
AB055,AB045,0,2,3,5
AB055,A629,0,2,1,3
AB055,A301,0,2,2,4
AB055,AB046,0,2,2,4
AB055,A303,0,2,2,4
AB055,AB009,0,2,4,6
AB055,A651,0,2,1,3
AB055,AB017,0,2,3,5
AB055,AB058,0,2,2,4
AB055,AB040,0,2,2,4
AB055,N800,0,2,1,3
AB055,A335,0,2,1,3
AB055,A306,0,2,1,3
AB055,AB020,0,2,1,3
AB055,AB080,0,2,4,6
AB055,AB030,0,2,1,3
AB055,A640,0,2,1,3
AB055,A501,0,2,1,3
AB055,A411,0,2,2,4
AB055,AB043,0,2,1,3
AB055,A328,0,2,1,3
AB055,A356,0,2,1,3
AB055,A357,0,2,1,3
AB055,A320,0,2,1,3
AB055,A359,0,2,1,3
AB055,A360,0,2,1,3
AB055,A314,0,2,1,3
AB055,AB005,0,2,1,3
AB055,A309,0,2,3,3
AB055,AB013,0,2,2,4
AB077 AB037,AB077 AB026,1,1,2,3
AB077 AB037,AB078 AB037,0,1,1,2
AB077 AB037,AB055 AB037,0,1,2,3
AB077 AB037,AB077 AB065,1,1,1,2
AB077 AB037,AB061 AB037,0,1,1,2
AB077 AB037,AB077 A305,1,1,1,2
AB077 AB037,AB077 AB031,1,1,1,2
AB077 AB037,AB067 AB037,0,1,1,2
AB077 AB037,AB077 AB046,1,1,1,2
AB077 AB037,AB027 AB037,0,1,1,2
AB077 AB037,AB051 AB037,0,1,1,2
AB077 AB037,AB077 AB016,1,1,1,2
AB077 AB037,AB057 AB037,0,1,1,2
AB077 AB037,AB077 AB007,1,1,2,3
AB058 AB029,AB058 AB003,1,1,1,2
AB079,AB065,0,3,2,5
AB079,A717,0,3,1,4
AB079,AB131,0,3,1,4
AB079,AB045,0,3,3,6
AB079,A629,0,3,1,4
AB079,A301,0,3,2,5
AB079,AB046,0,3,2,5
AB079,A303,0,3,2,5
AB079,AB009,0,3,4,7
AB079,A651,0,3,1,4
AB079,AB017,0,3,3,6
AB079,AB058,0,3,2,5
AB079,AB040,0,3,2,5
AB079,N800,0,3,1,4
AB079,A335,0,3,1,4
AB079,A306,0,3,1,4
AB079,AB020,0,3,1,4
AB079,AB080,0,3,4,7
AB079,AB030,0,3,1,4
AB079,A640,0,3,1,4
AB079,A501,0,3,1,4
AB079,A411,0,3,2,5
AB079,AB043,0,3,1,4
AB079,A328,0,3,1,4
AB079,A356,0,3,1,4
AB079,A357,0,3,1,4
AB079,A320,0,3,1,4
AB079,A359,0,3,1,4
AB079,A360,0,3,1,4
AB079,A314,0,3,1,4
AB079,AB005,0,3,1,4
AB079,A309,0,3,3,4
AB079,AB013,0,3,2,5
AB081 AB079 AB006,AB081 AB073 AB006,1,1,1,2
AB026 AB080,AB069 AB080,0,1,1,2
AB026 AB080,AB026 AB031,1,1,1,2
AB026 AB080,AB026 AB006,1,1,1,2
AB026 AB080,AB026 AB057,1,1,1,2
AB026 AB080,AB026 AB039,1,1,1,2
AB026 AB080,AB028 AB080,0,1,1,2
AB059 AB073,AB059 AB060,1,1,1,2
AB059 AB073,AB059 AB057,1,1,1,2
AB059 AB073,AB008 AB073,0,1,2,3
AB059 AB073,AB059 AB010,1,1,1,2
AB059 AB073,AB059 AB059,1,1,1,2
AB059 AB073,AB030 AB073,0,1,1,2
AB059 AB073,AB003 AB073,0,1,1,2
AB059 AB073,AB038 AB073,0,1,1,2
AB059 AB073,AB059 AB044,1,1,1,2
AB059 AB073,AB118 AB073,0,1,1,2
AB059 AB073,AB061 AB073,0,1,1,2
AB065,A717,0,2,1,3
AB065,AB131,0,2,1,3
AB065,AB045,0,2,3,5
AB065,A629,0,2,1,3
AB065,A301,0,2,2,4
AB065,AB046,0,2,2,4
AB065,A303,0,2,2,4
AB065,AB009,0,2,4,6
AB065,A651,0,2,1,3
AB065,AB017,0,2,3,5
AB065,AB058,0,2,2,4
AB065,AB040,0,2,2,4
AB065,N800,0,2,1,3
AB065,A335,0,2,1,3
AB065,A306,0,2,1,3
AB065,AB020,0,2,1,3
AB065,AB080,0,2,4,6
AB065,AB030,0,2,1,3
AB065,A640,0,2,1,3
AB065,A501,0,2,1,3
AB065,A411,0,2,2,4
AB065,AB043,0,2,1,3
AB065,A328,0,2,1,3
AB065,A356,0,2,1,3
AB065,A357,0,2,1,3
AB065,A320,0,2,1,3
AB065,A359,0,2,1,3
AB065,A360,0,2,1,3
AB065,A314,0,2,1,3
AB065,AB005,0,2,1,3
AB065,A309,0,2,3,3
AB065,AB013,0,2,2,4
AB001 AB059 AB060,AB001 AB059 AB027,2,1,1,2
AB001 AB059 AB060,AB039 AB059 AB060,0,1,1,2
AB039 AB059 AB057,AB039 AB059 AB060,2,1,1,2
A717,AB131,0,1,1,2
A717,AB045,0,1,3,4
A717,A629,0,1,1,2
A717,A301,0,1,2,3
A717,AB046,0,1,2,3
A717,A303,0,1,2,3
A717,AB009,0,1,4,5
A717,A651,0,1,1,2
A717,AB017,0,1,3,4
A717,AB058,0,1,2,3
A717,AB040,0,1,2,3
A717,N800,0,1,1,2
A717,A335,0,1,1,2
A717,A306,0,1,1,2
A717,AB020,0,1,1,2
A717,AB080,0,1,4,5
A717,AB030,0,1,1,2
A717,A640,0,1,1,2
A717,A501,0,1,1,2
A717,A411,0,1,2,3
A717,AB043,0,1,1,2
A717,A328,0,1,1,2
A717,A356,0,1,1,2
A717,A357,0,1,1,2
A717,A320,0,1,1,2
A717,A359,0,1,1,2
A717,A360,0,1,1,2
A717,A314,0,1,1,2
A717,AB005,0,1,1,2
A717,A309,0,1,3,2
A717,AB013,0,1,2,3
AB080 A321,AB017 A321,0,1,1,2
AB080 A321,AB080 AB017,1,1,1,2
AB080 A321,AB081 A321,0,1,1,2
AB080 A321,AB080 AB065,1,1,1,2
AB051 AB067,AB051 AB057,1,1,1,2
AB051 AB067,AB006 AB067,0,1,1,2
AB051 AB067,AB016 AB067,0,1,1,2
AB051 AB067,AB051 AB060,1,1,1,2
AB051 AB067,AB051 AB077,1,1,1,2
AB051 AB067,AB051 AB053,1,1,1,2
AB051 AB067,AB051 AB037,1,1,1,2
AB051 AB067,AB041 AB067,0,1,1,2
AB051 AB067,AB051 AB065,1,1,1,2
AB051 AB067,AB057 AB067,0,1,1,2
AB051 AB067,AB007 AB067,0,1,1,2
AB056 AB030 AB006,AB056 AB030 AB040,2,3,1,3
AB041 AB100,AB041 AB077,1,1,5,6
AB041 AB100,AB041 AB069,1,1,2,3
AB041 AB100,AB041 AB050,1,1,1,2
AB041 AB100,AB041 AB006,1,1,1,2
AB041 AB100,AB041 AB067,1,1,1,2
AB077 AB026,AB077 AB065,1,2,1,3
AB077 AB026,AB077 A305,1,2,1,3
AB077 AB026,AB077 AB031,1,2,1,3
AB077 AB026,AB077 AB046,1,2,1,3
AB077 AB026,AB077 AB016,1,2,1,3
AB077 AB026,AB077 AB007,1,2,2,4
AB001 AB056,AB001 AB017,1,1,1,2
AB001 AB056,AB001 AB077,1,1,5,6
AB001 AB056,AB008 AB056,0,1,1,2
AB001 AB056,AB001 AB060,1,1,1,2
AB069 AB003 AB053,AB081 AB003 AB053,0,1,1,2
AB081 AB030,AB081 AB077,1,2,1,3
AB081 AB030,A358 AB030,0,2,1,3
AB081 AB030,AB081 AB039,1,2,1,3
AB081 AB030,AB081 A321,1,2,1,3
AB081 AB030,AB081 AB060,1,2,1,3
AB078 AB037,AB055 AB037,0,1,2,3
AB078 AB037,AB078 AB077,1,1,1,2
AB078 AB037,AB061 AB037,0,1,1,2
AB078 AB037,AB078 AB050,1,1,2,3
AB078 AB037,AB067 AB037,0,1,1,2
AB078 AB037,AB027 AB037,0,1,1,2
AB078 AB037,AB051 AB037,0,1,1,2
AB078 AB037,AB057 AB037,0,1,1,2
AB051 AB057,AB059 AB057,0,1,1,2
AB051 AB057,AB008 AB057,0,1,2,3
AB051 AB057,AB026 AB057,0,1,1,2
AB051 AB057,AB028 AB057,0,1,1,2
AB051 AB057,AB051 AB060,1,1,1,2
AB051 AB057,AB051 AB077,1,1,1,2
AB051 AB057,AB040 AB057,0,1,1,2
AB051 AB057,AB051 AB053,1,1,1,2
AB051 AB057,AB051 AB037,1,1,1,2
AB051 AB057,AB051 AB065,1,1,1,2
AB065 AB060,AB059 AB060,0,1,1,2
AB065 AB060,AB057 AB060,0,1,1,2
AB065 AB060,AB051 AB060,0,1,1,2
AB065 AB060,AB001 AB060,0,1,1,2
AB065 AB060,AB081 AB060,0,1,1,2
AB055 AB037,AB061 AB037,0,2,1,3
AB055 AB037,AB067 AB037,0,2,1,3
AB055 AB037,AB055 AB009,1,2,1,3
AB055 AB037,AB027 AB037,0,2,1,3
AB055 AB037,AB051 AB037,0,2,1,3
AB055 AB037,AB057 AB037,0,2,1,3
AB004 AB044,AB004 A301,1,1,2,3
AB004 AB044,AB004 AB053,1,1,2,3
AB004 AB044,AB002 AB044,0,1,1,2
AB004 AB044,AB004 AB079,1,1,1,2
AB004 AB044,AB004 AB123,1,1,1,2
AB004 AB044,AB059 AB044,0,1,1,2
AB004 AB044,AB004 AB004,1,1,1,2
AB067 AB027 AB066,AB067 AB027 AB017,2,1,1,2
AB078 AB077,AB078 AB050,1,1,2,3
AB078 AB077,AB001 AB077,0,1,5,6
AB078 AB077,AB041 AB077,0,1,5,6
AB078 AB077,AB081 AB077,0,1,1,2
AB078 AB077,AB051 AB077,0,1,1,2
AB078 AB077,AB038 AB077,0,1,1,2
AB007 AB045,AB007 AB041,1,1,1,2
AB007 AB045,AB050 AB045,0,1,1,2
AB007 AB045,AB008 AB045,0,1,1,2
AB007 AB045,AB028 AB045,0,1,1,2
AB007 AB045,AB007 AB007,1,1,1,2
AB007 AB045,AB007 AB067,1,1,1,2
AB077 AB065,AB077 A305,1,1,1,2
AB077 AB065,AB077 AB031,1,1,1,2
AB077 AB065,AB077 AB046,1,1,1,2
AB077 AB065,AB077 AB016,1,1,1,2
AB077 AB065,AB077 AB007,1,1,2,3
AB077 AB065,AB051 AB065,0,1,1,2
AB077 AB065,AB010 AB065,0,1,1,2
AB077 AB065,AB080 AB065,0,1,1,2
AB031 AB080 AB002,AB081 AB080 AB002,0,1,1,2
AB001 AB059 AB027,AB077 AB059 AB027,0,1,1,2
AB001 AB059 AB027,AB066 AB059 AB027,0,1,1,2
AB001 AB059 AB027,AB008 AB059 AB027,0,1,1,2
AB059 AB060,AB059 AB057,1,1,1,2
AB059 AB060,AB059 AB010,1,1,1,2
AB059 AB060,AB059 AB059,1,1,1,2
AB059 AB060,AB057 AB060,0,1,1,2
AB059 AB060,AB051 AB060,0,1,1,2
AB059 AB060,AB001 AB060,0,1,1,2
AB059 AB060,AB081 AB060,0,1,1,2
AB059 AB060,AB059 AB044,1,1,1,2
AB131,AB045,0,1,3,4
AB131,A629,0,1,1,2
AB131,A301,0,1,2,3
AB131,AB046,0,1,2,3
AB131,A303,0,1,2,3
AB131,AB009,0,1,4,5
AB131,A651,0,1,1,2
AB131,AB017,0,1,3,4
AB131,AB058,0,1,2,3
AB131,AB040,0,1,2,3
AB131,N800,0,1,1,2
AB131,A335,0,1,1,2
AB131,A306,0,1,1,2
AB131,AB020,0,1,1,2
AB131,AB080,0,1,4,5
AB131,AB030,0,1,1,2
AB131,A640,0,1,1,2
AB131,A501,0,1,1,2
AB131,A411,0,1,2,3
AB131,AB043,0,1,1,2
AB131,A328,0,1,1,2
AB131,A356,0,1,1,2
AB131,A357,0,1,1,2
AB131,A320,0,1,1,2
AB131,A359,0,1,1,2
AB131,A360,0,1,1,2
AB131,A314,0,1,1,2
AB131,AB005,0,1,1,2
AB131,A309,0,1,3,2
AB131,AB013,0,1,2,3
AB004 A301,AB004 AB053,1,2,2,4
AB004 A301,AB008 A301,0,2,1,3
AB004 A301,AB004 AB079,1,2,1,3
AB004 A301,AB004 AB123,1,2,1,3
AB004 A301,AB004 AB004,1,2,1,3
AB004 AB053,AB004 AB079,1,2,1,3
AB004 AB053,AB037 AB053,0,2,1,3
AB004 AB053,AB051 AB053,0,2,1,2
AB004 AB053,AB004 AB123,1,2,1,3
AB004 AB053,AB031 AB053,0,2,1,3
AB004 AB053,AB004 AB004,1,2,1,3
AB067 AB007 AB030,AB054 AB007 AB030,0,1,2,3
AB061 AB037,AB067 AB037,0,1,1,2
AB061 AB037,AB027 AB037,0,1,1,2
AB061 AB037,AB051 AB037,0,1,1,2
AB061 AB037,AB057 AB037,0,1,1,2
AB061 AB037,AB061 AB073,1,1,1,2
A318 A306,A352 A306,0,1,1,2
AB069 AB080,AB069 AB058,1,1,1,2
AB069 AB080,AB028 AB080,0,1,1,2
AB003 AB059 AB024,AB003 AB059 AB001,2,2,2,4
AB045 AB007,AB057 AB007,0,1,1,2
AB045 AB007,AB077 AB007,0,1,2,3
AB045 AB007,AB007 AB007,0,1,1,2
AB021 AB069,AB041 AB069,0,1,2,3
AB021 AB069,AB021 AB118,1,1,3,4
AB001 AB017,AB001 AB077,1,1,5,6
AB001 AB017,AB001 AB060,1,1,1,2
AB001 AB017,AB080 AB017,0,1,1,2
AB001 AB017,AB003 AB017,0,1,1,2
AB041 AB073 AB059,AB008 AB073 AB059,0,1,1,2
AB026 AB031,AB077 AB031,0,1,1,2
AB026 AB031,AB026 AB006,1,1,1,2
AB026 AB031,AB026 AB057,1,1,1,2
AB026 AB031,AB026 AB039,1,1,1,2
AB026 AB031,AB057 AB031,0,1,1,2
AB045,A629,0,3,1,4
AB045,A301,0,3,2,5
AB045,AB046,0,3,2,5
AB045,A303,0,3,2,5
AB045,AB009,0,3,4,7
AB045,A651,0,3,1,4
AB045,AB017,0,3,3,6
AB045,AB058,0,3,2,5
AB045,AB040,0,3,2,5
AB045,N800,0,3,1,4
AB045,A335,0,3,1,4
AB045,A306,0,3,1,4
AB045,AB020,0,3,1,4
AB045,AB080,0,3,4,7
AB045,AB030,0,3,1,4
AB045,A640,0,3,1,4
AB045,A501,0,3,1,4
AB045,A411,0,3,2,5
AB045,AB043,0,3,1,4
AB045,A328,0,3,1,4
AB045,A356,0,3,1,4
AB045,A357,0,3,1,4
AB045,A320,0,3,1,4
AB045,A359,0,3,1,4
AB045,A360,0,3,1,4
AB045,A314,0,3,1,4
AB045,AB005,0,3,1,4
AB045,A309,0,3,3,4
AB045,AB013,0,3,2,5
AB007 AB027 AB007 AB006,AB007 AB060 AB007 AB006,1,1,1,2
AB002 AB044,AB002 AB038,1,1,1,2
AB002 AB044,AB059 AB044,0,1,1,2
AB078 AB050,AB041 AB050,0,2,1,3
AB078 AB050,AB031 AB050,0,2,1,3
AB077 A305,AB077 AB031,1,1,1,2
AB077 A305,AB009 A305,0,1,1,2
AB077 A305,AB077 AB046,1,1,1,2
AB077 A305,AB077 AB016,1,1,1,2
AB077 A305,AB077 AB007,1,1,2,3
AB008 AB041,AB008 AB073,1,1,2,3
AB008 AB041,AB008 AB059,1,1,1,2
AB008 AB041,AB008 A301,1,1,1,2
AB008 AB041,AB007 AB041,0,1,1,2
AB008 AB041,AB028 AB041,0,1,1,2
AB008 AB041,AB008 AB057,1,1,2,3
AB008 AB041,AB057 AB041,0,1,1,2
AB008 AB041,AB008 AB039,1,1,1,2
AB008 AB041,AB008 AB056,1,1,1,2
AB008 AB041,AB008 AB001,1,1,1,2
AB008 AB041,AB008 AB045,1,1,1,2
AB001 AB077,AB041 AB077,0,5,5,10
AB001 AB077,AB081 AB077,0,5,1,6
AB001 AB077,AB051 AB077,0,5,1,6
AB001 AB077,AB038 AB077,0,5,1,6
AB001 AB077,AB001 AB060,1,5,1,6
AB028 AB076,AB028 A331,1,8,1,9
AB028 AB076,AB028 AB041,1,8,1,9
AB028 AB076,AB028 AB057,1,8,1,9
AB028 AB076,AB028 AB045,1,8,1,9
AB028 AB076,AB028 AB001,1,8,2,10
AB028 AB076,AB028 AB009,1,8,2,9
AB028 AB076,AB029 AB076,0,8,1,9
AB028 AB076,AB028 AB080,1,8,1,9
AB041 AB077,AB041 AB069,1,5,2,7
AB041 AB077,AB041 AB050,1,5,1,6
AB041 AB077,AB041 AB006,1,5,1,6
AB041 AB077,AB081 AB077,0,5,1,6
AB041 AB077,AB051 AB077,0,5,1,6
AB041 AB077,AB038 AB077,0,5,1,6
AB041 AB077,AB041 AB067,1,5,1,6
AB041 AB069,AB041 AB050,1,2,1,3
AB041 AB069,AB041 AB006,1,2,1,3
AB041 AB069,AB041 AB067,1,2,1,3
A629,A301,0,1,2,3
A629,AB046,0,1,2,3
A629,A303,0,1,2,3
A629,AB009,0,1,4,5
A629,A651,0,1,1,2
A629,AB017,0,1,3,4
A629,AB058,0,1,2,3
A629,AB040,0,1,2,3
A629,N800,0,1,1,2
A629,A335,0,1,1,2
A629,A306,0,1,1,2
A629,AB020,0,1,1,2
A629,AB080,0,1,4,5
A629,AB030,0,1,1,2
A629,A640,0,1,1,2
A629,A501,0,1,1,2
A629,A411,0,1,2,3
A629,AB043,0,1,1,2
A629,A328,0,1,1,2
A629,A356,0,1,1,2
A629,A357,0,1,1,2
A629,A320,0,1,1,2
A629,A359,0,1,1,2
A629,A360,0,1,1,2
A629,A314,0,1,1,2
A629,AB005,0,1,1,2
A629,A309,0,1,3,2
A629,AB013,0,1,2,3
AB046 AB059 AB006,AB008 AB059 AB006,0,1,1,2
A301,AB046,0,2,2,4
A301,A303,0,2,2,4
A301,AB009,0,2,4,6
A301,A651,0,2,1,3
A301,AB017,0,2,3,5
A301,AB058,0,2,2,4
A301,AB040,0,2,2,4
A301,N800,0,2,1,3
A301,A335,0,2,1,3
A301,A306,0,2,1,3
A301,AB020,0,2,1,3
A301,AB080,0,2,4,6
A301,AB030,0,2,1,3
A301,A640,0,2,1,3
A301,A501,0,2,1,3
A301,A411,0,2,2,4
A301,AB043,0,2,1,3
A301,A328,0,2,1,3
A301,A356,0,2,1,3
A301,A357,0,2,1,3
A301,A320,0,2,1,3
A301,A359,0,2,1,3
A301,A360,0,2,1,3
A301,A314,0,2,1,3
A301,AB005,0,2,1,3
A301,A309,0,2,3,3
A301,AB013,0,2,2,4
AB077 AB027 AB002,AB077 AB028 AB002,1,1,1,2
AB079 AB030 AB077,AB059 AB030 AB077,0,1,1,2
AB027 AB002,AB027 AB037,1,1,1,2
AB051 AB029 AB027,AB051 AB060 AB027,1,1,1,2
AB041 AB050,AB041 AB006,1,1,1,2
AB041 AB050,AB031 AB050,0,1,1,2
AB041 AB050,AB041 AB067,1,1,1,2
AB059 AB057,AB059 AB010,1,1,1,2
AB059 AB057,AB059 AB059,1,1,1,2
AB059 AB057,AB008 AB057,0,1,2,3
AB059 AB057,AB026 AB057,0,1,1,2
AB059 AB057,AB028 AB057,0,1,1,2
AB059 AB057,AB040 AB057,0,1,1,2
AB059 AB057,AB059 AB044,1,1,1,2
AB077 AB031,AB077 AB046,1,1,1,2
AB077 AB031,AB057 AB031,0,1,1,2
AB077 AB031,AB077 AB016,1,1,1,2
AB077 AB031,AB077 AB007,1,1,2,3
AB046,A303,0,2,2,4
AB046,AB009,0,2,4,6
AB046,A651,0,2,1,3
AB046,AB017,0,2,3,5
AB046,AB058,0,2,2,4
AB046,AB040,0,2,2,4
AB046,N800,0,2,1,3
AB046,A335,0,2,1,3
AB046,A306,0,2,1,3
AB046,AB020,0,2,1,3
AB046,AB080,0,2,4,6
AB046,AB030,0,2,1,3
AB046,A640,0,2,1,3
AB046,A501,0,2,1,3
AB046,A411,0,2,2,4
AB046,AB043,0,2,1,3
AB046,A328,0,2,1,3
AB046,A356,0,2,1,3
AB046,A357,0,2,1,3
AB046,A320,0,2,1,3
AB046,A359,0,2,1,3
AB046,A360,0,2,1,3
AB046,A314,0,2,1,3
AB046,AB005,0,2,1,3
AB046,A309,0,2,3,3
AB046,AB013,0,2,2,4
AB016 AB118,AB016 AB024,1,1,1,2
AB016 AB118,AB021 AB118,0,1,3,4
AB016 AB118,AB016 AB067,1,1,1,2
A303,AB009,0,2,4,6
A303,A651,0,2,1,3
A303,AB017,0,2,3,5
A303,AB058,0,2,2,4
A303,AB040,0,2,2,4
A303,N800,0,2,1,3
A303,A335,0,2,1,3
A303,A306,0,2,1,3
A303,AB020,0,2,1,3
A303,AB080,0,2,4,6
A303,AB030,0,2,1,3
A303,A640,0,2,1,3
A303,A501,0,2,1,3
A303,A411,0,2,2,4
A303,AB043,0,2,1,3
A303,A328,0,2,1,3
A303,A356,0,2,1,3
A303,A357,0,2,1,3
A303,A320,0,2,1,3
A303,A359,0,2,1,3
A303,A360,0,2,1,3
A303,A314,0,2,1,3
A303,AB005,0,2,1,3
A303,A309,0,2,3,3
A303,AB013,0,2,2,4
AB008 AB073,AB008 AB059,1,2,1,3
AB008 AB073,AB008 A301,1,2,1,3
AB008 AB073,AB008 AB057,1,2,2,4
AB008 AB073,AB008 AB039,1,2,1,3
AB008 AB073,AB008 AB056,1,2,1,3
AB008 AB073,AB030 AB073,0,2,1,3
AB008 AB073,AB008 AB001,1,2,1,3
AB008 AB073,AB003 AB073,0,2,1,3
AB008 AB073,AB008 AB045,1,2,1,3
AB008 AB073,AB038 AB073,0,2,1,3
AB008 AB073,AB118 AB073,0,2,1,3
AB008 AB073,AB061 AB073,0,2,1,3
AB009,A651,0,4,1,5
AB009,AB017,0,4,3,7
AB009,AB058,0,4,2,6
AB009,AB040,0,4,2,6
AB009,N800,0,4,1,5
AB009,A335,0,4,1,5
AB009,A306,0,4,1,5
AB009,AB020,0,4,1,5
AB009,AB080,0,4,4,8
AB009,AB030,0,4,1,5
AB009,A640,0,4,1,5
AB009,A501,0,4,1,5
AB009,A411,0,4,2,6
AB009,AB043,0,4,1,5
AB009,A328,0,4,1,5
AB009,A356,0,4,1,5
AB009,A357,0,4,1,5
AB009,A320,0,4,1,5
AB009,A359,0,4,1,5
AB009,A360,0,4,1,5
AB009,A314,0,4,1,5
AB009,AB005,0,4,1,5
AB009,A309,0,4,3,5
AB009,AB013,0,4,2,6
AB003 AB047,AB003 AB001,1,1,1,2
AB003 AB047,AB003 AB059,1,1,1,2
AB003 AB047,AB003 AB073,1,1,1,2
AB003 AB047,AB003 AB017,1,1,1,2
AB067 AB037,AB027 AB037,0,1,1,2
AB067 AB037,AB051 AB037,0,1,1,2
AB067 AB037,AB057 AB037,0,1,1,2
AB008 AB051 AB017,AB008 AB051 AB027,2,2,1,3
AB008 AB051 AB017,AB008 A325 AB017,1,2,1,3
AB008 AB059 A350,AB008 AB059 AB027,2,1,1,2
AB008 AB059 A350,AB008 AB059 AB006,2,1,1,2
A651,AB017,0,1,3,4
A651,AB058,0,1,2,3
A651,AB040,0,1,2,3
A651,N800,0,1,1,2
A651,A335,0,1,1,2
A651,A306,0,1,1,2
A651,AB020,0,1,1,2
A651,AB080,0,1,4,5
A651,AB030,0,1,1,2
A651,A640,0,1,1,2
A651,A501,0,1,1,2
A651,A411,0,1,2,3
A651,AB043,0,1,1,2
A651,A328,0,1,1,2
A651,A356,0,1,1,2
A651,A357,0,1,1,2
A651,A320,0,1,1,2
A651,A359,0,1,1,2
A651,A360,0,1,1,2
A651,A314,0,1,1,2
A651,AB005,0,1,1,2
A651,A309,0,1,3,2
A651,AB013,0,1,2,3
AB008 AB080 AB057,AB008 AB053 AB057,1,1,1,2
AB010 AB059 AB028 AB041,AB010 AB059 AB028 AB009,3,1,1,2
AB051 AB027 AB017,AB067 AB027 AB017,0,1,1,2
AB017,AB058,0,3,2,5
AB017,AB040,0,3,2,5
AB017,N800,0,3,1,4
AB017,A335,0,3,1,4
AB017,A306,0,3,1,4
AB017,AB020,0,3,1,4
AB017,AB080,0,3,4,7
AB017,AB030,0,3,1,4
AB017,A640,0,3,1,4
AB017,A501,0,3,1,4
AB017,A411,0,3,2,5
AB017,AB043,0,3,1,4
AB017,A328,0,3,1,4
AB017,A356,0,3,1,4
AB017,A357,0,3,1,4
AB017,A320,0,3,1,4
AB017,A359,0,3,1,4
AB017,A360,0,3,1,4
AB017,A314,0,3,1,4
AB017,AB005,0,3,1,4
AB017,A309,0,3,3,4
AB017,AB013,0,3,2,5
AB058,AB040,0,2,2,4
AB058,N800,0,2,1,3
AB058,A335,0,2,1,3
AB058,A306,0,2,1,3
AB058,AB020,0,2,1,3
AB058,AB080,0,2,4,6
AB058,AB030,0,2,1,3
AB058,A640,0,2,1,3
AB058,A501,0,2,1,3
AB058,A411,0,2,2,4
AB058,AB043,0,2,1,3
AB058,A328,0,2,1,3
AB058,A356,0,2,1,3
AB058,A357,0,2,1,3
AB058,A320,0,2,1,3
AB058,A359,0,2,1,3
AB058,A360,0,2,1,3
AB058,A314,0,2,1,3
AB058,AB005,0,2,1,3
AB058,A309,0,2,3,3
AB058,AB013,0,2,2,4
AB028 A331,AB028 AB041,1,1,1,2
AB028 A331,AB028 AB057,1,1,1,2
AB028 A331,AB028 AB045,1,1,1,2
AB028 A331,AB028 AB001,1,1,2,3
AB028 A331,AB028 AB009,1,1,2,2
AB028 A331,AB028 AB080,1,1,1,2
AB040,N800,0,2,1,3
AB040,A335,0,2,1,3
AB040,A306,0,2,1,3
AB040,AB020,0,2,1,3
AB040,AB080,0,2,4,6
AB040,AB030,0,2,1,3
AB040,A640,0,2,1,3
AB040,A501,0,2,1,3
AB040,A411,0,2,2,4
AB040,AB043,0,2,1,3
AB040,A328,0,2,1,3
AB040,A356,0,2,1,3
AB040,A357,0,2,1,3
AB040,A320,0,2,1,3
AB040,A359,0,2,1,3
AB040,A360,0,2,1,3
AB040,A314,0,2,1,3
AB040,AB005,0,2,1,3
AB040,A309,0,2,3,3
AB040,AB013,0,2,2,4
AB008 AB059,AB008 A301,1,1,1,2
AB008 AB059,AB003 AB059,0,1,1,2
AB008 AB059,AB059 AB059,0,1,1,2
AB008 AB059,AB008 AB057,1,1,2,3
AB008 AB059,AB008 AB039,1,1,1,2
AB008 AB059,AB008 AB056,1,1,1,2
AB008 AB059,AB008 AB001,1,1,1,2
AB008 AB059,AB008 AB045,1,1,1,2
AB008 AB051 AB027,AB008 AB059 AB027,1,1,1,2
AB041 AB006,A301 AB006,0,1,1,2
AB041 AB006,AB073 AB006,0,1,1,2
AB041 AB006,AB026 AB006,0,1,1,2
AB041 AB006,A320 AB006,0,1,1,2
AB041 AB006,AB041 AB067,1,1,1,2
AB077 AB059 AB027,AB066 AB059 AB027,0,1,1,2
AB077 AB059 AB027,AB008 AB059 AB027,0,1,1,2
N800,A335,0,1,1,1
N800,A306,0,1,1,2
N800,AB020,0,1,1,2
N800,AB080,0,1,4,5
N800,AB030,0,1,1,2
N800,A640,0,1,1,2
N800,A501,0,1,1,2
N800,A411,0,1,2,3
N800,AB043,0,1,1,2
N800,A328,0,1,1,2
N800,A356,0,1,1,2
N800,A357,0,1,1,2
N800,A320,0,1,1,2
N800,A359,0,1,1,2
N800,A360,0,1,1,2
N800,A314,0,1,1,2
N800,AB005,0,1,1,2
N800,A309,0,1,3,2
N800,AB013,0,1,2,3
A335,A306,0,1,1,2
A335,AB020,0,1,1,2
A335,AB080,0,1,4,5
A335,AB030,0,1,1,2
A335,A640,0,1,1,2
A335,A501,0,1,1,2
A335,A411,0,1,2,3
A335,AB043,0,1,1,2
A335,A328,0,1,1,2
A335,A356,0,1,1,2
A335,A357,0,1,1,2
A335,A320,0,1,1,2
A335,A359,0,1,1,2
A335,A360,0,1,1,2
A335,A314,0,1,1,2
A335,AB005,0,1,1,2
A335,A309,0,1,3,2
A335,AB013,0,1,2,3
AB016 AB024,AB016 AB067,1,1,1,2
A306,AB020,0,1,1,2
A306,AB080,0,1,4,5
A306,AB030,0,1,1,2
A306,A640,0,1,1,2
A306,A501,0,1,1,2
A306,A411,0,1,2,3
A306,AB043,0,1,1,2
A306,A328,0,1,1,2
A306,A356,0,1,1,2
A306,A357,0,1,1,2
A306,A320,0,1,1,2
A306,A359,0,1,1,2
A306,A360,0,1,1,2
A306,A314,0,1,1,2
A306,AB005,0,1,1,2
A306,A309,0,1,3,2
A306,AB013,0,1,2,3
A301 AB006,AB073 AB006,0,1,1,2
A301 AB006,AB026 AB006,0,1,1,2
A301 AB006,A320 AB006,0,1,1,2
AB081 AB003 AB079,AB081 AB003 AB053,2,1,1,2
AB059 AB010,AB059 AB059,1,1,1,2
AB059 AB010,AB059 AB044,1,1,1,2
AB020,AB080,0,1,4,5
AB020,AB030,0,1,1,2
AB020,A640,0,1,1,2
AB020,A501,0,1,1,2
AB020,A411,0,1,2,3
AB020,AB043,0,1,1,2
AB020,A328,0,1,1,2
AB020,A356,0,1,1,2
AB020,A357,0,1,1,2
AB020,A320,0,1,1,2
AB020,A359,0,1,1,2
AB020,A360,0,1,1,2
AB020,A314,0,1,1,2
AB020,AB005,0,1,1,2
AB020,A309,0,1,3,2
AB020,AB013,0,1,2,3
AB008 A301,AB008 AB057,1,1,2,3
AB008 A301,AB008 AB039,1,1,1,2
AB008 A301,AB008 AB056,1,1,1,2
AB008 A301,AB008 AB001,1,1,1,2
AB008 A301,AB008 AB045,1,1,1,2
AB007 AB041,AB028 AB041,0,1,1,2
AB007 AB041,AB057 AB041,0,1,1,2
AB007 AB041,AB007 AB007,1,1,1,2
AB007 AB041,AB007 AB067,1,1,1,2
AB080,AB030,0,4,1,5
AB080,A640,0,4,1,5
AB080,A501,0,4,1,5
AB080,A411,0,4,2,6
AB080,AB043,0,4,1,5
AB080,A328,0,4,1,5
AB080,A356,0,4,1,5
AB080,A357,0,4,1,5
AB080,A320,0,4,1,5
AB080,A359,0,4,1,5
AB080,A360,0,4,1,5
AB080,A314,0,4,1,5
AB080,AB005,0,4,1,5
AB080,A309,0,4,3,5
AB080,AB013,0,4,2,5
AB030,A640,0,1,1,2
AB030,A501,0,1,1,2
AB030,A411,0,1,2,3
AB030,AB043,0,1,1,2
AB030,A328,0,1,1,2
AB030,A356,0,1,1,2
AB030,A357,0,1,1,2
AB030,A320,0,1,1,2
AB030,A359,0,1,1,2
AB030,A360,0,1,1,2
AB030,A314,0,1,1,2
AB030,AB005,0,1,1,2
AB030,A309,0,1,3,2
AB030,AB013,0,1,2,3
AB003 AB001,AB003 AB059,1,1,1,2
AB003 AB001,AB008 AB001,0,1,1,2
AB003 AB001,AB003 AB073,1,1,1,2
AB003 AB001,AB028 AB001,0,1,2,3
AB003 AB001,AB003 AB017,1,1,1,2
AB073 AB006,AB026 AB006,0,1,1,2
AB073 AB006,A320 AB006,0,1,1,2
AB073 AB006,AB073 AB027,1,1,1,2
AB003 AB059,AB059 AB059,0,1,1,2
AB003 AB059,AB003 AB073,1,1,1,2
AB003 AB059,AB003 AB017,1,1,1,2
AB003 AB001 AB030,AB003 AB001 AB026,2,1,1,2
AB059 AB059,AB059 AB044,1,1,1,2
AB016 AB037 AB067,AB016 AB037 AB065,2,1,1,2
AB039 AB055,AB039 AB061,1,1,1,2
AB039 AB055,AB039 AB023,1,1,1,2
AB039 AB055,AB039 AB009,1,1,1,2
AB050 AB045,AB008 AB045,0,1,1,2
AB050 AB045,AB028 AB045,0,1,1,2
AB028 AB041,AB028 AB057,1,1,1,2
AB028 AB041,AB057 AB041,0,1,1,2
AB028 AB041,AB028 AB045,1,1,1,2
AB028 AB041,AB028 AB001,1,1,2,3
AB028 AB041,AB028 AB009,1,1,2,2
AB028 AB041,AB028 AB080,1,1,1,2
AB006 AB067,AB016 AB067,0,1,1,2
AB006 AB067,AB041 AB067,0,1,1,2
AB006 AB067,AB057 AB067,0,1,1,2
AB006 AB067,AB007 AB067,0,1,1,2
AB008 AB057,AB026 AB057,0,2,1,3
AB008 AB057,AB028 AB057,0,2,1,3
AB008 AB057,AB008 AB039,1,2,1,3
AB008 AB057,AB040 AB057,0,2,1,3
AB008 AB057,AB008 AB056,1,2,1,3
AB008 AB057,AB008 AB001,1,2,1,3
AB008 AB057,AB008 AB045,1,2,1,3
AB081 AB077,AB051 AB077,0,1,1,2
AB081 AB077,AB038 AB077,0,1,1,2
AB081 AB077,AB081 AB039,1,1,1,2
AB081 AB077,AB081 A321,1,1,1,2
AB081 AB077,AB081 AB060,1,1,1,2
A640,A501,0,1,1,2
A640,A411,0,1,2,3
A640,AB043,0,1,1,2
A640,A328,0,1,1,2
A640,A356,0,1,1,2
A640,A357,0,1,1,2
A640,A320,0,1,1,2
A640,A359,0,1,1,2
A640,A360,0,1,1,2
A640,A314,0,1,1,2
A640,AB005,0,1,1,2
A640,A309,0,1,3,2
A640,AB013,0,1,2,3
A501,A411,0,1,2,3
A501,AB043,0,1,1,2
A501,A328,0,1,1,2
A501,A356,0,1,1,2
A501,A357,0,1,1,2
A501,A320,0,1,1,2
A501,A359,0,1,1,2
A501,A360,0,1,1,2
A501,A314,0,1,1,2
A501,AB005,0,1,1,2
A501,A309,0,1,3,2
A501,AB013,0,1,2,3
A411,AB043,0,2,1,3
A411,A328,0,2,1,3
A411,A356,0,2,1,3
A411,A357,0,2,1,3
A411,A320,0,2,1,3
A411,A359,0,2,1,3
A411,A360,0,2,1,3
A411,A314,0,2,1,3
A411,AB005,0,2,1,3
A411,A309,0,2,3,3
A411,AB013,0,2,2,4
AB026 AB006,AB026 AB057,1,1,1,2
AB026 AB006,AB026 AB039,1,1,1,2
AB026 AB006,A320 AB006,0,1,1,2
AB077 AB046,AB077 AB016,1,1,1,2
AB077 AB046,AB077 AB007,1,1,2,3
AB008 AB077 AB059,AB008 AB073 AB059,1,1,1,2
AB031 AB050,AB031 AB053,1,1,1,2
AB057 AB058,AB057 AB060,1,1,1,2
AB057 AB058,AB057 AB078,1,1,1,2
AB057 AB058,AB057 AB054,1,1,1,2
AB057 AB058,AB057 AB041,1,1,1,2
AB057 AB058,AB057 AB081,1,1,1,2
AB057 AB058,AB057 A304,1,1,1,2
AB057 AB058,AB057 AB031,1,1,1,2
AB057 AB058,AB057 AB007,1,1,1,2
AB057 AB058,AB069 AB058,0,1,1,2
AB057 AB058,AB057 AB037,1,1,1,2
AB057 AB058,AB057 AB040,1,1,1,2
AB057 AB058,AB057 AB067,1,1,1,2
AB057 AB058,AB057 AB003,1,1,1,2
AB016 AB067,AB041 AB067,0,1,1,2
AB016 AB067,AB057 AB067,0,1,1,2
AB016 AB067,AB007 AB067,0,1,1,2
AB055 AB009,AB039 AB009,0,1,1,2
AB055 AB009,AB028 AB009,0,1,2,2
AB026 AB057,AB028 AB057,0,1,1,2
AB026 AB057,AB026 AB039,1,1,1,2
AB026 AB057,AB040 AB057,0,1,1,2
AB030 AB039,AB008 AB039,0,1,1,2
AB030 AB039,AB026 AB039,0,1,1,2
AB030 AB039,AB030 AB073,1,1,1,2
AB030 AB039,AB081 AB039,0,1,1,2
AB077 AB028 AB077,AB077 AB028 AB002,2,1,1,2
AB057 AB060,AB057 AB078,1,1,1,2
AB057 AB060,AB057 AB054,1,1,1,2
AB057 AB060,AB057 AB041,1,1,1,2
AB057 AB060,AB051 AB060,0,1,1,2
AB057 AB060,AB057 AB081,1,1,1,2
AB057 AB060,AB057 A304,1,1,1,2
AB057 AB060,AB057 AB031,1,1,1,2
AB057 AB060,AB001 AB060,0,1,1,2
AB057 AB060,AB057 AB007,1,1,1,2
AB057 AB060,AB057 AB037,1,1,1,2
AB057 AB060,AB057 AB040,1,1,1,2
AB057 AB060,AB081 AB060,0,1,1,2
AB057 AB060,AB057 AB067,1,1,1,2
AB057 AB060,AB057 AB003,1,1,1,2
AB057 AB031 AB031 AB060 AB080,AB057 AB031 AB031 AB060 AB013,4,1,1,2
AB028 AB057,AB040 AB057,0,1,1,2
AB028 AB057,AB028 AB045,1,1,1,2
AB028 AB057,AB028 AB001,1,1,2,3
AB028 AB057,AB028 AB009,1,1,2,2
AB028 AB057,AB028 AB080,1,1,1,2
AB057 AB078,AB057 AB054,1,1,1,2
AB057 AB078,AB057 AB041,1,1,1,2
AB057 AB078,AB057 AB081,1,1,1,2
AB057 AB078,AB057 A304,1,1,1,2
AB057 AB078,AB057 AB031,1,1,1,2
AB057 AB078,AB057 AB007,1,1,1,2
AB057 AB078,AB057 AB037,1,1,1,2
AB057 AB078,AB057 AB040,1,1,1,2
AB057 AB078,AB057 AB067,1,1,1,2
AB057 AB078,AB057 AB003,1,1,1,2
AB057 AB054,AB057 AB041,1,1,1,2
AB057 AB054,AB057 AB081,1,1,1,2
AB057 AB054,AB057 A304,1,1,1,2
AB057 AB054,AB057 AB031,1,1,1,2
AB057 AB054,AB057 AB007,1,1,1,2
AB057 AB054,AB057 AB037,1,1,1,2
AB057 AB054,AB057 AB040,1,1,1,2
AB057 AB054,AB057 AB067,1,1,1,2
AB057 AB054,AB057 AB003,1,1,1,2
AB057 AB041,AB057 AB081,1,1,1,2
AB057 AB041,AB057 A304,1,1,1,2
AB057 AB041,AB057 AB031,1,1,1,2
AB057 AB041,AB057 AB007,1,1,1,2
AB057 AB041,AB057 AB037,1,1,1,2
AB057 AB041,AB057 AB040,1,1,1,2
AB057 AB041,AB057 AB067,1,1,1,2
AB057 AB041,AB057 AB003,1,1,1,2
AB010 AB006 AB008,AB010 AB006 AB006,2,1,1,2
AB008 AB039,AB026 AB039,0,1,1,2
AB008 AB039,AB008 AB056,1,1,1,2
AB008 AB039,AB008 AB001,1,1,1,2
AB008 AB039,AB008 AB045,1,1,1,2
AB008 AB039,AB081 AB039,0,1,1,2
AB051 AB060,AB051 AB077,1,1,1,2
AB051 AB060,AB051 AB053,1,1,1,2
AB051 AB060,AB051 AB037,1,1,1,2
AB051 AB060,AB001 AB060,0,1,1,2
AB051 AB060,AB081 AB060,0,1,1,2
AB051 AB060,AB051 AB065,1,1,1,2
AB027 AB037,AB051 AB037,0,1,1,2
AB027 AB037,AB057 AB037,0,1,1,2
AB057 AB081,AB057 A304,1,1,1,2
AB057 AB081,AB057 AB031,1,1,1,2
AB057 AB081,AB057 AB007,1,1,1,2
AB057 AB081,AB057 AB037,1,1,1,2
AB057 AB081,AB057 AB040,1,1,1,2
AB057 AB081,AB057 AB067,1,1,1,2
AB057 AB081,AB057 AB003,1,1,1,2
AB051 AB077,AB038 AB077,0,1,1,2
AB051 AB077,AB051 AB053,1,1,1,2
AB051 AB077,AB051 AB037,1,1,1,2
AB051 AB077,AB051 AB065,1,1,1,2
AB043,A328,0,1,1,2
AB043,A356,0,1,1,2
AB043,A357,0,1,1,2
AB043,A320,0,1,1,2
AB043,A359,0,1,1,2
AB043,A360,0,1,1,2
AB043,A314,0,1,1,2
AB043,AB005,0,1,1,2
AB043,A309,0,1,3,2
AB043,AB013,0,1,2,3
AB038 AB077,AB038 AB073,1,1,1,2
AB038 AB077,AB038 AB082,1,1,1,2
AB026 AB039,AB081 AB039,0,1,1,2
AB008 AB053 AB003,AB008 AB053 AB057,2,1,1,2
AB028 AB006 AB004,AB028 AB006 AB054,2,1,1,2
AB028 AB006 AB004,AB059 AB006 AB004,0,1,1,2
A328,A356,0,1,1,2
A328,A357,0,1,1,2
A328,A320,0,1,1,2
A328,A359,0,1,1,2
A328,A360,0,1,1,2
A328,A314,0,1,1,2
A328,AB005,0,1,1,2
A328,A309,0,1,3,2
A328,AB013,0,1,2,3
A356,A357,0,1,1,2
A356,A320,0,1,1,2
A356,A359,0,1,1,2
A356,A360,0,1,1,2
A356,A314,0,1,1,2
A356,AB005,0,1,1,2
A356,A309,0,1,3,2
A356,AB013,0,1,2,3
AB004 AB079,AB004 AB123,1,1,1,2
AB004 AB079,AB004 AB004,1,1,1,2
AB057 A304,AB057 AB031,1,1,1,2
AB057 A304,AB057 AB007,1,1,1,2
AB057 A304,AB057 AB037,1,1,1,2
AB057 A304,AB057 AB040,1,1,1,2
AB057 A304,AB057 AB067,1,1,1,2
AB057 A304,AB057 AB003,1,1,1,2
AB080 AB004 AB027,AB080 AB004 AB037,2,1,1,2
A357,A320,0,1,1,2
A357,A359,0,1,1,2
A357,A360,0,1,1,2
A357,A314,0,1,1,2
A357,AB005,0,1,1,2
A357,A309,0,1,3,2
A357,AB013,0,1,2,3
AB057 AB031,AB057 AB007,1,1,1,2
AB057 AB031,AB057 AB037,1,1,1,2
AB057 AB031,AB057 AB040,1,1,1,2
AB057 AB031,AB057 AB067,1,1,1,2
AB057 AB031,AB057 AB003,1,1,1,2
A320,A359,0,1,1,2
A320,A360,0,1,1,2
A320,A314,0,1,1,2
A320,AB005,0,1,1,2
A320,A309,0,1,3,2
A320,AB013,0,1,2,3
A359,A360,0,1,1,2
A359,A314,0,1,1,2
A359,AB005,0,1,1,2
A359,A309,0,1,3,2
A359,AB013,0,1,2,3
A360,A314,0,1,1,2
A360,AB005,0,1,1,2
A360,A309,0,1,3,2
A360,AB013,0,1,2,3
AB039 AB061,AB039 AB023,1,1,1,2
AB039 AB061,AB039 AB009,1,1,1,2
A314,AB005,0,1,1,2
A314,A309,0,1,3,2
A314,AB013,0,1,2,3
AB008 AB056,AB008 AB001,1,1,1,2
AB008 AB056,AB008 AB045,1,1,1,2
AB037 AB053,AB051 AB053,0,1,1,2
AB037 AB053,AB031 AB053,0,1,1,2
AB051 AB053,AB051 AB037,1,1,1,2
AB051 AB053,AB031 AB053,0,1,1,2
AB051 AB053,AB051 AB065,1,1,1,2
AB008 AB073 AB001 AB061,AB008 AB073 AB001 AB010,3,1,1,2
AB005,A309,0,1,3,2
AB005,AB013,0,1,2,3
AB051 AB037,AB057 AB037,0,1,1,2
AB051 AB037,AB051 AB065,1,1,1,2
AB001 AB060,AB081 AB060,0,1,1,2
AB057 AB007,AB057 AB037,1,1,1,2
AB057 AB007,AB057 AB040,1,1,1,2
AB057 AB007,AB077 AB007,0,1,2,3
AB057 AB007,AB007 AB007,0,1,1,2
AB057 AB007,AB057 AB067,1,1,1,2
AB057 AB007,AB057 AB003,1,1,1,2
AB077 AB016,AB077 AB007,1,1,2,3
AB066 AB059 AB027,AB008 AB059 AB027,0,1,1,2
AB030 AB073,AB003 AB073,0,1,1,2
AB030 AB073,AB038 AB073,0,1,1,2
AB030 AB073,AB118 AB073,0,1,1,2
AB030 AB073,AB061 AB073,0,1,1,2
AB080 AB077 AB028 AB059,AB080 AB077 AB028 AB009,3,2,1,3
AB057 AB037,AB057 AB040,1,1,1,2
AB057 AB037,AB057 AB067,1,1,1,2
AB057 AB037,AB057 AB003,1,1,1,2
A309,AB013,0,3,2,3
A309 AB067 AB050,A309 AB001 AB050,1,1,1,1
A309 AB053 AB001 AB065,A309 AB053 AB054 AB065,2,1,1,1
AB017 A321,AB081 A321,0,1,1,2
AB008 AB001,AB008 AB045,1,1,1,2
AB008 AB001,AB028 AB001,0,1,2,3
AB003 AB073,AB038 AB073,0,1,1,2
AB003 AB073,AB118 AB073,0,1,1,2
AB003 AB073,AB061 AB073,0,1,1,2
AB003 AB073,AB003 AB017,1,1,1,2
AB080 AB017,AB003 AB017,0,1,1,2
AB080 AB017,AB080 AB065,1,1,1,2
AB008 AB045,AB028 AB045,0,1,1,2
AB028 AB045,AB028 AB001,1,1,2,3
AB028 AB045,AB028 AB009,1,1,2,2
AB028 AB045,AB028 AB080,1,1,1,2
AB058 AB003,AB057 AB003,0,1,1,2
AB081 AB039,AB081 A321,1,1,1,2
AB081 AB039,AB081 AB060,1,1,1,2
AB057 AB040,AB057 AB067,1,1,1,2
AB057 AB040,AB057 AB003,1,1,1,2
AB041 AB067,AB057 AB067,0,1,1,2
AB041 AB067,AB007 AB067,0,1,1,2
AB077 AB007,AB007 AB007,0,2,1,3
AB081 A321,AB081 AB060,1,1,1,2
AB060 AB004,AB004 AB004,0,1,1,2
AB038 AB073,AB118 AB073,0,1,1,2
AB038 AB073,AB061 AB073,0,1,1,2
AB038 AB073,AB038 AB082,1,1,1,2
AB004 AB123,AB004 AB004,1,1,1,2
AB039 AB023,AB039 AB009,1,1,1,2
AB118 AB073,AB061 AB073,0,1,1,2
AB028 AB001,AB028 AB009,1,2,2,3
AB028 AB001,AB028 AB080,1,2,1,3
AB051 AB065,AB010 AB065,0,1,1,2
AB051 AB065,AB080 AB065,0,1,1,2
AB007 AB007,AB007 AB067,1,1,1,2
AB057 AB067,AB007 AB067,0,1,1,2
AB057 AB067,AB057 AB003,1,1,1,2
AB039 AB009,AB028 AB009,0,1,2,2
AB008 AB037 AB026,AB008 AB037 AB077,2,1,1,2
AB028 AB009,AB028 AB080,1,2,1,2
AB010 AB065,AB080 AB065,0,1,1,2
AB008 AB059 AB027,AB008 AB059 AB006,2,1,1,2
